insert into CompetitionEnrolments (archer_id, competition_id) values ('3', '28');
insert into RoundScores (round_score_id, archer_id, competition_id, round_score_date_time, equipment_id, round_def_id, total_score, category_id) values ('1', '3', '28', '2023-04-23 17:25:7.85', 'L', '4', '683', '28');
insert into RangeScores (range_score_id, round_score_id, round_range_id) values ('1', '1', '13');
insert into EndScores (end_id, range_score_id, end_number, score_arrow1, score_arrow2, score_arrow3, score_arrow4, score_arrow5, score_arrow6) values ('1', '1', '1', '8', '5', '3', '2', '2', '1');
insert into EndScores (end_id, range_score_id, end_number, score_arrow1, score_arrow2, score_arrow3, score_arrow4, score_arrow5, score_arrow6) values ('2', '1', '2', '9', '8', '7', '7', '3', '1');
insert into EndScores (end_id, range_score_id, end_number, score_arrow1, score_arrow2, score_arrow3, score_arrow4, score_arrow5, score_arrow6) values ('3', '1', '3', '9', '5', '5', '4', '4', '2');
insert into EndScores (end_id, range_score_id, end_number, score_arrow1, score_arrow2, score_arrow3, score_arrow4, score_arrow5, score_arrow6) values ('4', '1', '4', '8', '7', '6', '4', '0', '0');
insert into EndScores (end_id, range_score_id, end_number, score_arrow1, score_arrow2, score_arrow3, score_arrow4, score_arrow5, score_arrow6) values ('5', '1', '5', '9', '8', '6', '5', '4', '1');
insert into EndScores (end_id, range_score_id, end_number, score_arrow1, score_arrow2, score_arrow3, score_arrow4, score_arrow5, score_arrow6) values ('6', '1', '6', '9', '9', '7', '7', '6', '3');
insert into RangeScores (range_score_id, round_score_id, round_range_id) values ('2', '1', '14');
insert into EndScores (end_id, range_score_id, end_number, score_arrow1, score_arrow2, score_arrow3, score_arrow4, score_arrow5, score_arrow6) values ('7', '2', '1', '6', '5', '4', '2', '1', '1');
insert into EndScores (end_id, range_score_id, end_number, score_arrow1, score_arrow2, score_arrow3, score_arrow4, score_arrow5, score_arrow6) values ('8', '2', '2', '9', '8', '7', '3', '1', '0');
insert into EndScores (end_id, range_score_id, end_number, score_arrow1, score_arrow2, score_arrow3, score_arrow4, score_arrow5, score_arrow6) values ('9', '2', '3', '8', '5', '4', '3', '3', '1');
insert into EndScores (end_id, range_score_id, end_number, score_arrow1, score_arrow2, score_arrow3, score_arrow4, score_arrow5, score_arrow6) values ('10', '2', '4', '8', '7', '5', '2', '1', '0');
insert into EndScores (end_id, range_score_id, end_number, score_arrow1, score_arrow2, score_arrow3, score_arrow4, score_arrow5, score_arrow6) values ('11', '2', '5', '9', '8', '6', '6', '6', '0');
insert into EndScores (end_id, range_score_id, end_number, score_arrow1, score_arrow2, score_arrow3, score_arrow4, score_arrow5, score_arrow6) values ('12', '2', '6', '9', '5', '4', '2', '0', '0');
insert into RangeScores (range_score_id, round_score_id, round_range_id) values ('3', '1', '15');
insert into EndScores (end_id, range_score_id, end_number, score_arrow1, score_arrow2, score_arrow3, score_arrow4, score_arrow5, score_arrow6) values ('13', '3', '1', '9', '8', '6', '6', '3', '1');
insert into EndScores (end_id, range_score_id, end_number, score_arrow1, score_arrow2, score_arrow3, score_arrow4, score_arrow5, score_arrow6) values ('14', '3', '2', '9', '9', '6', '6', '3', '3');
insert into EndScores (end_id, range_score_id, end_number, score_arrow1, score_arrow2, score_arrow3, score_arrow4, score_arrow5, score_arrow6) values ('15', '3', '3', '9', '8', '6', '5', '4', '1');
insert into EndScores (end_id, range_score_id, end_number, score_arrow1, score_arrow2, score_arrow3, score_arrow4, score_arrow5, score_arrow6) values ('16', '3', '4', '8', '7', '3', '3', '2', '0');
insert into EndScores (end_id, range_score_id, end_number, score_arrow1, score_arrow2, score_arrow3, score_arrow4, score_arrow5, score_arrow6) values ('17', '3', '5', '8', '7', '5', '2', '0', '0');
insert into EndScores (end_id, range_score_id, end_number, score_arrow1, score_arrow2, score_arrow3, score_arrow4, score_arrow5, score_arrow6) values ('18', '3', '6', '8', '7', '6', '6', '1', '0');
insert into RangeScores (range_score_id, round_score_id, round_range_id) values ('4', '1', '16');
insert into EndScores (end_id, range_score_id, end_number, score_arrow1, score_arrow2, score_arrow3, score_arrow4, score_arrow5, score_arrow6) values ('19', '4', '1', '9', '7', '7', '7', '1', '1');
insert into EndScores (end_id, range_score_id, end_number, score_arrow1, score_arrow2, score_arrow3, score_arrow4, score_arrow5, score_arrow6) values ('20', '4', '2', '9', '9', '8', '6', '4', '3');
insert into EndScores (end_id, range_score_id, end_number, score_arrow1, score_arrow2, score_arrow3, score_arrow4, score_arrow5, score_arrow6) values ('21', '4', '3', '9', '8', '2', '2', '1', '0');
insert into EndScores (end_id, range_score_id, end_number, score_arrow1, score_arrow2, score_arrow3, score_arrow4, score_arrow5, score_arrow6) values ('22', '4', '4', '9', '8', '8', '7', '4', '0');
insert into EndScores (end_id, range_score_id, end_number, score_arrow1, score_arrow2, score_arrow3, score_arrow4, score_arrow5, score_arrow6) values ('23', '4', '5', '6', '5', '4', '4', '1', '0');
insert into EndScores (end_id, range_score_id, end_number, score_arrow1, score_arrow2, score_arrow3, score_arrow4, score_arrow5, score_arrow6) values ('24', '4', '6', '7', '7', '6', '4', '1', '1');
insert into CompetitionEnrolments (archer_id, competition_id) values ('4', '10');
insert into RoundScores (round_score_id, archer_id, competition_id, round_score_date_time, equipment_id, round_def_id, total_score, category_id) values ('2', '4', '10', '2023-04-23 17:11:46.637', 'C', '2', '649', '10');
insert into RangeScores (range_score_id, round_score_id, round_range_id) values ('5', '2', '5');
insert into EndScores (end_id, range_score_id, end_number, score_arrow1, score_arrow2, score_arrow3, score_arrow4, score_arrow5, score_arrow6) values ('25', '5', '1', '9', '9', '8', '8', '6', '3');
insert into EndScores (end_id, range_score_id, end_number, score_arrow1, score_arrow2, score_arrow3, score_arrow4, score_arrow5, score_arrow6) values ('26', '5', '2', '8', '7', '6', '5', '0', '0');
insert into EndScores (end_id, range_score_id, end_number, score_arrow1, score_arrow2, score_arrow3, score_arrow4, score_arrow5, score_arrow6) values ('27', '5', '3', '9', '9', '8', '4', '4', '2');
insert into EndScores (end_id, range_score_id, end_number, score_arrow1, score_arrow2, score_arrow3, score_arrow4, score_arrow5, score_arrow6) values ('28', '5', '4', '7', '5', '3', '3', '3', '0');
insert into EndScores (end_id, range_score_id, end_number, score_arrow1, score_arrow2, score_arrow3, score_arrow4, score_arrow5, score_arrow6) values ('29', '5', '5', '6', '4', '4', '1', '0', '0');
insert into EndScores (end_id, range_score_id, end_number, score_arrow1, score_arrow2, score_arrow3, score_arrow4, score_arrow5, score_arrow6) values ('30', '5', '6', '8', '8', '8', '2', '0', '0');
insert into RangeScores (range_score_id, round_score_id, round_range_id) values ('6', '2', '6');
insert into EndScores (end_id, range_score_id, end_number, score_arrow1, score_arrow2, score_arrow3, score_arrow4, score_arrow5, score_arrow6) values ('31', '6', '1', '8', '7', '7', '6', '5', '2');
insert into EndScores (end_id, range_score_id, end_number, score_arrow1, score_arrow2, score_arrow3, score_arrow4, score_arrow5, score_arrow6) values ('32', '6', '2', '9', '5', '5', '3', '3', '1');
insert into EndScores (end_id, range_score_id, end_number, score_arrow1, score_arrow2, score_arrow3, score_arrow4, score_arrow5, score_arrow6) values ('33', '6', '3', '8', '8', '6', '2', '0', '0');
insert into EndScores (end_id, range_score_id, end_number, score_arrow1, score_arrow2, score_arrow3, score_arrow4, score_arrow5, score_arrow6) values ('34', '6', '4', '8', '6', '3', '0', '0', '0');
insert into EndScores (end_id, range_score_id, end_number, score_arrow1, score_arrow2, score_arrow3, score_arrow4, score_arrow5, score_arrow6) values ('35', '6', '5', '9', '8', '4', '2', '0', '0');
insert into EndScores (end_id, range_score_id, end_number, score_arrow1, score_arrow2, score_arrow3, score_arrow4, score_arrow5, score_arrow6) values ('36', '6', '6', '9', '7', '6', '5', '1', '0');
insert into RangeScores (range_score_id, round_score_id, round_range_id) values ('7', '2', '7');
insert into EndScores (end_id, range_score_id, end_number, score_arrow1, score_arrow2, score_arrow3, score_arrow4, score_arrow5, score_arrow6) values ('37', '7', '1', '9', '7', '5', '3', '1', '1');
insert into EndScores (end_id, range_score_id, end_number, score_arrow1, score_arrow2, score_arrow3, score_arrow4, score_arrow5, score_arrow6) values ('38', '7', '2', '8', '5', '5', '5', '1', '0');
insert into EndScores (end_id, range_score_id, end_number, score_arrow1, score_arrow2, score_arrow3, score_arrow4, score_arrow5, score_arrow6) values ('39', '7', '3', '7', '6', '4', '4', '3', '3');
insert into EndScores (end_id, range_score_id, end_number, score_arrow1, score_arrow2, score_arrow3, score_arrow4, score_arrow5, score_arrow6) values ('40', '7', '4', '9', '5', '5', '4', '4', '2');
insert into EndScores (end_id, range_score_id, end_number, score_arrow1, score_arrow2, score_arrow3, score_arrow4, score_arrow5, score_arrow6) values ('41', '7', '5', '9', '8', '6', '3', '3', '3');
insert into EndScores (end_id, range_score_id, end_number, score_arrow1, score_arrow2, score_arrow3, score_arrow4, score_arrow5, score_arrow6) values ('42', '7', '6', '8', '8', '8', '7', '4', '3');
insert into RangeScores (range_score_id, round_score_id, round_range_id) values ('8', '2', '8');
insert into EndScores (end_id, range_score_id, end_number, score_arrow1, score_arrow2, score_arrow3, score_arrow4, score_arrow5, score_arrow6) values ('43', '8', '1', '9', '5', '4', '4', '4', '1');
insert into EndScores (end_id, range_score_id, end_number, score_arrow1, score_arrow2, score_arrow3, score_arrow4, score_arrow5, score_arrow6) values ('44', '8', '2', '8', '8', '7', '4', '2', '2');
insert into EndScores (end_id, range_score_id, end_number, score_arrow1, score_arrow2, score_arrow3, score_arrow4, score_arrow5, score_arrow6) values ('45', '8', '3', '6', '5', '4', '2', '1', '1');
insert into EndScores (end_id, range_score_id, end_number, score_arrow1, score_arrow2, score_arrow3, score_arrow4, score_arrow5, score_arrow6) values ('46', '8', '4', '7', '6', '6', '5', '4', '1');
insert into EndScores (end_id, range_score_id, end_number, score_arrow1, score_arrow2, score_arrow3, score_arrow4, score_arrow5, score_arrow6) values ('47', '8', '5', '9', '6', '4', '3', '2', '1');
insert into EndScores (end_id, range_score_id, end_number, score_arrow1, score_arrow2, score_arrow3, score_arrow4, score_arrow5, score_arrow6) values ('48', '8', '6', '8', '8', '3', '2', '1', '0');
insert into CompetitionEnrolments (archer_id, competition_id) values ('5', '1');
insert into RoundScores (round_score_id, archer_id, competition_id, round_score_date_time, equipment_id, round_def_id, total_score, category_id) values ('3', '5', '1', '2023-04-23 17:17:40.393', 'R', '1', '642', '1');
insert into RangeScores (range_score_id, round_score_id, round_range_id) values ('9', '3', '1');
insert into EndScores (end_id, range_score_id, end_number, score_arrow1, score_arrow2, score_arrow3, score_arrow4, score_arrow5, score_arrow6) values ('49', '9', '1', '9', '8', '4', '3', '2', '0');
insert into EndScores (end_id, range_score_id, end_number, score_arrow1, score_arrow2, score_arrow3, score_arrow4, score_arrow5, score_arrow6) values ('50', '9', '2', '6', '5', '2', '2', '1', '0');
insert into EndScores (end_id, range_score_id, end_number, score_arrow1, score_arrow2, score_arrow3, score_arrow4, score_arrow5, score_arrow6) values ('51', '9', '3', '9', '5', '4', '2', '1', '0');
insert into EndScores (end_id, range_score_id, end_number, score_arrow1, score_arrow2, score_arrow3, score_arrow4, score_arrow5, score_arrow6) values ('52', '9', '4', '7', '5', '4', '3', '2', '0');
insert into EndScores (end_id, range_score_id, end_number, score_arrow1, score_arrow2, score_arrow3, score_arrow4, score_arrow5, score_arrow6) values ('53', '9', '5', '8', '3', '3', '1', '1', '0');
insert into EndScores (end_id, range_score_id, end_number, score_arrow1, score_arrow2, score_arrow3, score_arrow4, score_arrow5, score_arrow6) values ('54', '9', '6', '9', '8', '7', '3', '3', '2');
insert into RangeScores (range_score_id, round_score_id, round_range_id) values ('10', '3', '2');
insert into EndScores (end_id, range_score_id, end_number, score_arrow1, score_arrow2, score_arrow3, score_arrow4, score_arrow5, score_arrow6) values ('55', '10', '1', '9', '4', '2', '2', '1', '0');
insert into EndScores (end_id, range_score_id, end_number, score_arrow1, score_arrow2, score_arrow3, score_arrow4, score_arrow5, score_arrow6) values ('56', '10', '2', '9', '8', '8', '7', '5', '1');
insert into EndScores (end_id, range_score_id, end_number, score_arrow1, score_arrow2, score_arrow3, score_arrow4, score_arrow5, score_arrow6) values ('57', '10', '3', '9', '8', '7', '6', '5', '5');
insert into EndScores (end_id, range_score_id, end_number, score_arrow1, score_arrow2, score_arrow3, score_arrow4, score_arrow5, score_arrow6) values ('58', '10', '4', '9', '9', '6', '5', '4', '1');
insert into EndScores (end_id, range_score_id, end_number, score_arrow1, score_arrow2, score_arrow3, score_arrow4, score_arrow5, score_arrow6) values ('59', '10', '5', '9', '9', '5', '4', '3', '2');
insert into EndScores (end_id, range_score_id, end_number, score_arrow1, score_arrow2, score_arrow3, score_arrow4, score_arrow5, score_arrow6) values ('60', '10', '6', '9', '7', '6', '4', '4', '3');
insert into RangeScores (range_score_id, round_score_id, round_range_id) values ('11', '3', '3');
insert into EndScores (end_id, range_score_id, end_number, score_arrow1, score_arrow2, score_arrow3, score_arrow4, score_arrow5, score_arrow6) values ('61', '11', '1', '8', '6', '6', '4', '2', '2');
insert into EndScores (end_id, range_score_id, end_number, score_arrow1, score_arrow2, score_arrow3, score_arrow4, score_arrow5, score_arrow6) values ('62', '11', '2', '8', '8', '7', '7', '6', '0');
insert into EndScores (end_id, range_score_id, end_number, score_arrow1, score_arrow2, score_arrow3, score_arrow4, score_arrow5, score_arrow6) values ('63', '11', '3', '8', '7', '7', '1', '1', '1');
insert into EndScores (end_id, range_score_id, end_number, score_arrow1, score_arrow2, score_arrow3, score_arrow4, score_arrow5, score_arrow6) values ('64', '11', '4', '8', '7', '6', '4', '1', '1');
insert into EndScores (end_id, range_score_id, end_number, score_arrow1, score_arrow2, score_arrow3, score_arrow4, score_arrow5, score_arrow6) values ('65', '11', '5', '9', '6', '3', '2', '1', '1');
insert into EndScores (end_id, range_score_id, end_number, score_arrow1, score_arrow2, score_arrow3, score_arrow4, score_arrow5, score_arrow6) values ('66', '11', '6', '9', '9', '6', '3', '1', '1');
insert into RangeScores (range_score_id, round_score_id, round_range_id) values ('12', '3', '4');
insert into EndScores (end_id, range_score_id, end_number, score_arrow1, score_arrow2, score_arrow3, score_arrow4, score_arrow5, score_arrow6) values ('67', '12', '1', '8', '5', '3', '1', '0', '0');
insert into EndScores (end_id, range_score_id, end_number, score_arrow1, score_arrow2, score_arrow3, score_arrow4, score_arrow5, score_arrow6) values ('68', '12', '2', '9', '7', '5', '4', '3', '1');
insert into EndScores (end_id, range_score_id, end_number, score_arrow1, score_arrow2, score_arrow3, score_arrow4, score_arrow5, score_arrow6) values ('69', '12', '3', '7', '6', '6', '5', '5', '2');
insert into EndScores (end_id, range_score_id, end_number, score_arrow1, score_arrow2, score_arrow3, score_arrow4, score_arrow5, score_arrow6) values ('70', '12', '4', '9', '6', '3', '2', '0', '0');
insert into EndScores (end_id, range_score_id, end_number, score_arrow1, score_arrow2, score_arrow3, score_arrow4, score_arrow5, score_arrow6) values ('71', '12', '5', '7', '7', '5', '4', '1', '0');
insert into EndScores (end_id, range_score_id, end_number, score_arrow1, score_arrow2, score_arrow3, score_arrow4, score_arrow5, score_arrow6) values ('72', '12', '6', '8', '6', '5', '4', '3', '1');
insert into CompetitionEnrolments (archer_id, competition_id) values ('6', '11');
insert into RoundScores (round_score_id, archer_id, competition_id, round_score_date_time, equipment_id, round_def_id, total_score, category_id) values ('4', '6', '11', '2023-04-23 17:36:27.39', 'B', '3', '647', '11');
insert into RangeScores (range_score_id, round_score_id, round_range_id) values ('13', '4', '9');
insert into EndScores (end_id, range_score_id, end_number, score_arrow1, score_arrow2, score_arrow3, score_arrow4, score_arrow5, score_arrow6) values ('73', '13', '1', '5', '5', '4', '4', '3', '0');
insert into EndScores (end_id, range_score_id, end_number, score_arrow1, score_arrow2, score_arrow3, score_arrow4, score_arrow5, score_arrow6) values ('74', '13', '2', '9', '9', '9', '3', '0', '0');
insert into EndScores (end_id, range_score_id, end_number, score_arrow1, score_arrow2, score_arrow3, score_arrow4, score_arrow5, score_arrow6) values ('75', '13', '3', '6', '4', '4', '4', '2', '0');
insert into EndScores (end_id, range_score_id, end_number, score_arrow1, score_arrow2, score_arrow3, score_arrow4, score_arrow5, score_arrow6) values ('76', '13', '4', '9', '8', '7', '7', '5', '5');
insert into EndScores (end_id, range_score_id, end_number, score_arrow1, score_arrow2, score_arrow3, score_arrow4, score_arrow5, score_arrow6) values ('77', '13', '5', '9', '9', '6', '5', '4', '3');
insert into EndScores (end_id, range_score_id, end_number, score_arrow1, score_arrow2, score_arrow3, score_arrow4, score_arrow5, score_arrow6) values ('78', '13', '6', '7', '6', '6', '4', '3', '0');
insert into RangeScores (range_score_id, round_score_id, round_range_id) values ('14', '4', '10');
insert into EndScores (end_id, range_score_id, end_number, score_arrow1, score_arrow2, score_arrow3, score_arrow4, score_arrow5, score_arrow6) values ('79', '14', '1', '8', '8', '8', '4', '4', '1');
insert into EndScores (end_id, range_score_id, end_number, score_arrow1, score_arrow2, score_arrow3, score_arrow4, score_arrow5, score_arrow6) values ('80', '14', '2', '8', '7', '6', '5', '1', '1');
insert into EndScores (end_id, range_score_id, end_number, score_arrow1, score_arrow2, score_arrow3, score_arrow4, score_arrow5, score_arrow6) values ('81', '14', '3', '8', '8', '6', '5', '4', '2');
insert into EndScores (end_id, range_score_id, end_number, score_arrow1, score_arrow2, score_arrow3, score_arrow4, score_arrow5, score_arrow6) values ('82', '14', '4', '9', '6', '6', '5', '3', '3');
insert into EndScores (end_id, range_score_id, end_number, score_arrow1, score_arrow2, score_arrow3, score_arrow4, score_arrow5, score_arrow6) values ('83', '14', '5', '9', '5', '4', '3', '2', '2');
insert into EndScores (end_id, range_score_id, end_number, score_arrow1, score_arrow2, score_arrow3, score_arrow4, score_arrow5, score_arrow6) values ('84', '14', '6', '9', '7', '6', '5', '1', '0');
insert into RangeScores (range_score_id, round_score_id, round_range_id) values ('15', '4', '11');
insert into EndScores (end_id, range_score_id, end_number, score_arrow1, score_arrow2, score_arrow3, score_arrow4, score_arrow5, score_arrow6) values ('85', '15', '1', '8', '8', '8', '1', '0', '0');
insert into EndScores (end_id, range_score_id, end_number, score_arrow1, score_arrow2, score_arrow3, score_arrow4, score_arrow5, score_arrow6) values ('86', '15', '2', '8', '5', '4', '3', '2', '1');
insert into EndScores (end_id, range_score_id, end_number, score_arrow1, score_arrow2, score_arrow3, score_arrow4, score_arrow5, score_arrow6) values ('87', '15', '3', '8', '6', '6', '3', '0', '0');
insert into EndScores (end_id, range_score_id, end_number, score_arrow1, score_arrow2, score_arrow3, score_arrow4, score_arrow5, score_arrow6) values ('88', '15', '4', '7', '5', '5', '3', '3', '2');
insert into EndScores (end_id, range_score_id, end_number, score_arrow1, score_arrow2, score_arrow3, score_arrow4, score_arrow5, score_arrow6) values ('89', '15', '5', '5', '4', '2', '2', '0', '0');
insert into EndScores (end_id, range_score_id, end_number, score_arrow1, score_arrow2, score_arrow3, score_arrow4, score_arrow5, score_arrow6) values ('90', '15', '6', '9', '9', '8', '4', '2', '0');
insert into RangeScores (range_score_id, round_score_id, round_range_id) values ('16', '4', '12');
insert into EndScores (end_id, range_score_id, end_number, score_arrow1, score_arrow2, score_arrow3, score_arrow4, score_arrow5, score_arrow6) values ('91', '16', '1', '7', '4', '4', '2', '2', '1');
insert into EndScores (end_id, range_score_id, end_number, score_arrow1, score_arrow2, score_arrow3, score_arrow4, score_arrow5, score_arrow6) values ('92', '16', '2', '6', '6', '5', '5', '4', '3');
insert into EndScores (end_id, range_score_id, end_number, score_arrow1, score_arrow2, score_arrow3, score_arrow4, score_arrow5, score_arrow6) values ('93', '16', '3', '9', '8', '5', '5', '3', '1');
insert into EndScores (end_id, range_score_id, end_number, score_arrow1, score_arrow2, score_arrow3, score_arrow4, score_arrow5, score_arrow6) values ('94', '16', '4', '7', '6', '6', '3', '1', '0');
insert into EndScores (end_id, range_score_id, end_number, score_arrow1, score_arrow2, score_arrow3, score_arrow4, score_arrow5, score_arrow6) values ('95', '16', '5', '6', '5', '4', '4', '1', '0');
insert into EndScores (end_id, range_score_id, end_number, score_arrow1, score_arrow2, score_arrow3, score_arrow4, score_arrow5, score_arrow6) values ('96', '16', '6', '9', '6', '5', '5', '4', '1');
insert into CompetitionEnrolments (archer_id, competition_id) values ('7', '14');
insert into RoundScores (round_score_id, archer_id, competition_id, round_score_date_time, equipment_id, round_def_id, total_score, category_id) values ('5', '7', '14', '2023-04-23 15:39:3.626', 'C', '3', '603', '14');
insert into RangeScores (range_score_id, round_score_id, round_range_id) values ('17', '5', '9');
insert into EndScores (end_id, range_score_id, end_number, score_arrow1, score_arrow2, score_arrow3, score_arrow4, score_arrow5, score_arrow6) values ('97', '17', '1', '9', '9', '6', '1', '1', '0');
insert into EndScores (end_id, range_score_id, end_number, score_arrow1, score_arrow2, score_arrow3, score_arrow4, score_arrow5, score_arrow6) values ('98', '17', '2', '7', '6', '4', '3', '1', '0');
insert into EndScores (end_id, range_score_id, end_number, score_arrow1, score_arrow2, score_arrow3, score_arrow4, score_arrow5, score_arrow6) values ('99', '17', '3', '6', '4', '2', '2', '1', '1');
insert into EndScores (end_id, range_score_id, end_number, score_arrow1, score_arrow2, score_arrow3, score_arrow4, score_arrow5, score_arrow6) values ('100', '17', '4', '7', '5', '4', '4', '3', '0');
insert into EndScores (end_id, range_score_id, end_number, score_arrow1, score_arrow2, score_arrow3, score_arrow4, score_arrow5, score_arrow6) values ('101', '17', '5', '8', '8', '4', '3', '2', '2');
insert into EndScores (end_id, range_score_id, end_number, score_arrow1, score_arrow2, score_arrow3, score_arrow4, score_arrow5, score_arrow6) values ('102', '17', '6', '7', '4', '1', '1', '0', '0');
insert into RangeScores (range_score_id, round_score_id, round_range_id) values ('18', '5', '10');
insert into EndScores (end_id, range_score_id, end_number, score_arrow1, score_arrow2, score_arrow3, score_arrow4, score_arrow5, score_arrow6) values ('103', '18', '1', '9', '7', '5', '4', '3', '3');
insert into EndScores (end_id, range_score_id, end_number, score_arrow1, score_arrow2, score_arrow3, score_arrow4, score_arrow5, score_arrow6) values ('104', '18', '2', '7', '7', '3', '2', '1', '0');
insert into EndScores (end_id, range_score_id, end_number, score_arrow1, score_arrow2, score_arrow3, score_arrow4, score_arrow5, score_arrow6) values ('105', '18', '3', '9', '8', '6', '4', '3', '2');
insert into EndScores (end_id, range_score_id, end_number, score_arrow1, score_arrow2, score_arrow3, score_arrow4, score_arrow5, score_arrow6) values ('106', '18', '4', '9', '9', '8', '6', '1', '1');
insert into EndScores (end_id, range_score_id, end_number, score_arrow1, score_arrow2, score_arrow3, score_arrow4, score_arrow5, score_arrow6) values ('107', '18', '5', '9', '6', '5', '3', '1', '1');
insert into EndScores (end_id, range_score_id, end_number, score_arrow1, score_arrow2, score_arrow3, score_arrow4, score_arrow5, score_arrow6) values ('108', '18', '6', '8', '7', '7', '5', '3', '0');
insert into RangeScores (range_score_id, round_score_id, round_range_id) values ('19', '5', '11');
insert into EndScores (end_id, range_score_id, end_number, score_arrow1, score_arrow2, score_arrow3, score_arrow4, score_arrow5, score_arrow6) values ('109', '19', '1', '9', '8', '8', '8', '6', '3');
insert into EndScores (end_id, range_score_id, end_number, score_arrow1, score_arrow2, score_arrow3, score_arrow4, score_arrow5, score_arrow6) values ('110', '19', '2', '9', '7', '6', '6', '4', '1');
insert into EndScores (end_id, range_score_id, end_number, score_arrow1, score_arrow2, score_arrow3, score_arrow4, score_arrow5, score_arrow6) values ('111', '19', '3', '9', '8', '7', '3', '3', '0');
insert into EndScores (end_id, range_score_id, end_number, score_arrow1, score_arrow2, score_arrow3, score_arrow4, score_arrow5, score_arrow6) values ('112', '19', '4', '3', '2', '2', '0', '0', '0');
insert into EndScores (end_id, range_score_id, end_number, score_arrow1, score_arrow2, score_arrow3, score_arrow4, score_arrow5, score_arrow6) values ('113', '19', '5', '9', '9', '5', '2', '2', '0');
insert into EndScores (end_id, range_score_id, end_number, score_arrow1, score_arrow2, score_arrow3, score_arrow4, score_arrow5, score_arrow6) values ('114', '19', '6', '4', '4', '2', '1', '1', '0');
insert into RangeScores (range_score_id, round_score_id, round_range_id) values ('20', '5', '12');
insert into EndScores (end_id, range_score_id, end_number, score_arrow1, score_arrow2, score_arrow3, score_arrow4, score_arrow5, score_arrow6) values ('115', '20', '1', '5', '4', '3', '3', '2', '1');
insert into EndScores (end_id, range_score_id, end_number, score_arrow1, score_arrow2, score_arrow3, score_arrow4, score_arrow5, score_arrow6) values ('116', '20', '2', '8', '7', '7', '7', '1', '0');
insert into EndScores (end_id, range_score_id, end_number, score_arrow1, score_arrow2, score_arrow3, score_arrow4, score_arrow5, score_arrow6) values ('117', '20', '3', '8', '6', '5', '4', '3', '0');
insert into EndScores (end_id, range_score_id, end_number, score_arrow1, score_arrow2, score_arrow3, score_arrow4, score_arrow5, score_arrow6) values ('118', '20', '4', '8', '7', '5', '2', '2', '0');
insert into EndScores (end_id, range_score_id, end_number, score_arrow1, score_arrow2, score_arrow3, score_arrow4, score_arrow5, score_arrow6) values ('119', '20', '5', '9', '8', '6', '4', '4', '2');
insert into EndScores (end_id, range_score_id, end_number, score_arrow1, score_arrow2, score_arrow3, score_arrow4, score_arrow5, score_arrow6) values ('120', '20', '6', '7', '6', '5', '3', '2', '0');
insert into CompetitionEnrolments (archer_id, competition_id) values ('8', '14');
insert into RoundScores (round_score_id, archer_id, competition_id, round_score_date_time, equipment_id, round_def_id, total_score, category_id) values ('6', '8', '14', '2023-04-23 15:15:19.714', 'C', '3', '630', '14');
insert into RangeScores (range_score_id, round_score_id, round_range_id) values ('21', '6', '9');
insert into EndScores (end_id, range_score_id, end_number, score_arrow1, score_arrow2, score_arrow3, score_arrow4, score_arrow5, score_arrow6) values ('121', '21', '1', '9', '8', '7', '3', '1', '0');
insert into EndScores (end_id, range_score_id, end_number, score_arrow1, score_arrow2, score_arrow3, score_arrow4, score_arrow5, score_arrow6) values ('122', '21', '2', '8', '7', '7', '5', '5', '1');
insert into EndScores (end_id, range_score_id, end_number, score_arrow1, score_arrow2, score_arrow3, score_arrow4, score_arrow5, score_arrow6) values ('123', '21', '3', '7', '6', '6', '5', '1', '0');
insert into EndScores (end_id, range_score_id, end_number, score_arrow1, score_arrow2, score_arrow3, score_arrow4, score_arrow5, score_arrow6) values ('124', '21', '4', '7', '7', '6', '5', '2', '1');
insert into EndScores (end_id, range_score_id, end_number, score_arrow1, score_arrow2, score_arrow3, score_arrow4, score_arrow5, score_arrow6) values ('125', '21', '5', '6', '4', '4', '3', '2', '0');
insert into EndScores (end_id, range_score_id, end_number, score_arrow1, score_arrow2, score_arrow3, score_arrow4, score_arrow5, score_arrow6) values ('126', '21', '6', '8', '8', '6', '2', '2', '2');
insert into RangeScores (range_score_id, round_score_id, round_range_id) values ('22', '6', '10');
insert into EndScores (end_id, range_score_id, end_number, score_arrow1, score_arrow2, score_arrow3, score_arrow4, score_arrow5, score_arrow6) values ('127', '22', '1', '5', '3', '1', '1', '1', '0');
insert into EndScores (end_id, range_score_id, end_number, score_arrow1, score_arrow2, score_arrow3, score_arrow4, score_arrow5, score_arrow6) values ('128', '22', '2', '7', '6', '4', '4', '3', '0');
insert into EndScores (end_id, range_score_id, end_number, score_arrow1, score_arrow2, score_arrow3, score_arrow4, score_arrow5, score_arrow6) values ('129', '22', '3', '9', '7', '6', '6', '2', '1');
insert into EndScores (end_id, range_score_id, end_number, score_arrow1, score_arrow2, score_arrow3, score_arrow4, score_arrow5, score_arrow6) values ('130', '22', '4', '8', '5', '5', '1', '1', '0');
insert into EndScores (end_id, range_score_id, end_number, score_arrow1, score_arrow2, score_arrow3, score_arrow4, score_arrow5, score_arrow6) values ('131', '22', '5', '9', '6', '6', '5', '4', '2');
insert into EndScores (end_id, range_score_id, end_number, score_arrow1, score_arrow2, score_arrow3, score_arrow4, score_arrow5, score_arrow6) values ('132', '22', '6', '9', '5', '5', '5', '1', '1');
insert into RangeScores (range_score_id, round_score_id, round_range_id) values ('23', '6', '11');
insert into EndScores (end_id, range_score_id, end_number, score_arrow1, score_arrow2, score_arrow3, score_arrow4, score_arrow5, score_arrow6) values ('133', '23', '1', '9', '7', '6', '5', '4', '3');
insert into EndScores (end_id, range_score_id, end_number, score_arrow1, score_arrow2, score_arrow3, score_arrow4, score_arrow5, score_arrow6) values ('134', '23', '2', '9', '7', '7', '6', '5', '0');
insert into EndScores (end_id, range_score_id, end_number, score_arrow1, score_arrow2, score_arrow3, score_arrow4, score_arrow5, score_arrow6) values ('135', '23', '3', '8', '6', '6', '4', '3', '1');
insert into EndScores (end_id, range_score_id, end_number, score_arrow1, score_arrow2, score_arrow3, score_arrow4, score_arrow5, score_arrow6) values ('136', '23', '4', '7', '7', '6', '3', '2', '1');
insert into EndScores (end_id, range_score_id, end_number, score_arrow1, score_arrow2, score_arrow3, score_arrow4, score_arrow5, score_arrow6) values ('137', '23', '5', '7', '7', '5', '3', '1', '1');
insert into EndScores (end_id, range_score_id, end_number, score_arrow1, score_arrow2, score_arrow3, score_arrow4, score_arrow5, score_arrow6) values ('138', '23', '6', '6', '5', '4', '3', '3', '2');
insert into RangeScores (range_score_id, round_score_id, round_range_id) values ('24', '6', '12');
insert into EndScores (end_id, range_score_id, end_number, score_arrow1, score_arrow2, score_arrow3, score_arrow4, score_arrow5, score_arrow6) values ('139', '24', '1', '8', '6', '3', '3', '2', '1');
insert into EndScores (end_id, range_score_id, end_number, score_arrow1, score_arrow2, score_arrow3, score_arrow4, score_arrow5, score_arrow6) values ('140', '24', '2', '8', '7', '5', '3', '0', '0');
insert into EndScores (end_id, range_score_id, end_number, score_arrow1, score_arrow2, score_arrow3, score_arrow4, score_arrow5, score_arrow6) values ('141', '24', '3', '9', '8', '7', '4', '3', '2');
insert into EndScores (end_id, range_score_id, end_number, score_arrow1, score_arrow2, score_arrow3, score_arrow4, score_arrow5, score_arrow6) values ('142', '24', '4', '5', '5', '3', '2', '1', '0');
insert into EndScores (end_id, range_score_id, end_number, score_arrow1, score_arrow2, score_arrow3, score_arrow4, score_arrow5, score_arrow6) values ('143', '24', '5', '8', '8', '7', '7', '6', '2');
insert into EndScores (end_id, range_score_id, end_number, score_arrow1, score_arrow2, score_arrow3, score_arrow4, score_arrow5, score_arrow6) values ('144', '24', '6', '9', '6', '2', '2', '2', '2');
insert into CompetitionEnrolments (archer_id, competition_id) values ('9', '27');
insert into RoundScores (round_score_id, archer_id, competition_id, round_score_date_time, equipment_id, round_def_id, total_score, category_id) values ('7', '9', '27', '2023-04-23 15:15:34.684', 'B', '3', '593', '27');
insert into RangeScores (range_score_id, round_score_id, round_range_id) values ('25', '7', '9');
insert into EndScores (end_id, range_score_id, end_number, score_arrow1, score_arrow2, score_arrow3, score_arrow4, score_arrow5, score_arrow6) values ('145', '25', '1', '9', '8', '8', '6', '2', '2');
insert into EndScores (end_id, range_score_id, end_number, score_arrow1, score_arrow2, score_arrow3, score_arrow4, score_arrow5, score_arrow6) values ('146', '25', '2', '9', '5', '4', '2', '1', '1');
insert into EndScores (end_id, range_score_id, end_number, score_arrow1, score_arrow2, score_arrow3, score_arrow4, score_arrow5, score_arrow6) values ('147', '25', '3', '7', '3', '3', '3', '3', '0');
insert into EndScores (end_id, range_score_id, end_number, score_arrow1, score_arrow2, score_arrow3, score_arrow4, score_arrow5, score_arrow6) values ('148', '25', '4', '8', '7', '5', '5', '2', '1');
insert into EndScores (end_id, range_score_id, end_number, score_arrow1, score_arrow2, score_arrow3, score_arrow4, score_arrow5, score_arrow6) values ('149', '25', '5', '9', '7', '6', '5', '2', '1');
insert into EndScores (end_id, range_score_id, end_number, score_arrow1, score_arrow2, score_arrow3, score_arrow4, score_arrow5, score_arrow6) values ('150', '25', '6', '8', '4', '3', '3', '1', '0');
insert into RangeScores (range_score_id, round_score_id, round_range_id) values ('26', '7', '10');
insert into EndScores (end_id, range_score_id, end_number, score_arrow1, score_arrow2, score_arrow3, score_arrow4, score_arrow5, score_arrow6) values ('151', '26', '1', '7', '3', '3', '2', '1', '0');
insert into EndScores (end_id, range_score_id, end_number, score_arrow1, score_arrow2, score_arrow3, score_arrow4, score_arrow5, score_arrow6) values ('152', '26', '2', '6', '6', '3', '3', '3', '1');
insert into EndScores (end_id, range_score_id, end_number, score_arrow1, score_arrow2, score_arrow3, score_arrow4, score_arrow5, score_arrow6) values ('153', '26', '3', '8', '6', '6', '5', '4', '0');
insert into EndScores (end_id, range_score_id, end_number, score_arrow1, score_arrow2, score_arrow3, score_arrow4, score_arrow5, score_arrow6) values ('154', '26', '4', '8', '8', '8', '4', '2', '1');
insert into EndScores (end_id, range_score_id, end_number, score_arrow1, score_arrow2, score_arrow3, score_arrow4, score_arrow5, score_arrow6) values ('155', '26', '5', '6', '4', '3', '1', '0', '0');
insert into EndScores (end_id, range_score_id, end_number, score_arrow1, score_arrow2, score_arrow3, score_arrow4, score_arrow5, score_arrow6) values ('156', '26', '6', '9', '6', '5', '5', '2', '2');
insert into RangeScores (range_score_id, round_score_id, round_range_id) values ('27', '7', '11');
insert into EndScores (end_id, range_score_id, end_number, score_arrow1, score_arrow2, score_arrow3, score_arrow4, score_arrow5, score_arrow6) values ('157', '27', '1', '8', '7', '5', '4', '1', '1');
insert into EndScores (end_id, range_score_id, end_number, score_arrow1, score_arrow2, score_arrow3, score_arrow4, score_arrow5, score_arrow6) values ('158', '27', '2', '9', '8', '8', '3', '3', '0');
insert into EndScores (end_id, range_score_id, end_number, score_arrow1, score_arrow2, score_arrow3, score_arrow4, score_arrow5, score_arrow6) values ('159', '27', '3', '3', '2', '1', '1', '0', '0');
insert into EndScores (end_id, range_score_id, end_number, score_arrow1, score_arrow2, score_arrow3, score_arrow4, score_arrow5, score_arrow6) values ('160', '27', '4', '9', '7', '5', '5', '3', '1');
insert into EndScores (end_id, range_score_id, end_number, score_arrow1, score_arrow2, score_arrow3, score_arrow4, score_arrow5, score_arrow6) values ('161', '27', '5', '9', '8', '6', '6', '5', '1');
insert into EndScores (end_id, range_score_id, end_number, score_arrow1, score_arrow2, score_arrow3, score_arrow4, score_arrow5, score_arrow6) values ('162', '27', '6', '7', '7', '6', '6', '4', '1');
insert into RangeScores (range_score_id, round_score_id, round_range_id) values ('28', '7', '12');
insert into EndScores (end_id, range_score_id, end_number, score_arrow1, score_arrow2, score_arrow3, score_arrow4, score_arrow5, score_arrow6) values ('163', '28', '1', '9', '7', '3', '3', '2', '1');
insert into EndScores (end_id, range_score_id, end_number, score_arrow1, score_arrow2, score_arrow3, score_arrow4, score_arrow5, score_arrow6) values ('164', '28', '2', '9', '9', '9', '4', '0', '0');
insert into EndScores (end_id, range_score_id, end_number, score_arrow1, score_arrow2, score_arrow3, score_arrow4, score_arrow5, score_arrow6) values ('165', '28', '3', '9', '7', '5', '4', '1', '1');
insert into EndScores (end_id, range_score_id, end_number, score_arrow1, score_arrow2, score_arrow3, score_arrow4, score_arrow5, score_arrow6) values ('166', '28', '4', '9', '6', '6', '3', '2', '0');
insert into EndScores (end_id, range_score_id, end_number, score_arrow1, score_arrow2, score_arrow3, score_arrow4, score_arrow5, score_arrow6) values ('167', '28', '5', '7', '7', '6', '1', '0', '0');
insert into EndScores (end_id, range_score_id, end_number, score_arrow1, score_arrow2, score_arrow3, score_arrow4, score_arrow5, score_arrow6) values ('168', '28', '6', '4', '3', '2', '0', '0', '0');
insert into CompetitionEnrolments (archer_id, competition_id) values ('10', '5');
insert into RoundScores (round_score_id, archer_id, competition_id, round_score_date_time, equipment_id, round_def_id, total_score, category_id) values ('8', '10', '5', '2023-04-23 13:23:48.639', 'R', '2', '671', '5');
insert into RangeScores (range_score_id, round_score_id, round_range_id) values ('29', '8', '5');
insert into EndScores (end_id, range_score_id, end_number, score_arrow1, score_arrow2, score_arrow3, score_arrow4, score_arrow5, score_arrow6) values ('169', '29', '1', '8', '8', '6', '6', '5', '0');
insert into EndScores (end_id, range_score_id, end_number, score_arrow1, score_arrow2, score_arrow3, score_arrow4, score_arrow5, score_arrow6) values ('170', '29', '2', '7', '6', '5', '3', '1', '1');
insert into EndScores (end_id, range_score_id, end_number, score_arrow1, score_arrow2, score_arrow3, score_arrow4, score_arrow5, score_arrow6) values ('171', '29', '3', '7', '6', '4', '4', '4', '2');
insert into EndScores (end_id, range_score_id, end_number, score_arrow1, score_arrow2, score_arrow3, score_arrow4, score_arrow5, score_arrow6) values ('172', '29', '4', '7', '7', '4', '2', '2', '2');
insert into EndScores (end_id, range_score_id, end_number, score_arrow1, score_arrow2, score_arrow3, score_arrow4, score_arrow5, score_arrow6) values ('173', '29', '5', '8', '6', '4', '4', '4', '3');
insert into EndScores (end_id, range_score_id, end_number, score_arrow1, score_arrow2, score_arrow3, score_arrow4, score_arrow5, score_arrow6) values ('174', '29', '6', '8', '6', '2', '2', '0', '0');
insert into RangeScores (range_score_id, round_score_id, round_range_id) values ('30', '8', '6');
insert into EndScores (end_id, range_score_id, end_number, score_arrow1, score_arrow2, score_arrow3, score_arrow4, score_arrow5, score_arrow6) values ('175', '30', '1', '9', '8', '7', '6', '3', '1');
insert into EndScores (end_id, range_score_id, end_number, score_arrow1, score_arrow2, score_arrow3, score_arrow4, score_arrow5, score_arrow6) values ('176', '30', '2', '6', '6', '5', '5', '2', '2');
insert into EndScores (end_id, range_score_id, end_number, score_arrow1, score_arrow2, score_arrow3, score_arrow4, score_arrow5, score_arrow6) values ('177', '30', '3', '6', '6', '5', '4', '3', '2');
insert into EndScores (end_id, range_score_id, end_number, score_arrow1, score_arrow2, score_arrow3, score_arrow4, score_arrow5, score_arrow6) values ('178', '30', '4', '7', '7', '7', '6', '4', '3');
insert into EndScores (end_id, range_score_id, end_number, score_arrow1, score_arrow2, score_arrow3, score_arrow4, score_arrow5, score_arrow6) values ('179', '30', '5', '7', '7', '5', '4', '3', '0');
insert into EndScores (end_id, range_score_id, end_number, score_arrow1, score_arrow2, score_arrow3, score_arrow4, score_arrow5, score_arrow6) values ('180', '30', '6', '8', '6', '6', '2', '1', '0');
insert into RangeScores (range_score_id, round_score_id, round_range_id) values ('31', '8', '7');
insert into EndScores (end_id, range_score_id, end_number, score_arrow1, score_arrow2, score_arrow3, score_arrow4, score_arrow5, score_arrow6) values ('181', '31', '1', '6', '6', '3', '3', '3', '0');
insert into EndScores (end_id, range_score_id, end_number, score_arrow1, score_arrow2, score_arrow3, score_arrow4, score_arrow5, score_arrow6) values ('182', '31', '2', '9', '5', '4', '3', '2', '1');
insert into EndScores (end_id, range_score_id, end_number, score_arrow1, score_arrow2, score_arrow3, score_arrow4, score_arrow5, score_arrow6) values ('183', '31', '3', '8', '3', '2', '2', '1', '0');
insert into EndScores (end_id, range_score_id, end_number, score_arrow1, score_arrow2, score_arrow3, score_arrow4, score_arrow5, score_arrow6) values ('184', '31', '4', '9', '9', '7', '6', '6', '5');
insert into EndScores (end_id, range_score_id, end_number, score_arrow1, score_arrow2, score_arrow3, score_arrow4, score_arrow5, score_arrow6) values ('185', '31', '5', '9', '4', '4', '2', '2', '0');
insert into EndScores (end_id, range_score_id, end_number, score_arrow1, score_arrow2, score_arrow3, score_arrow4, score_arrow5, score_arrow6) values ('186', '31', '6', '9', '9', '5', '5', '4', '3');
insert into RangeScores (range_score_id, round_score_id, round_range_id) values ('32', '8', '8');
insert into EndScores (end_id, range_score_id, end_number, score_arrow1, score_arrow2, score_arrow3, score_arrow4, score_arrow5, score_arrow6) values ('187', '32', '1', '9', '9', '8', '7', '4', '2');
insert into EndScores (end_id, range_score_id, end_number, score_arrow1, score_arrow2, score_arrow3, score_arrow4, score_arrow5, score_arrow6) values ('188', '32', '2', '9', '7', '7', '2', '2', '1');
insert into EndScores (end_id, range_score_id, end_number, score_arrow1, score_arrow2, score_arrow3, score_arrow4, score_arrow5, score_arrow6) values ('189', '32', '3', '9', '8', '5', '2', '2', '1');
insert into EndScores (end_id, range_score_id, end_number, score_arrow1, score_arrow2, score_arrow3, score_arrow4, score_arrow5, score_arrow6) values ('190', '32', '4', '9', '9', '5', '4', '3', '0');
insert into EndScores (end_id, range_score_id, end_number, score_arrow1, score_arrow2, score_arrow3, score_arrow4, score_arrow5, score_arrow6) values ('191', '32', '5', '8', '6', '6', '5', '3', '3');
insert into EndScores (end_id, range_score_id, end_number, score_arrow1, score_arrow2, score_arrow3, score_arrow4, score_arrow5, score_arrow6) values ('192', '32', '6', '8', '7', '7', '7', '5', '0');
insert into CompetitionEnrolments (archer_id, competition_id) values ('11', '45');
insert into RoundScores (round_score_id, archer_id, competition_id, round_score_date_time, equipment_id, round_def_id, total_score, category_id) values ('9', '11', '45', '2023-04-23 10:24:16.677', 'R', '3', '698', '45');
insert into RangeScores (range_score_id, round_score_id, round_range_id) values ('33', '9', '9');
insert into EndScores (end_id, range_score_id, end_number, score_arrow1, score_arrow2, score_arrow3, score_arrow4, score_arrow5, score_arrow6) values ('193', '33', '1', '9', '9', '8', '6', '6', '1');
insert into EndScores (end_id, range_score_id, end_number, score_arrow1, score_arrow2, score_arrow3, score_arrow4, score_arrow5, score_arrow6) values ('194', '33', '2', '9', '9', '4', '3', '3', '3');
insert into EndScores (end_id, range_score_id, end_number, score_arrow1, score_arrow2, score_arrow3, score_arrow4, score_arrow5, score_arrow6) values ('195', '33', '3', '5', '5', '4', '1', '0', '0');
insert into EndScores (end_id, range_score_id, end_number, score_arrow1, score_arrow2, score_arrow3, score_arrow4, score_arrow5, score_arrow6) values ('196', '33', '4', '9', '8', '7', '6', '4', '2');
insert into EndScores (end_id, range_score_id, end_number, score_arrow1, score_arrow2, score_arrow3, score_arrow4, score_arrow5, score_arrow6) values ('197', '33', '5', '6', '6', '5', '4', '2', '1');
insert into EndScores (end_id, range_score_id, end_number, score_arrow1, score_arrow2, score_arrow3, score_arrow4, score_arrow5, score_arrow6) values ('198', '33', '6', '9', '7', '4', '2', '2', '0');
insert into RangeScores (range_score_id, round_score_id, round_range_id) values ('34', '9', '10');
insert into EndScores (end_id, range_score_id, end_number, score_arrow1, score_arrow2, score_arrow3, score_arrow4, score_arrow5, score_arrow6) values ('199', '34', '1', '9', '8', '5', '5', '3', '2');
insert into EndScores (end_id, range_score_id, end_number, score_arrow1, score_arrow2, score_arrow3, score_arrow4, score_arrow5, score_arrow6) values ('200', '34', '2', '8', '7', '5', '5', '3', '1');
insert into EndScores (end_id, range_score_id, end_number, score_arrow1, score_arrow2, score_arrow3, score_arrow4, score_arrow5, score_arrow6) values ('201', '34', '3', '9', '7', '4', '4', '3', '2');
insert into EndScores (end_id, range_score_id, end_number, score_arrow1, score_arrow2, score_arrow3, score_arrow4, score_arrow5, score_arrow6) values ('202', '34', '4', '7', '5', '3', '2', '1', '0');
insert into EndScores (end_id, range_score_id, end_number, score_arrow1, score_arrow2, score_arrow3, score_arrow4, score_arrow5, score_arrow6) values ('203', '34', '5', '9', '7', '4', '2', '1', '1');
insert into EndScores (end_id, range_score_id, end_number, score_arrow1, score_arrow2, score_arrow3, score_arrow4, score_arrow5, score_arrow6) values ('204', '34', '6', '9', '8', '5', '4', '3', '0');
insert into RangeScores (range_score_id, round_score_id, round_range_id) values ('35', '9', '11');
insert into EndScores (end_id, range_score_id, end_number, score_arrow1, score_arrow2, score_arrow3, score_arrow4, score_arrow5, score_arrow6) values ('205', '35', '1', '8', '8', '6', '5', '3', '2');
insert into EndScores (end_id, range_score_id, end_number, score_arrow1, score_arrow2, score_arrow3, score_arrow4, score_arrow5, score_arrow6) values ('206', '35', '2', '8', '8', '6', '5', '5', '1');
insert into EndScores (end_id, range_score_id, end_number, score_arrow1, score_arrow2, score_arrow3, score_arrow4, score_arrow5, score_arrow6) values ('207', '35', '3', '9', '8', '4', '3', '3', '2');
insert into EndScores (end_id, range_score_id, end_number, score_arrow1, score_arrow2, score_arrow3, score_arrow4, score_arrow5, score_arrow6) values ('208', '35', '4', '9', '8', '6', '5', '4', '1');
insert into EndScores (end_id, range_score_id, end_number, score_arrow1, score_arrow2, score_arrow3, score_arrow4, score_arrow5, score_arrow6) values ('209', '35', '5', '9', '9', '6', '5', '2', '0');
insert into EndScores (end_id, range_score_id, end_number, score_arrow1, score_arrow2, score_arrow3, score_arrow4, score_arrow5, score_arrow6) values ('210', '35', '6', '8', '7', '5', '5', '2', '1');
insert into RangeScores (range_score_id, round_score_id, round_range_id) values ('36', '9', '12');
insert into EndScores (end_id, range_score_id, end_number, score_arrow1, score_arrow2, score_arrow3, score_arrow4, score_arrow5, score_arrow6) values ('211', '36', '1', '7', '7', '6', '6', '2', '1');
insert into EndScores (end_id, range_score_id, end_number, score_arrow1, score_arrow2, score_arrow3, score_arrow4, score_arrow5, score_arrow6) values ('212', '36', '2', '8', '5', '5', '4', '3', '1');
insert into EndScores (end_id, range_score_id, end_number, score_arrow1, score_arrow2, score_arrow3, score_arrow4, score_arrow5, score_arrow6) values ('213', '36', '3', '8', '8', '3', '3', '1', '0');
insert into EndScores (end_id, range_score_id, end_number, score_arrow1, score_arrow2, score_arrow3, score_arrow4, score_arrow5, score_arrow6) values ('214', '36', '4', '9', '8', '7', '5', '3', '2');
insert into EndScores (end_id, range_score_id, end_number, score_arrow1, score_arrow2, score_arrow3, score_arrow4, score_arrow5, score_arrow6) values ('215', '36', '5', '9', '9', '7', '6', '4', '3');
insert into EndScores (end_id, range_score_id, end_number, score_arrow1, score_arrow2, score_arrow3, score_arrow4, score_arrow5, score_arrow6) values ('216', '36', '6', '9', '8', '8', '3', '2', '2');
insert into CompetitionEnrolments (archer_id, competition_id) values ('12', '12');
insert into RoundScores (round_score_id, archer_id, competition_id, round_score_date_time, equipment_id, round_def_id, total_score, category_id) values ('10', '12', '12', '2023-04-23 16:57:27.551', 'L', '4', '586', '12');
insert into RangeScores (range_score_id, round_score_id, round_range_id) values ('37', '10', '13');
insert into EndScores (end_id, range_score_id, end_number, score_arrow1, score_arrow2, score_arrow3, score_arrow4, score_arrow5, score_arrow6) values ('217', '37', '1', '6', '4', '3', '1', '1', '0');
insert into EndScores (end_id, range_score_id, end_number, score_arrow1, score_arrow2, score_arrow3, score_arrow4, score_arrow5, score_arrow6) values ('218', '37', '2', '8', '8', '7', '2', '1', '1');
insert into EndScores (end_id, range_score_id, end_number, score_arrow1, score_arrow2, score_arrow3, score_arrow4, score_arrow5, score_arrow6) values ('219', '37', '3', '9', '7', '5', '4', '3', '3');
insert into EndScores (end_id, range_score_id, end_number, score_arrow1, score_arrow2, score_arrow3, score_arrow4, score_arrow5, score_arrow6) values ('220', '37', '4', '9', '4', '2', '0', '0', '0');
insert into EndScores (end_id, range_score_id, end_number, score_arrow1, score_arrow2, score_arrow3, score_arrow4, score_arrow5, score_arrow6) values ('221', '37', '5', '9', '5', '5', '2', '1', '0');
insert into EndScores (end_id, range_score_id, end_number, score_arrow1, score_arrow2, score_arrow3, score_arrow4, score_arrow5, score_arrow6) values ('222', '37', '6', '9', '8', '6', '2', '0', '0');
insert into RangeScores (range_score_id, round_score_id, round_range_id) values ('38', '10', '14');
insert into EndScores (end_id, range_score_id, end_number, score_arrow1, score_arrow2, score_arrow3, score_arrow4, score_arrow5, score_arrow6) values ('223', '38', '1', '7', '7', '7', '6', '1', '1');
insert into EndScores (end_id, range_score_id, end_number, score_arrow1, score_arrow2, score_arrow3, score_arrow4, score_arrow5, score_arrow6) values ('224', '38', '2', '9', '8', '8', '7', '5', '1');
insert into EndScores (end_id, range_score_id, end_number, score_arrow1, score_arrow2, score_arrow3, score_arrow4, score_arrow5, score_arrow6) values ('225', '38', '3', '8', '8', '7', '4', '2', '0');
insert into EndScores (end_id, range_score_id, end_number, score_arrow1, score_arrow2, score_arrow3, score_arrow4, score_arrow5, score_arrow6) values ('226', '38', '4', '4', '3', '3', '1', '0', '0');
insert into EndScores (end_id, range_score_id, end_number, score_arrow1, score_arrow2, score_arrow3, score_arrow4, score_arrow5, score_arrow6) values ('227', '38', '5', '8', '6', '6', '4', '3', '1');
insert into EndScores (end_id, range_score_id, end_number, score_arrow1, score_arrow2, score_arrow3, score_arrow4, score_arrow5, score_arrow6) values ('228', '38', '6', '8', '7', '6', '4', '1', '0');
insert into RangeScores (range_score_id, round_score_id, round_range_id) values ('39', '10', '15');
insert into EndScores (end_id, range_score_id, end_number, score_arrow1, score_arrow2, score_arrow3, score_arrow4, score_arrow5, score_arrow6) values ('229', '39', '1', '9', '8', '7', '5', '3', '0');
insert into EndScores (end_id, range_score_id, end_number, score_arrow1, score_arrow2, score_arrow3, score_arrow4, score_arrow5, score_arrow6) values ('230', '39', '2', '8', '4', '3', '3', '2', '2');
insert into EndScores (end_id, range_score_id, end_number, score_arrow1, score_arrow2, score_arrow3, score_arrow4, score_arrow5, score_arrow6) values ('231', '39', '3', '8', '6', '4', '3', '0', '0');
insert into EndScores (end_id, range_score_id, end_number, score_arrow1, score_arrow2, score_arrow3, score_arrow4, score_arrow5, score_arrow6) values ('232', '39', '4', '9', '4', '3', '2', '2', '1');
insert into EndScores (end_id, range_score_id, end_number, score_arrow1, score_arrow2, score_arrow3, score_arrow4, score_arrow5, score_arrow6) values ('233', '39', '5', '5', '5', '5', '4', '1', '0');
insert into EndScores (end_id, range_score_id, end_number, score_arrow1, score_arrow2, score_arrow3, score_arrow4, score_arrow5, score_arrow6) values ('234', '39', '6', '8', '7', '5', '4', '3', '3');
insert into RangeScores (range_score_id, round_score_id, round_range_id) values ('40', '10', '16');
insert into EndScores (end_id, range_score_id, end_number, score_arrow1, score_arrow2, score_arrow3, score_arrow4, score_arrow5, score_arrow6) values ('235', '40', '1', '7', '7', '3', '1', '1', '0');
insert into EndScores (end_id, range_score_id, end_number, score_arrow1, score_arrow2, score_arrow3, score_arrow4, score_arrow5, score_arrow6) values ('236', '40', '2', '8', '7', '3', '1', '1', '0');
insert into EndScores (end_id, range_score_id, end_number, score_arrow1, score_arrow2, score_arrow3, score_arrow4, score_arrow5, score_arrow6) values ('237', '40', '3', '9', '6', '5', '3', '3', '2');
insert into EndScores (end_id, range_score_id, end_number, score_arrow1, score_arrow2, score_arrow3, score_arrow4, score_arrow5, score_arrow6) values ('238', '40', '4', '7', '6', '5', '4', '3', '3');
insert into EndScores (end_id, range_score_id, end_number, score_arrow1, score_arrow2, score_arrow3, score_arrow4, score_arrow5, score_arrow6) values ('239', '40', '5', '7', '5', '4', '2', '1', '1');
insert into EndScores (end_id, range_score_id, end_number, score_arrow1, score_arrow2, score_arrow3, score_arrow4, score_arrow5, score_arrow6) values ('240', '40', '6', '9', '8', '7', '3', '2', '0');
insert into CompetitionEnrolments (archer_id, competition_id) values ('13', '20');
insert into RoundScores (round_score_id, archer_id, competition_id, round_score_date_time, equipment_id, round_def_id, total_score, category_id) values ('11', '13', '20', '2023-04-23 12:26:58.885', 'L', '4', '653', '20');
insert into RangeScores (range_score_id, round_score_id, round_range_id) values ('41', '11', '13');
insert into EndScores (end_id, range_score_id, end_number, score_arrow1, score_arrow2, score_arrow3, score_arrow4, score_arrow5, score_arrow6) values ('241', '41', '1', '8', '7', '6', '3', '1', '0');
insert into EndScores (end_id, range_score_id, end_number, score_arrow1, score_arrow2, score_arrow3, score_arrow4, score_arrow5, score_arrow6) values ('242', '41', '2', '9', '9', '7', '6', '6', '1');
insert into EndScores (end_id, range_score_id, end_number, score_arrow1, score_arrow2, score_arrow3, score_arrow4, score_arrow5, score_arrow6) values ('243', '41', '3', '6', '5', '5', '4', '3', '0');
insert into EndScores (end_id, range_score_id, end_number, score_arrow1, score_arrow2, score_arrow3, score_arrow4, score_arrow5, score_arrow6) values ('244', '41', '4', '9', '4', '2', '1', '1', '1');
insert into EndScores (end_id, range_score_id, end_number, score_arrow1, score_arrow2, score_arrow3, score_arrow4, score_arrow5, score_arrow6) values ('245', '41', '5', '7', '7', '7', '2', '1', '1');
insert into EndScores (end_id, range_score_id, end_number, score_arrow1, score_arrow2, score_arrow3, score_arrow4, score_arrow5, score_arrow6) values ('246', '41', '6', '7', '5', '5', '1', '1', '0');
insert into RangeScores (range_score_id, round_score_id, round_range_id) values ('42', '11', '14');
insert into EndScores (end_id, range_score_id, end_number, score_arrow1, score_arrow2, score_arrow3, score_arrow4, score_arrow5, score_arrow6) values ('247', '42', '1', '6', '4', '3', '1', '0', '0');
insert into EndScores (end_id, range_score_id, end_number, score_arrow1, score_arrow2, score_arrow3, score_arrow4, score_arrow5, score_arrow6) values ('248', '42', '2', '9', '7', '6', '6', '5', '1');
insert into EndScores (end_id, range_score_id, end_number, score_arrow1, score_arrow2, score_arrow3, score_arrow4, score_arrow5, score_arrow6) values ('249', '42', '3', '9', '5', '5', '5', '3', '1');
insert into EndScores (end_id, range_score_id, end_number, score_arrow1, score_arrow2, score_arrow3, score_arrow4, score_arrow5, score_arrow6) values ('250', '42', '4', '8', '7', '6', '4', '2', '1');
insert into EndScores (end_id, range_score_id, end_number, score_arrow1, score_arrow2, score_arrow3, score_arrow4, score_arrow5, score_arrow6) values ('251', '42', '5', '9', '8', '7', '5', '3', '1');
insert into EndScores (end_id, range_score_id, end_number, score_arrow1, score_arrow2, score_arrow3, score_arrow4, score_arrow5, score_arrow6) values ('252', '42', '6', '8', '6', '4', '4', '1', '1');
insert into RangeScores (range_score_id, round_score_id, round_range_id) values ('43', '11', '15');
insert into EndScores (end_id, range_score_id, end_number, score_arrow1, score_arrow2, score_arrow3, score_arrow4, score_arrow5, score_arrow6) values ('253', '43', '1', '9', '9', '7', '7', '5', '3');
insert into EndScores (end_id, range_score_id, end_number, score_arrow1, score_arrow2, score_arrow3, score_arrow4, score_arrow5, score_arrow6) values ('254', '43', '2', '8', '7', '6', '6', '2', '0');
insert into EndScores (end_id, range_score_id, end_number, score_arrow1, score_arrow2, score_arrow3, score_arrow4, score_arrow5, score_arrow6) values ('255', '43', '3', '9', '7', '6', '2', '1', '0');
insert into EndScores (end_id, range_score_id, end_number, score_arrow1, score_arrow2, score_arrow3, score_arrow4, score_arrow5, score_arrow6) values ('256', '43', '4', '8', '5', '5', '3', '3', '2');
insert into EndScores (end_id, range_score_id, end_number, score_arrow1, score_arrow2, score_arrow3, score_arrow4, score_arrow5, score_arrow6) values ('257', '43', '5', '8', '8', '7', '4', '3', '2');
insert into EndScores (end_id, range_score_id, end_number, score_arrow1, score_arrow2, score_arrow3, score_arrow4, score_arrow5, score_arrow6) values ('258', '43', '6', '9', '8', '3', '3', '1', '1');
insert into RangeScores (range_score_id, round_score_id, round_range_id) values ('44', '11', '16');
insert into EndScores (end_id, range_score_id, end_number, score_arrow1, score_arrow2, score_arrow3, score_arrow4, score_arrow5, score_arrow6) values ('259', '44', '1', '8', '8', '6', '4', '3', '0');
insert into EndScores (end_id, range_score_id, end_number, score_arrow1, score_arrow2, score_arrow3, score_arrow4, score_arrow5, score_arrow6) values ('260', '44', '2', '8', '6', '5', '3', '1', '0');
insert into EndScores (end_id, range_score_id, end_number, score_arrow1, score_arrow2, score_arrow3, score_arrow4, score_arrow5, score_arrow6) values ('261', '44', '3', '9', '8', '7', '4', '3', '0');
insert into EndScores (end_id, range_score_id, end_number, score_arrow1, score_arrow2, score_arrow3, score_arrow4, score_arrow5, score_arrow6) values ('262', '44', '4', '6', '6', '4', '3', '3', '0');
insert into EndScores (end_id, range_score_id, end_number, score_arrow1, score_arrow2, score_arrow3, score_arrow4, score_arrow5, score_arrow6) values ('263', '44', '5', '9', '8', '8', '5', '4', '2');
insert into EndScores (end_id, range_score_id, end_number, score_arrow1, score_arrow2, score_arrow3, score_arrow4, score_arrow5, score_arrow6) values ('264', '44', '6', '9', '7', '4', '3', '2', '1');
insert into CompetitionEnrolments (archer_id, competition_id) values ('14', '2');
insert into RoundScores (round_score_id, archer_id, competition_id, round_score_date_time, equipment_id, round_def_id, total_score, category_id) values ('12', '14', '2', '2023-04-23 11:23:47.117', 'C', '1', '639', '2');
insert into RangeScores (range_score_id, round_score_id, round_range_id) values ('45', '12', '1');
insert into EndScores (end_id, range_score_id, end_number, score_arrow1, score_arrow2, score_arrow3, score_arrow4, score_arrow5, score_arrow6) values ('265', '45', '1', '9', '8', '5', '3', '2', '0');
insert into EndScores (end_id, range_score_id, end_number, score_arrow1, score_arrow2, score_arrow3, score_arrow4, score_arrow5, score_arrow6) values ('266', '45', '2', '7', '6', '5', '3', '2', '0');
insert into EndScores (end_id, range_score_id, end_number, score_arrow1, score_arrow2, score_arrow3, score_arrow4, score_arrow5, score_arrow6) values ('267', '45', '3', '5', '5', '2', '2', '2', '2');
insert into EndScores (end_id, range_score_id, end_number, score_arrow1, score_arrow2, score_arrow3, score_arrow4, score_arrow5, score_arrow6) values ('268', '45', '4', '5', '2', '2', '1', '1', '0');
insert into EndScores (end_id, range_score_id, end_number, score_arrow1, score_arrow2, score_arrow3, score_arrow4, score_arrow5, score_arrow6) values ('269', '45', '5', '9', '8', '6', '4', '3', '2');
insert into EndScores (end_id, range_score_id, end_number, score_arrow1, score_arrow2, score_arrow3, score_arrow4, score_arrow5, score_arrow6) values ('270', '45', '6', '7', '5', '2', '2', '1', '0');
insert into RangeScores (range_score_id, round_score_id, round_range_id) values ('46', '12', '2');
insert into EndScores (end_id, range_score_id, end_number, score_arrow1, score_arrow2, score_arrow3, score_arrow4, score_arrow5, score_arrow6) values ('271', '46', '1', '6', '5', '3', '0', '0', '0');
insert into EndScores (end_id, range_score_id, end_number, score_arrow1, score_arrow2, score_arrow3, score_arrow4, score_arrow5, score_arrow6) values ('272', '46', '2', '8', '5', '5', '3', '2', '1');
insert into EndScores (end_id, range_score_id, end_number, score_arrow1, score_arrow2, score_arrow3, score_arrow4, score_arrow5, score_arrow6) values ('273', '46', '3', '9', '9', '8', '8', '3', '3');
insert into EndScores (end_id, range_score_id, end_number, score_arrow1, score_arrow2, score_arrow3, score_arrow4, score_arrow5, score_arrow6) values ('274', '46', '4', '9', '7', '6', '6', '5', '0');
insert into EndScores (end_id, range_score_id, end_number, score_arrow1, score_arrow2, score_arrow3, score_arrow4, score_arrow5, score_arrow6) values ('275', '46', '5', '8', '6', '5', '4', '2', '0');
insert into EndScores (end_id, range_score_id, end_number, score_arrow1, score_arrow2, score_arrow3, score_arrow4, score_arrow5, score_arrow6) values ('276', '46', '6', '9', '8', '7', '7', '6', '4');
insert into RangeScores (range_score_id, round_score_id, round_range_id) values ('47', '12', '3');
insert into EndScores (end_id, range_score_id, end_number, score_arrow1, score_arrow2, score_arrow3, score_arrow4, score_arrow5, score_arrow6) values ('277', '47', '1', '8', '8', '8', '7', '4', '4');
insert into EndScores (end_id, range_score_id, end_number, score_arrow1, score_arrow2, score_arrow3, score_arrow4, score_arrow5, score_arrow6) values ('278', '47', '2', '9', '7', '6', '5', '2', '2');
insert into EndScores (end_id, range_score_id, end_number, score_arrow1, score_arrow2, score_arrow3, score_arrow4, score_arrow5, score_arrow6) values ('279', '47', '3', '5', '4', '2', '1', '1', '0');
insert into EndScores (end_id, range_score_id, end_number, score_arrow1, score_arrow2, score_arrow3, score_arrow4, score_arrow5, score_arrow6) values ('280', '47', '4', '9', '9', '7', '6', '6', '1');
insert into EndScores (end_id, range_score_id, end_number, score_arrow1, score_arrow2, score_arrow3, score_arrow4, score_arrow5, score_arrow6) values ('281', '47', '5', '9', '8', '6', '5', '2', '1');
insert into EndScores (end_id, range_score_id, end_number, score_arrow1, score_arrow2, score_arrow3, score_arrow4, score_arrow5, score_arrow6) values ('282', '47', '6', '8', '7', '6', '1', '1', '1');
insert into RangeScores (range_score_id, round_score_id, round_range_id) values ('48', '12', '4');
insert into EndScores (end_id, range_score_id, end_number, score_arrow1, score_arrow2, score_arrow3, score_arrow4, score_arrow5, score_arrow6) values ('283', '48', '1', '8', '5', '4', '3', '1', '0');
insert into EndScores (end_id, range_score_id, end_number, score_arrow1, score_arrow2, score_arrow3, score_arrow4, score_arrow5, score_arrow6) values ('284', '48', '2', '9', '8', '6', '3', '2', '1');
insert into EndScores (end_id, range_score_id, end_number, score_arrow1, score_arrow2, score_arrow3, score_arrow4, score_arrow5, score_arrow6) values ('285', '48', '3', '8', '7', '7', '4', '3', '1');
insert into EndScores (end_id, range_score_id, end_number, score_arrow1, score_arrow2, score_arrow3, score_arrow4, score_arrow5, score_arrow6) values ('286', '48', '4', '9', '6', '3', '3', '2', '1');
insert into EndScores (end_id, range_score_id, end_number, score_arrow1, score_arrow2, score_arrow3, score_arrow4, score_arrow5, score_arrow6) values ('287', '48', '5', '9', '8', '6', '4', '2', '1');
insert into EndScores (end_id, range_score_id, end_number, score_arrow1, score_arrow2, score_arrow3, score_arrow4, score_arrow5, score_arrow6) values ('288', '48', '6', '8', '7', '5', '2', '2', '0');
insert into CompetitionEnrolments (archer_id, competition_id) values ('15', '27');
insert into RoundScores (round_score_id, archer_id, competition_id, round_score_date_time, equipment_id, round_def_id, total_score, category_id) values ('13', '15', '27', '2023-04-23 14:53:43.780', 'B', '3', '650', '27');
insert into RangeScores (range_score_id, round_score_id, round_range_id) values ('49', '13', '9');
insert into EndScores (end_id, range_score_id, end_number, score_arrow1, score_arrow2, score_arrow3, score_arrow4, score_arrow5, score_arrow6) values ('289', '49', '1', '6', '6', '5', '4', '3', '1');
insert into EndScores (end_id, range_score_id, end_number, score_arrow1, score_arrow2, score_arrow3, score_arrow4, score_arrow5, score_arrow6) values ('290', '49', '2', '9', '8', '8', '5', '3', '2');
insert into EndScores (end_id, range_score_id, end_number, score_arrow1, score_arrow2, score_arrow3, score_arrow4, score_arrow5, score_arrow6) values ('291', '49', '3', '6', '5', '3', '3', '2', '0');
insert into EndScores (end_id, range_score_id, end_number, score_arrow1, score_arrow2, score_arrow3, score_arrow4, score_arrow5, score_arrow6) values ('292', '49', '4', '9', '7', '5', '5', '0', '0');
insert into EndScores (end_id, range_score_id, end_number, score_arrow1, score_arrow2, score_arrow3, score_arrow4, score_arrow5, score_arrow6) values ('293', '49', '5', '9', '9', '7', '7', '2', '0');
insert into EndScores (end_id, range_score_id, end_number, score_arrow1, score_arrow2, score_arrow3, score_arrow4, score_arrow5, score_arrow6) values ('294', '49', '6', '9', '9', '7', '5', '3', '0');
insert into RangeScores (range_score_id, round_score_id, round_range_id) values ('50', '13', '10');
insert into EndScores (end_id, range_score_id, end_number, score_arrow1, score_arrow2, score_arrow3, score_arrow4, score_arrow5, score_arrow6) values ('295', '50', '1', '8', '7', '7', '6', '2', '1');
insert into EndScores (end_id, range_score_id, end_number, score_arrow1, score_arrow2, score_arrow3, score_arrow4, score_arrow5, score_arrow6) values ('296', '50', '2', '9', '7', '6', '4', '4', '2');
insert into EndScores (end_id, range_score_id, end_number, score_arrow1, score_arrow2, score_arrow3, score_arrow4, score_arrow5, score_arrow6) values ('297', '50', '3', '9', '5', '5', '3', '2', '1');
insert into EndScores (end_id, range_score_id, end_number, score_arrow1, score_arrow2, score_arrow3, score_arrow4, score_arrow5, score_arrow6) values ('298', '50', '4', '9', '7', '6', '4', '1', '1');
insert into EndScores (end_id, range_score_id, end_number, score_arrow1, score_arrow2, score_arrow3, score_arrow4, score_arrow5, score_arrow6) values ('299', '50', '5', '9', '9', '8', '7', '5', '2');
insert into EndScores (end_id, range_score_id, end_number, score_arrow1, score_arrow2, score_arrow3, score_arrow4, score_arrow5, score_arrow6) values ('300', '50', '6', '8', '4', '3', '3', '2', '0');
insert into RangeScores (range_score_id, round_score_id, round_range_id) values ('51', '13', '11');
insert into EndScores (end_id, range_score_id, end_number, score_arrow1, score_arrow2, score_arrow3, score_arrow4, score_arrow5, score_arrow6) values ('301', '51', '1', '9', '7', '7', '6', '1', '0');
insert into EndScores (end_id, range_score_id, end_number, score_arrow1, score_arrow2, score_arrow3, score_arrow4, score_arrow5, score_arrow6) values ('302', '51', '2', '6', '6', '4', '4', '3', '1');
insert into EndScores (end_id, range_score_id, end_number, score_arrow1, score_arrow2, score_arrow3, score_arrow4, score_arrow5, score_arrow6) values ('303', '51', '3', '9', '7', '4', '3', '2', '1');
insert into EndScores (end_id, range_score_id, end_number, score_arrow1, score_arrow2, score_arrow3, score_arrow4, score_arrow5, score_arrow6) values ('304', '51', '4', '9', '8', '7', '4', '2', '0');
insert into EndScores (end_id, range_score_id, end_number, score_arrow1, score_arrow2, score_arrow3, score_arrow4, score_arrow5, score_arrow6) values ('305', '51', '5', '6', '6', '6', '4', '1', '1');
insert into EndScores (end_id, range_score_id, end_number, score_arrow1, score_arrow2, score_arrow3, score_arrow4, score_arrow5, score_arrow6) values ('306', '51', '6', '7', '6', '3', '2', '2', '0');
insert into RangeScores (range_score_id, round_score_id, round_range_id) values ('52', '13', '12');
insert into EndScores (end_id, range_score_id, end_number, score_arrow1, score_arrow2, score_arrow3, score_arrow4, score_arrow5, score_arrow6) values ('307', '52', '1', '6', '6', '4', '4', '1', '0');
insert into EndScores (end_id, range_score_id, end_number, score_arrow1, score_arrow2, score_arrow3, score_arrow4, score_arrow5, score_arrow6) values ('308', '52', '2', '8', '8', '3', '3', '3', '2');
insert into EndScores (end_id, range_score_id, end_number, score_arrow1, score_arrow2, score_arrow3, score_arrow4, score_arrow5, score_arrow6) values ('309', '52', '3', '9', '6', '4', '3', '2', '1');
insert into EndScores (end_id, range_score_id, end_number, score_arrow1, score_arrow2, score_arrow3, score_arrow4, score_arrow5, score_arrow6) values ('310', '52', '4', '7', '6', '5', '3', '1', '1');
insert into EndScores (end_id, range_score_id, end_number, score_arrow1, score_arrow2, score_arrow3, score_arrow4, score_arrow5, score_arrow6) values ('311', '52', '5', '7', '6', '5', '3', '1', '0');
insert into EndScores (end_id, range_score_id, end_number, score_arrow1, score_arrow2, score_arrow3, score_arrow4, score_arrow5, score_arrow6) values ('312', '52', '6', '9', '9', '5', '5', '2', '0');
insert into CompetitionEnrolments (archer_id, competition_id) values ('16', '15');
insert into RoundScores (round_score_id, archer_id, competition_id, round_score_date_time, equipment_id, round_def_id, total_score, category_id) values ('14', '16', '15', '2023-04-23 15:19:38.658', 'B', '3', '696', '15');
insert into RangeScores (range_score_id, round_score_id, round_range_id) values ('53', '14', '9');
insert into EndScores (end_id, range_score_id, end_number, score_arrow1, score_arrow2, score_arrow3, score_arrow4, score_arrow5, score_arrow6) values ('313', '53', '1', '9', '8', '6', '5', '4', '2');
insert into EndScores (end_id, range_score_id, end_number, score_arrow1, score_arrow2, score_arrow3, score_arrow4, score_arrow5, score_arrow6) values ('314', '53', '2', '8', '7', '5', '3', '2', '1');
insert into EndScores (end_id, range_score_id, end_number, score_arrow1, score_arrow2, score_arrow3, score_arrow4, score_arrow5, score_arrow6) values ('315', '53', '3', '9', '9', '7', '7', '3', '0');
insert into EndScores (end_id, range_score_id, end_number, score_arrow1, score_arrow2, score_arrow3, score_arrow4, score_arrow5, score_arrow6) values ('316', '53', '4', '9', '7', '6', '6', '6', '5');
insert into EndScores (end_id, range_score_id, end_number, score_arrow1, score_arrow2, score_arrow3, score_arrow4, score_arrow5, score_arrow6) values ('317', '53', '5', '7', '6', '5', '4', '4', '0');
insert into EndScores (end_id, range_score_id, end_number, score_arrow1, score_arrow2, score_arrow3, score_arrow4, score_arrow5, score_arrow6) values ('318', '53', '6', '8', '8', '7', '7', '3', '0');
insert into RangeScores (range_score_id, round_score_id, round_range_id) values ('54', '14', '10');
insert into EndScores (end_id, range_score_id, end_number, score_arrow1, score_arrow2, score_arrow3, score_arrow4, score_arrow5, score_arrow6) values ('319', '54', '1', '9', '8', '8', '7', '4', '2');
insert into EndScores (end_id, range_score_id, end_number, score_arrow1, score_arrow2, score_arrow3, score_arrow4, score_arrow5, score_arrow6) values ('320', '54', '2', '9', '9', '5', '2', '1', '0');
insert into EndScores (end_id, range_score_id, end_number, score_arrow1, score_arrow2, score_arrow3, score_arrow4, score_arrow5, score_arrow6) values ('321', '54', '3', '6', '5', '1', '1', '1', '0');
insert into EndScores (end_id, range_score_id, end_number, score_arrow1, score_arrow2, score_arrow3, score_arrow4, score_arrow5, score_arrow6) values ('322', '54', '4', '7', '6', '5', '4', '1', '1');
insert into EndScores (end_id, range_score_id, end_number, score_arrow1, score_arrow2, score_arrow3, score_arrow4, score_arrow5, score_arrow6) values ('323', '54', '5', '9', '7', '7', '5', '5', '3');
insert into EndScores (end_id, range_score_id, end_number, score_arrow1, score_arrow2, score_arrow3, score_arrow4, score_arrow5, score_arrow6) values ('324', '54', '6', '9', '9', '8', '7', '4', '0');
insert into RangeScores (range_score_id, round_score_id, round_range_id) values ('55', '14', '11');
insert into EndScores (end_id, range_score_id, end_number, score_arrow1, score_arrow2, score_arrow3, score_arrow4, score_arrow5, score_arrow6) values ('325', '55', '1', '9', '8', '4', '3', '3', '1');
insert into EndScores (end_id, range_score_id, end_number, score_arrow1, score_arrow2, score_arrow3, score_arrow4, score_arrow5, score_arrow6) values ('326', '55', '2', '8', '7', '5', '3', '1', '0');
insert into EndScores (end_id, range_score_id, end_number, score_arrow1, score_arrow2, score_arrow3, score_arrow4, score_arrow5, score_arrow6) values ('327', '55', '3', '7', '7', '6', '2', '1', '0');
insert into EndScores (end_id, range_score_id, end_number, score_arrow1, score_arrow2, score_arrow3, score_arrow4, score_arrow5, score_arrow6) values ('328', '55', '4', '7', '7', '3', '2', '0', '0');
insert into EndScores (end_id, range_score_id, end_number, score_arrow1, score_arrow2, score_arrow3, score_arrow4, score_arrow5, score_arrow6) values ('329', '55', '5', '4', '4', '3', '3', '2', '1');
insert into EndScores (end_id, range_score_id, end_number, score_arrow1, score_arrow2, score_arrow3, score_arrow4, score_arrow5, score_arrow6) values ('330', '55', '6', '9', '7', '6', '5', '3', '2');
insert into RangeScores (range_score_id, round_score_id, round_range_id) values ('56', '14', '12');
insert into EndScores (end_id, range_score_id, end_number, score_arrow1, score_arrow2, score_arrow3, score_arrow4, score_arrow5, score_arrow6) values ('331', '56', '1', '8', '6', '5', '3', '2', '0');
insert into EndScores (end_id, range_score_id, end_number, score_arrow1, score_arrow2, score_arrow3, score_arrow4, score_arrow5, score_arrow6) values ('332', '56', '2', '9', '7', '7', '4', '2', '1');
insert into EndScores (end_id, range_score_id, end_number, score_arrow1, score_arrow2, score_arrow3, score_arrow4, score_arrow5, score_arrow6) values ('333', '56', '3', '9', '9', '7', '6', '6', '5');
insert into EndScores (end_id, range_score_id, end_number, score_arrow1, score_arrow2, score_arrow3, score_arrow4, score_arrow5, score_arrow6) values ('334', '56', '4', '8', '6', '6', '5', '1', '1');
insert into EndScores (end_id, range_score_id, end_number, score_arrow1, score_arrow2, score_arrow3, score_arrow4, score_arrow5, score_arrow6) values ('335', '56', '5', '9', '9', '9', '5', '3', '2');
insert into EndScores (end_id, range_score_id, end_number, score_arrow1, score_arrow2, score_arrow3, score_arrow4, score_arrow5, score_arrow6) values ('336', '56', '6', '9', '5', '5', '5', '1', '0');
insert into CompetitionEnrolments (archer_id, competition_id) values ('17', '27');
insert into RoundScores (round_score_id, archer_id, competition_id, round_score_date_time, equipment_id, round_def_id, total_score, category_id) values ('15', '17', '27', '2023-04-23 15:36:52.261', 'B', '3', '641', '27');
insert into RangeScores (range_score_id, round_score_id, round_range_id) values ('57', '15', '9');
insert into EndScores (end_id, range_score_id, end_number, score_arrow1, score_arrow2, score_arrow3, score_arrow4, score_arrow5, score_arrow6) values ('337', '57', '1', '9', '9', '6', '4', '1', '0');
insert into EndScores (end_id, range_score_id, end_number, score_arrow1, score_arrow2, score_arrow3, score_arrow4, score_arrow5, score_arrow6) values ('338', '57', '2', '9', '3', '3', '1', '1', '0');
insert into EndScores (end_id, range_score_id, end_number, score_arrow1, score_arrow2, score_arrow3, score_arrow4, score_arrow5, score_arrow6) values ('339', '57', '3', '9', '5', '4', '3', '1', '0');
insert into EndScores (end_id, range_score_id, end_number, score_arrow1, score_arrow2, score_arrow3, score_arrow4, score_arrow5, score_arrow6) values ('340', '57', '4', '8', '8', '4', '4', '2', '0');
insert into EndScores (end_id, range_score_id, end_number, score_arrow1, score_arrow2, score_arrow3, score_arrow4, score_arrow5, score_arrow6) values ('341', '57', '5', '8', '8', '8', '8', '5', '1');
insert into EndScores (end_id, range_score_id, end_number, score_arrow1, score_arrow2, score_arrow3, score_arrow4, score_arrow5, score_arrow6) values ('342', '57', '6', '9', '8', '4', '4', '3', '0');
insert into RangeScores (range_score_id, round_score_id, round_range_id) values ('58', '15', '10');
insert into EndScores (end_id, range_score_id, end_number, score_arrow1, score_arrow2, score_arrow3, score_arrow4, score_arrow5, score_arrow6) values ('343', '58', '1', '8', '5', '4', '4', '2', '1');
insert into EndScores (end_id, range_score_id, end_number, score_arrow1, score_arrow2, score_arrow3, score_arrow4, score_arrow5, score_arrow6) values ('344', '58', '2', '7', '4', '3', '3', '1', '0');
insert into EndScores (end_id, range_score_id, end_number, score_arrow1, score_arrow2, score_arrow3, score_arrow4, score_arrow5, score_arrow6) values ('345', '58', '3', '9', '6', '6', '4', '4', '2');
insert into EndScores (end_id, range_score_id, end_number, score_arrow1, score_arrow2, score_arrow3, score_arrow4, score_arrow5, score_arrow6) values ('346', '58', '4', '6', '4', '3', '2', '1', '0');
insert into EndScores (end_id, range_score_id, end_number, score_arrow1, score_arrow2, score_arrow3, score_arrow4, score_arrow5, score_arrow6) values ('347', '58', '5', '8', '7', '4', '1', '1', '0');
insert into EndScores (end_id, range_score_id, end_number, score_arrow1, score_arrow2, score_arrow3, score_arrow4, score_arrow5, score_arrow6) values ('348', '58', '6', '9', '9', '6', '5', '4', '4');
insert into RangeScores (range_score_id, round_score_id, round_range_id) values ('59', '15', '11');
insert into EndScores (end_id, range_score_id, end_number, score_arrow1, score_arrow2, score_arrow3, score_arrow4, score_arrow5, score_arrow6) values ('349', '59', '1', '9', '8', '7', '4', '2', '2');
insert into EndScores (end_id, range_score_id, end_number, score_arrow1, score_arrow2, score_arrow3, score_arrow4, score_arrow5, score_arrow6) values ('350', '59', '2', '9', '8', '8', '7', '4', '2');
insert into EndScores (end_id, range_score_id, end_number, score_arrow1, score_arrow2, score_arrow3, score_arrow4, score_arrow5, score_arrow6) values ('351', '59', '3', '7', '3', '3', '2', '0', '0');
insert into EndScores (end_id, range_score_id, end_number, score_arrow1, score_arrow2, score_arrow3, score_arrow4, score_arrow5, score_arrow6) values ('352', '59', '4', '9', '9', '6', '5', '3', '2');
insert into EndScores (end_id, range_score_id, end_number, score_arrow1, score_arrow2, score_arrow3, score_arrow4, score_arrow5, score_arrow6) values ('353', '59', '5', '8', '6', '6', '3', '2', '1');
insert into EndScores (end_id, range_score_id, end_number, score_arrow1, score_arrow2, score_arrow3, score_arrow4, score_arrow5, score_arrow6) values ('354', '59', '6', '7', '6', '5', '2', '1', '1');
insert into RangeScores (range_score_id, round_score_id, round_range_id) values ('60', '15', '12');
insert into EndScores (end_id, range_score_id, end_number, score_arrow1, score_arrow2, score_arrow3, score_arrow4, score_arrow5, score_arrow6) values ('355', '60', '1', '7', '6', '5', '5', '4', '1');
insert into EndScores (end_id, range_score_id, end_number, score_arrow1, score_arrow2, score_arrow3, score_arrow4, score_arrow5, score_arrow6) values ('356', '60', '2', '9', '6', '4', '3', '2', '0');
insert into EndScores (end_id, range_score_id, end_number, score_arrow1, score_arrow2, score_arrow3, score_arrow4, score_arrow5, score_arrow6) values ('357', '60', '3', '8', '7', '6', '6', '5', '0');
insert into EndScores (end_id, range_score_id, end_number, score_arrow1, score_arrow2, score_arrow3, score_arrow4, score_arrow5, score_arrow6) values ('358', '60', '4', '9', '7', '4', '1', '1', '1');
insert into EndScores (end_id, range_score_id, end_number, score_arrow1, score_arrow2, score_arrow3, score_arrow4, score_arrow5, score_arrow6) values ('359', '60', '5', '9', '8', '7', '6', '5', '3');
insert into EndScores (end_id, range_score_id, end_number, score_arrow1, score_arrow2, score_arrow3, score_arrow4, score_arrow5, score_arrow6) values ('360', '60', '6', '8', '7', '4', '2', '1', '0');
insert into CompetitionEnrolments (archer_id, competition_id) values ('18', '18');
insert into RoundScores (round_score_id, archer_id, competition_id, round_score_date_time, equipment_id, round_def_id, total_score, category_id) values ('16', '18', '18', '2023-04-23 9:9:10.149', 'C', '3', '665', '18');
insert into RangeScores (range_score_id, round_score_id, round_range_id) values ('61', '16', '9');
insert into EndScores (end_id, range_score_id, end_number, score_arrow1, score_arrow2, score_arrow3, score_arrow4, score_arrow5, score_arrow6) values ('361', '61', '1', '9', '4', '4', '3', '2', '2');
insert into EndScores (end_id, range_score_id, end_number, score_arrow1, score_arrow2, score_arrow3, score_arrow4, score_arrow5, score_arrow6) values ('362', '61', '2', '9', '8', '7', '3', '2', '1');
insert into EndScores (end_id, range_score_id, end_number, score_arrow1, score_arrow2, score_arrow3, score_arrow4, score_arrow5, score_arrow6) values ('363', '61', '3', '9', '5', '4', '3', '1', '1');
insert into EndScores (end_id, range_score_id, end_number, score_arrow1, score_arrow2, score_arrow3, score_arrow4, score_arrow5, score_arrow6) values ('364', '61', '4', '7', '5', '1', '0', '0', '0');
insert into EndScores (end_id, range_score_id, end_number, score_arrow1, score_arrow2, score_arrow3, score_arrow4, score_arrow5, score_arrow6) values ('365', '61', '5', '8', '8', '7', '5', '3', '0');
insert into EndScores (end_id, range_score_id, end_number, score_arrow1, score_arrow2, score_arrow3, score_arrow4, score_arrow5, score_arrow6) values ('366', '61', '6', '7', '5', '5', '2', '0', '0');
insert into RangeScores (range_score_id, round_score_id, round_range_id) values ('62', '16', '10');
insert into EndScores (end_id, range_score_id, end_number, score_arrow1, score_arrow2, score_arrow3, score_arrow4, score_arrow5, score_arrow6) values ('367', '62', '1', '8', '7', '6', '3', '3', '3');
insert into EndScores (end_id, range_score_id, end_number, score_arrow1, score_arrow2, score_arrow3, score_arrow4, score_arrow5, score_arrow6) values ('368', '62', '2', '9', '8', '8', '8', '7', '4');
insert into EndScores (end_id, range_score_id, end_number, score_arrow1, score_arrow2, score_arrow3, score_arrow4, score_arrow5, score_arrow6) values ('369', '62', '3', '8', '6', '5', '3', '3', '0');
insert into EndScores (end_id, range_score_id, end_number, score_arrow1, score_arrow2, score_arrow3, score_arrow4, score_arrow5, score_arrow6) values ('370', '62', '4', '7', '7', '7', '7', '4', '4');
insert into EndScores (end_id, range_score_id, end_number, score_arrow1, score_arrow2, score_arrow3, score_arrow4, score_arrow5, score_arrow6) values ('371', '62', '5', '7', '6', '4', '3', '2', '1');
insert into EndScores (end_id, range_score_id, end_number, score_arrow1, score_arrow2, score_arrow3, score_arrow4, score_arrow5, score_arrow6) values ('372', '62', '6', '8', '7', '5', '3', '1', '0');
insert into RangeScores (range_score_id, round_score_id, round_range_id) values ('63', '16', '11');
insert into EndScores (end_id, range_score_id, end_number, score_arrow1, score_arrow2, score_arrow3, score_arrow4, score_arrow5, score_arrow6) values ('373', '63', '1', '9', '7', '7', '4', '4', '4');
insert into EndScores (end_id, range_score_id, end_number, score_arrow1, score_arrow2, score_arrow3, score_arrow4, score_arrow5, score_arrow6) values ('374', '63', '2', '9', '9', '6', '5', '4', '4');
insert into EndScores (end_id, range_score_id, end_number, score_arrow1, score_arrow2, score_arrow3, score_arrow4, score_arrow5, score_arrow6) values ('375', '63', '3', '9', '8', '7', '5', '4', '2');
insert into EndScores (end_id, range_score_id, end_number, score_arrow1, score_arrow2, score_arrow3, score_arrow4, score_arrow5, score_arrow6) values ('376', '63', '4', '9', '7', '6', '5', '1', '0');
insert into EndScores (end_id, range_score_id, end_number, score_arrow1, score_arrow2, score_arrow3, score_arrow4, score_arrow5, score_arrow6) values ('377', '63', '5', '8', '7', '6', '3', '2', '0');
insert into EndScores (end_id, range_score_id, end_number, score_arrow1, score_arrow2, score_arrow3, score_arrow4, score_arrow5, score_arrow6) values ('378', '63', '6', '8', '8', '7', '5', '4', '0');
insert into RangeScores (range_score_id, round_score_id, round_range_id) values ('64', '16', '12');
insert into EndScores (end_id, range_score_id, end_number, score_arrow1, score_arrow2, score_arrow3, score_arrow4, score_arrow5, score_arrow6) values ('379', '64', '1', '9', '7', '6', '4', '4', '2');
insert into EndScores (end_id, range_score_id, end_number, score_arrow1, score_arrow2, score_arrow3, score_arrow4, score_arrow5, score_arrow6) values ('380', '64', '2', '9', '6', '5', '3', '2', '1');
insert into EndScores (end_id, range_score_id, end_number, score_arrow1, score_arrow2, score_arrow3, score_arrow4, score_arrow5, score_arrow6) values ('381', '64', '3', '9', '7', '4', '3', '2', '2');
insert into EndScores (end_id, range_score_id, end_number, score_arrow1, score_arrow2, score_arrow3, score_arrow4, score_arrow5, score_arrow6) values ('382', '64', '4', '5', '4', '4', '0', '0', '0');
insert into EndScores (end_id, range_score_id, end_number, score_arrow1, score_arrow2, score_arrow3, score_arrow4, score_arrow5, score_arrow6) values ('383', '64', '5', '9', '9', '4', '3', '1', '0');
insert into EndScores (end_id, range_score_id, end_number, score_arrow1, score_arrow2, score_arrow3, score_arrow4, score_arrow5, score_arrow6) values ('384', '64', '6', '8', '6', '6', '4', '2', '0');
insert into CompetitionEnrolments (archer_id, competition_id) values ('19', '4');
insert into RoundScores (round_score_id, archer_id, competition_id, round_score_date_time, equipment_id, round_def_id, total_score, category_id) values ('17', '19', '4', '2023-04-23 17:47:32.204', 'L', '3', '670', '4');
insert into RangeScores (range_score_id, round_score_id, round_range_id) values ('65', '17', '9');
insert into EndScores (end_id, range_score_id, end_number, score_arrow1, score_arrow2, score_arrow3, score_arrow4, score_arrow5, score_arrow6) values ('385', '65', '1', '9', '7', '6', '5', '4', '1');
insert into EndScores (end_id, range_score_id, end_number, score_arrow1, score_arrow2, score_arrow3, score_arrow4, score_arrow5, score_arrow6) values ('386', '65', '2', '9', '5', '5', '1', '1', '0');
insert into EndScores (end_id, range_score_id, end_number, score_arrow1, score_arrow2, score_arrow3, score_arrow4, score_arrow5, score_arrow6) values ('387', '65', '3', '8', '5', '4', '0', '0', '0');
insert into EndScores (end_id, range_score_id, end_number, score_arrow1, score_arrow2, score_arrow3, score_arrow4, score_arrow5, score_arrow6) values ('388', '65', '4', '8', '6', '3', '1', '1', '0');
insert into EndScores (end_id, range_score_id, end_number, score_arrow1, score_arrow2, score_arrow3, score_arrow4, score_arrow5, score_arrow6) values ('389', '65', '5', '9', '7', '6', '6', '6', '1');
insert into EndScores (end_id, range_score_id, end_number, score_arrow1, score_arrow2, score_arrow3, score_arrow4, score_arrow5, score_arrow6) values ('390', '65', '6', '9', '7', '4', '3', '2', '0');
insert into RangeScores (range_score_id, round_score_id, round_range_id) values ('66', '17', '10');
insert into EndScores (end_id, range_score_id, end_number, score_arrow1, score_arrow2, score_arrow3, score_arrow4, score_arrow5, score_arrow6) values ('391', '66', '1', '9', '5', '4', '3', '3', '1');
insert into EndScores (end_id, range_score_id, end_number, score_arrow1, score_arrow2, score_arrow3, score_arrow4, score_arrow5, score_arrow6) values ('392', '66', '2', '9', '8', '4', '4', '3', '1');
insert into EndScores (end_id, range_score_id, end_number, score_arrow1, score_arrow2, score_arrow3, score_arrow4, score_arrow5, score_arrow6) values ('393', '66', '3', '9', '9', '6', '6', '3', '1');
insert into EndScores (end_id, range_score_id, end_number, score_arrow1, score_arrow2, score_arrow3, score_arrow4, score_arrow5, score_arrow6) values ('394', '66', '4', '9', '6', '5', '5', '5', '4');
insert into EndScores (end_id, range_score_id, end_number, score_arrow1, score_arrow2, score_arrow3, score_arrow4, score_arrow5, score_arrow6) values ('395', '66', '5', '8', '6', '5', '4', '4', '2');
insert into EndScores (end_id, range_score_id, end_number, score_arrow1, score_arrow2, score_arrow3, score_arrow4, score_arrow5, score_arrow6) values ('396', '66', '6', '8', '7', '6', '4', '3', '1');
insert into RangeScores (range_score_id, round_score_id, round_range_id) values ('67', '17', '11');
insert into EndScores (end_id, range_score_id, end_number, score_arrow1, score_arrow2, score_arrow3, score_arrow4, score_arrow5, score_arrow6) values ('397', '67', '1', '9', '9', '7', '4', '4', '0');
insert into EndScores (end_id, range_score_id, end_number, score_arrow1, score_arrow2, score_arrow3, score_arrow4, score_arrow5, score_arrow6) values ('398', '67', '2', '7', '7', '6', '1', '1', '0');
insert into EndScores (end_id, range_score_id, end_number, score_arrow1, score_arrow2, score_arrow3, score_arrow4, score_arrow5, score_arrow6) values ('399', '67', '3', '6', '6', '4', '3', '2', '0');
insert into EndScores (end_id, range_score_id, end_number, score_arrow1, score_arrow2, score_arrow3, score_arrow4, score_arrow5, score_arrow6) values ('400', '67', '4', '9', '8', '7', '4', '4', '2');
insert into EndScores (end_id, range_score_id, end_number, score_arrow1, score_arrow2, score_arrow3, score_arrow4, score_arrow5, score_arrow6) values ('401', '67', '5', '9', '8', '7', '3', '1', '0');
insert into EndScores (end_id, range_score_id, end_number, score_arrow1, score_arrow2, score_arrow3, score_arrow4, score_arrow5, score_arrow6) values ('402', '67', '6', '9', '4', '4', '4', '0', '0');
insert into RangeScores (range_score_id, round_score_id, round_range_id) values ('68', '17', '12');
insert into EndScores (end_id, range_score_id, end_number, score_arrow1, score_arrow2, score_arrow3, score_arrow4, score_arrow5, score_arrow6) values ('403', '68', '1', '9', '9', '6', '5', '2', '0');
insert into EndScores (end_id, range_score_id, end_number, score_arrow1, score_arrow2, score_arrow3, score_arrow4, score_arrow5, score_arrow6) values ('404', '68', '2', '7', '6', '5', '3', '3', '1');
insert into EndScores (end_id, range_score_id, end_number, score_arrow1, score_arrow2, score_arrow3, score_arrow4, score_arrow5, score_arrow6) values ('405', '68', '3', '8', '8', '7', '5', '5', '3');
insert into EndScores (end_id, range_score_id, end_number, score_arrow1, score_arrow2, score_arrow3, score_arrow4, score_arrow5, score_arrow6) values ('406', '68', '4', '9', '9', '7', '5', '3', '0');
insert into EndScores (end_id, range_score_id, end_number, score_arrow1, score_arrow2, score_arrow3, score_arrow4, score_arrow5, score_arrow6) values ('407', '68', '5', '8', '8', '6', '4', '2', '0');
insert into EndScores (end_id, range_score_id, end_number, score_arrow1, score_arrow2, score_arrow3, score_arrow4, score_arrow5, score_arrow6) values ('408', '68', '6', '9', '8', '7', '2', '2', '1');
insert into CompetitionEnrolments (archer_id, competition_id) values ('20', '29');
insert into RoundScores (round_score_id, archer_id, competition_id, round_score_date_time, equipment_id, round_def_id, total_score, category_id) values ('18', '20', '29', '2023-04-23 11:6:6.499', 'R', '4', '658', '29');
insert into RangeScores (range_score_id, round_score_id, round_range_id) values ('69', '18', '13');
insert into EndScores (end_id, range_score_id, end_number, score_arrow1, score_arrow2, score_arrow3, score_arrow4, score_arrow5, score_arrow6) values ('409', '69', '1', '6', '5', '4', '4', '4', '3');
insert into EndScores (end_id, range_score_id, end_number, score_arrow1, score_arrow2, score_arrow3, score_arrow4, score_arrow5, score_arrow6) values ('410', '69', '2', '9', '8', '8', '7', '3', '0');
insert into EndScores (end_id, range_score_id, end_number, score_arrow1, score_arrow2, score_arrow3, score_arrow4, score_arrow5, score_arrow6) values ('411', '69', '3', '8', '7', '6', '6', '1', '0');
insert into EndScores (end_id, range_score_id, end_number, score_arrow1, score_arrow2, score_arrow3, score_arrow4, score_arrow5, score_arrow6) values ('412', '69', '4', '8', '8', '2', '2', '2', '1');
insert into EndScores (end_id, range_score_id, end_number, score_arrow1, score_arrow2, score_arrow3, score_arrow4, score_arrow5, score_arrow6) values ('413', '69', '5', '9', '8', '6', '5', '3', '2');
insert into EndScores (end_id, range_score_id, end_number, score_arrow1, score_arrow2, score_arrow3, score_arrow4, score_arrow5, score_arrow6) values ('414', '69', '6', '7', '7', '7', '5', '4', '1');
insert into RangeScores (range_score_id, round_score_id, round_range_id) values ('70', '18', '14');
insert into EndScores (end_id, range_score_id, end_number, score_arrow1, score_arrow2, score_arrow3, score_arrow4, score_arrow5, score_arrow6) values ('415', '70', '1', '9', '9', '8', '7', '0', '0');
insert into EndScores (end_id, range_score_id, end_number, score_arrow1, score_arrow2, score_arrow3, score_arrow4, score_arrow5, score_arrow6) values ('416', '70', '2', '9', '7', '7', '6', '3', '2');
insert into EndScores (end_id, range_score_id, end_number, score_arrow1, score_arrow2, score_arrow3, score_arrow4, score_arrow5, score_arrow6) values ('417', '70', '3', '6', '3', '3', '2', '1', '1');
insert into EndScores (end_id, range_score_id, end_number, score_arrow1, score_arrow2, score_arrow3, score_arrow4, score_arrow5, score_arrow6) values ('418', '70', '4', '9', '7', '5', '3', '3', '2');
insert into EndScores (end_id, range_score_id, end_number, score_arrow1, score_arrow2, score_arrow3, score_arrow4, score_arrow5, score_arrow6) values ('419', '70', '5', '6', '5', '4', '4', '2', '1');
insert into EndScores (end_id, range_score_id, end_number, score_arrow1, score_arrow2, score_arrow3, score_arrow4, score_arrow5, score_arrow6) values ('420', '70', '6', '8', '8', '7', '4', '4', '0');
insert into RangeScores (range_score_id, round_score_id, round_range_id) values ('71', '18', '15');
insert into EndScores (end_id, range_score_id, end_number, score_arrow1, score_arrow2, score_arrow3, score_arrow4, score_arrow5, score_arrow6) values ('421', '71', '1', '9', '8', '8', '6', '6', '4');
insert into EndScores (end_id, range_score_id, end_number, score_arrow1, score_arrow2, score_arrow3, score_arrow4, score_arrow5, score_arrow6) values ('422', '71', '2', '7', '6', '5', '4', '4', '2');
insert into EndScores (end_id, range_score_id, end_number, score_arrow1, score_arrow2, score_arrow3, score_arrow4, score_arrow5, score_arrow6) values ('423', '71', '3', '9', '6', '1', '0', '0', '0');
insert into EndScores (end_id, range_score_id, end_number, score_arrow1, score_arrow2, score_arrow3, score_arrow4, score_arrow5, score_arrow6) values ('424', '71', '4', '8', '5', '4', '4', '0', '0');
insert into EndScores (end_id, range_score_id, end_number, score_arrow1, score_arrow2, score_arrow3, score_arrow4, score_arrow5, score_arrow6) values ('425', '71', '5', '8', '8', '6', '5', '2', '0');
insert into EndScores (end_id, range_score_id, end_number, score_arrow1, score_arrow2, score_arrow3, score_arrow4, score_arrow5, score_arrow6) values ('426', '71', '6', '9', '9', '6', '6', '4', '2');
insert into RangeScores (range_score_id, round_score_id, round_range_id) values ('72', '18', '16');
insert into EndScores (end_id, range_score_id, end_number, score_arrow1, score_arrow2, score_arrow3, score_arrow4, score_arrow5, score_arrow6) values ('427', '72', '1', '8', '6', '5', '4', '1', '1');
insert into EndScores (end_id, range_score_id, end_number, score_arrow1, score_arrow2, score_arrow3, score_arrow4, score_arrow5, score_arrow6) values ('428', '72', '2', '9', '4', '4', '4', '2', '1');
insert into EndScores (end_id, range_score_id, end_number, score_arrow1, score_arrow2, score_arrow3, score_arrow4, score_arrow5, score_arrow6) values ('429', '72', '3', '8', '6', '5', '2', '0', '0');
insert into EndScores (end_id, range_score_id, end_number, score_arrow1, score_arrow2, score_arrow3, score_arrow4, score_arrow5, score_arrow6) values ('430', '72', '4', '7', '7', '7', '3', '1', '1');
insert into EndScores (end_id, range_score_id, end_number, score_arrow1, score_arrow2, score_arrow3, score_arrow4, score_arrow5, score_arrow6) values ('431', '72', '5', '8', '4', '3', '3', '2', '0');
insert into EndScores (end_id, range_score_id, end_number, score_arrow1, score_arrow2, score_arrow3, score_arrow4, score_arrow5, score_arrow6) values ('432', '72', '6', '8', '8', '8', '4', '2', '0');
insert into CompetitionEnrolments (archer_id, competition_id) values ('21', '24');
insert into RoundScores (round_score_id, archer_id, competition_id, round_score_date_time, equipment_id, round_def_id, total_score, category_id) values ('19', '21', '24', '2023-04-23 14:20:12.530', 'L', '4', '671', '24');
insert into RangeScores (range_score_id, round_score_id, round_range_id) values ('73', '19', '13');
insert into EndScores (end_id, range_score_id, end_number, score_arrow1, score_arrow2, score_arrow3, score_arrow4, score_arrow5, score_arrow6) values ('433', '73', '1', '9', '8', '8', '4', '2', '1');
insert into EndScores (end_id, range_score_id, end_number, score_arrow1, score_arrow2, score_arrow3, score_arrow4, score_arrow5, score_arrow6) values ('434', '73', '2', '9', '6', '6', '3', '2', '0');
insert into EndScores (end_id, range_score_id, end_number, score_arrow1, score_arrow2, score_arrow3, score_arrow4, score_arrow5, score_arrow6) values ('435', '73', '3', '9', '5', '2', '0', '0', '0');
insert into EndScores (end_id, range_score_id, end_number, score_arrow1, score_arrow2, score_arrow3, score_arrow4, score_arrow5, score_arrow6) values ('436', '73', '4', '9', '8', '7', '5', '5', '2');
insert into EndScores (end_id, range_score_id, end_number, score_arrow1, score_arrow2, score_arrow3, score_arrow4, score_arrow5, score_arrow6) values ('437', '73', '5', '9', '8', '8', '7', '1', '0');
insert into EndScores (end_id, range_score_id, end_number, score_arrow1, score_arrow2, score_arrow3, score_arrow4, score_arrow5, score_arrow6) values ('438', '73', '6', '9', '8', '8', '6', '4', '4');
insert into RangeScores (range_score_id, round_score_id, round_range_id) values ('74', '19', '14');
insert into EndScores (end_id, range_score_id, end_number, score_arrow1, score_arrow2, score_arrow3, score_arrow4, score_arrow5, score_arrow6) values ('439', '74', '1', '8', '8', '6', '6', '6', '1');
insert into EndScores (end_id, range_score_id, end_number, score_arrow1, score_arrow2, score_arrow3, score_arrow4, score_arrow5, score_arrow6) values ('440', '74', '2', '9', '7', '5', '4', '2', '1');
insert into EndScores (end_id, range_score_id, end_number, score_arrow1, score_arrow2, score_arrow3, score_arrow4, score_arrow5, score_arrow6) values ('441', '74', '3', '2', '2', '2', '1', '1', '0');
insert into EndScores (end_id, range_score_id, end_number, score_arrow1, score_arrow2, score_arrow3, score_arrow4, score_arrow5, score_arrow6) values ('442', '74', '4', '8', '8', '7', '5', '2', '1');
insert into EndScores (end_id, range_score_id, end_number, score_arrow1, score_arrow2, score_arrow3, score_arrow4, score_arrow5, score_arrow6) values ('443', '74', '5', '8', '7', '5', '3', '1', '0');
insert into EndScores (end_id, range_score_id, end_number, score_arrow1, score_arrow2, score_arrow3, score_arrow4, score_arrow5, score_arrow6) values ('444', '74', '6', '8', '7', '3', '2', '0', '0');
insert into RangeScores (range_score_id, round_score_id, round_range_id) values ('75', '19', '15');
insert into EndScores (end_id, range_score_id, end_number, score_arrow1, score_arrow2, score_arrow3, score_arrow4, score_arrow5, score_arrow6) values ('445', '75', '1', '9', '9', '7', '7', '5', '2');
insert into EndScores (end_id, range_score_id, end_number, score_arrow1, score_arrow2, score_arrow3, score_arrow4, score_arrow5, score_arrow6) values ('446', '75', '2', '9', '7', '7', '3', '2', '1');
insert into EndScores (end_id, range_score_id, end_number, score_arrow1, score_arrow2, score_arrow3, score_arrow4, score_arrow5, score_arrow6) values ('447', '75', '3', '9', '6', '5', '5', '1', '0');
insert into EndScores (end_id, range_score_id, end_number, score_arrow1, score_arrow2, score_arrow3, score_arrow4, score_arrow5, score_arrow6) values ('448', '75', '4', '9', '9', '8', '2', '1', '0');
insert into EndScores (end_id, range_score_id, end_number, score_arrow1, score_arrow2, score_arrow3, score_arrow4, score_arrow5, score_arrow6) values ('449', '75', '5', '9', '9', '7', '6', '4', '0');
insert into EndScores (end_id, range_score_id, end_number, score_arrow1, score_arrow2, score_arrow3, score_arrow4, score_arrow5, score_arrow6) values ('450', '75', '6', '9', '7', '7', '5', '3', '2');
insert into RangeScores (range_score_id, round_score_id, round_range_id) values ('76', '19', '16');
insert into EndScores (end_id, range_score_id, end_number, score_arrow1, score_arrow2, score_arrow3, score_arrow4, score_arrow5, score_arrow6) values ('451', '76', '1', '6', '4', '2', '1', '1', '1');
insert into EndScores (end_id, range_score_id, end_number, score_arrow1, score_arrow2, score_arrow3, score_arrow4, score_arrow5, score_arrow6) values ('452', '76', '2', '6', '6', '5', '3', '3', '0');
insert into EndScores (end_id, range_score_id, end_number, score_arrow1, score_arrow2, score_arrow3, score_arrow4, score_arrow5, score_arrow6) values ('453', '76', '3', '9', '8', '8', '6', '0', '0');
insert into EndScores (end_id, range_score_id, end_number, score_arrow1, score_arrow2, score_arrow3, score_arrow4, score_arrow5, score_arrow6) values ('454', '76', '4', '8', '6', '5', '3', '0', '0');
insert into EndScores (end_id, range_score_id, end_number, score_arrow1, score_arrow2, score_arrow3, score_arrow4, score_arrow5, score_arrow6) values ('455', '76', '5', '9', '5', '5', '3', '1', '0');
insert into EndScores (end_id, range_score_id, end_number, score_arrow1, score_arrow2, score_arrow3, score_arrow4, score_arrow5, score_arrow6) values ('456', '76', '6', '8', '8', '8', '6', '5', '3');
insert into CompetitionEnrolments (archer_id, competition_id) values ('22', '29');
insert into RoundScores (round_score_id, archer_id, competition_id, round_score_date_time, equipment_id, round_def_id, total_score, category_id) values ('20', '22', '29', '2023-04-23 12:44:55.231', 'R', '4', '624', '29');
insert into RangeScores (range_score_id, round_score_id, round_range_id) values ('77', '20', '13');
insert into EndScores (end_id, range_score_id, end_number, score_arrow1, score_arrow2, score_arrow3, score_arrow4, score_arrow5, score_arrow6) values ('457', '77', '1', '6', '4', '3', '2', '1', '1');
insert into EndScores (end_id, range_score_id, end_number, score_arrow1, score_arrow2, score_arrow3, score_arrow4, score_arrow5, score_arrow6) values ('458', '77', '2', '8', '6', '4', '2', '0', '0');
insert into EndScores (end_id, range_score_id, end_number, score_arrow1, score_arrow2, score_arrow3, score_arrow4, score_arrow5, score_arrow6) values ('459', '77', '3', '6', '5', '4', '2', '1', '0');
insert into EndScores (end_id, range_score_id, end_number, score_arrow1, score_arrow2, score_arrow3, score_arrow4, score_arrow5, score_arrow6) values ('460', '77', '4', '9', '7', '6', '4', '3', '1');
insert into EndScores (end_id, range_score_id, end_number, score_arrow1, score_arrow2, score_arrow3, score_arrow4, score_arrow5, score_arrow6) values ('461', '77', '5', '8', '7', '5', '5', '4', '2');
insert into EndScores (end_id, range_score_id, end_number, score_arrow1, score_arrow2, score_arrow3, score_arrow4, score_arrow5, score_arrow6) values ('462', '77', '6', '9', '9', '9', '9', '9', '2');
insert into RangeScores (range_score_id, round_score_id, round_range_id) values ('78', '20', '14');
insert into EndScores (end_id, range_score_id, end_number, score_arrow1, score_arrow2, score_arrow3, score_arrow4, score_arrow5, score_arrow6) values ('463', '78', '1', '8', '7', '5', '3', '1', '0');
insert into EndScores (end_id, range_score_id, end_number, score_arrow1, score_arrow2, score_arrow3, score_arrow4, score_arrow5, score_arrow6) values ('464', '78', '2', '8', '7', '6', '5', '3', '2');
insert into EndScores (end_id, range_score_id, end_number, score_arrow1, score_arrow2, score_arrow3, score_arrow4, score_arrow5, score_arrow6) values ('465', '78', '3', '8', '7', '5', '4', '2', '1');
insert into EndScores (end_id, range_score_id, end_number, score_arrow1, score_arrow2, score_arrow3, score_arrow4, score_arrow5, score_arrow6) values ('466', '78', '4', '9', '8', '6', '5', '4', '1');
insert into EndScores (end_id, range_score_id, end_number, score_arrow1, score_arrow2, score_arrow3, score_arrow4, score_arrow5, score_arrow6) values ('467', '78', '5', '7', '6', '2', '0', '0', '0');
insert into EndScores (end_id, range_score_id, end_number, score_arrow1, score_arrow2, score_arrow3, score_arrow4, score_arrow5, score_arrow6) values ('468', '78', '6', '5', '3', '3', '2', '1', '1');
insert into RangeScores (range_score_id, round_score_id, round_range_id) values ('79', '20', '15');
insert into EndScores (end_id, range_score_id, end_number, score_arrow1, score_arrow2, score_arrow3, score_arrow4, score_arrow5, score_arrow6) values ('469', '79', '1', '9', '6', '1', '0', '0', '0');
insert into EndScores (end_id, range_score_id, end_number, score_arrow1, score_arrow2, score_arrow3, score_arrow4, score_arrow5, score_arrow6) values ('470', '79', '2', '8', '7', '3', '0', '0', '0');
insert into EndScores (end_id, range_score_id, end_number, score_arrow1, score_arrow2, score_arrow3, score_arrow4, score_arrow5, score_arrow6) values ('471', '79', '3', '8', '8', '6', '5', '2', '2');
insert into EndScores (end_id, range_score_id, end_number, score_arrow1, score_arrow2, score_arrow3, score_arrow4, score_arrow5, score_arrow6) values ('472', '79', '4', '5', '5', '2', '2', '0', '0');
insert into EndScores (end_id, range_score_id, end_number, score_arrow1, score_arrow2, score_arrow3, score_arrow4, score_arrow5, score_arrow6) values ('473', '79', '5', '9', '8', '7', '3', '3', '1');
insert into EndScores (end_id, range_score_id, end_number, score_arrow1, score_arrow2, score_arrow3, score_arrow4, score_arrow5, score_arrow6) values ('474', '79', '6', '8', '6', '5', '4', '2', '1');
insert into RangeScores (range_score_id, round_score_id, round_range_id) values ('80', '20', '16');
insert into EndScores (end_id, range_score_id, end_number, score_arrow1, score_arrow2, score_arrow3, score_arrow4, score_arrow5, score_arrow6) values ('475', '80', '1', '9', '8', '7', '4', '1', '0');
insert into EndScores (end_id, range_score_id, end_number, score_arrow1, score_arrow2, score_arrow3, score_arrow4, score_arrow5, score_arrow6) values ('476', '80', '2', '9', '7', '7', '7', '6', '4');
insert into EndScores (end_id, range_score_id, end_number, score_arrow1, score_arrow2, score_arrow3, score_arrow4, score_arrow5, score_arrow6) values ('477', '80', '3', '7', '6', '5', '4', '4', '2');
insert into EndScores (end_id, range_score_id, end_number, score_arrow1, score_arrow2, score_arrow3, score_arrow4, score_arrow5, score_arrow6) values ('478', '80', '4', '8', '5', '4', '4', '1', '1');
insert into EndScores (end_id, range_score_id, end_number, score_arrow1, score_arrow2, score_arrow3, score_arrow4, score_arrow5, score_arrow6) values ('479', '80', '5', '9', '6', '5', '4', '1', '0');
insert into EndScores (end_id, range_score_id, end_number, score_arrow1, score_arrow2, score_arrow3, score_arrow4, score_arrow5, score_arrow6) values ('480', '80', '6', '9', '9', '6', '5', '4', '2');
insert into CompetitionEnrolments (archer_id, competition_id) values ('23', '22');
insert into RoundScores (round_score_id, archer_id, competition_id, round_score_date_time, equipment_id, round_def_id, total_score, category_id) values ('21', '23', '22', '2023-04-23 13:34:7.206', 'C', '4', '654', '22');
insert into RangeScores (range_score_id, round_score_id, round_range_id) values ('81', '21', '13');
insert into EndScores (end_id, range_score_id, end_number, score_arrow1, score_arrow2, score_arrow3, score_arrow4, score_arrow5, score_arrow6) values ('481', '81', '1', '5', '4', '3', '1', '0', '0');
insert into EndScores (end_id, range_score_id, end_number, score_arrow1, score_arrow2, score_arrow3, score_arrow4, score_arrow5, score_arrow6) values ('482', '81', '2', '9', '8', '5', '5', '3', '1');
insert into EndScores (end_id, range_score_id, end_number, score_arrow1, score_arrow2, score_arrow3, score_arrow4, score_arrow5, score_arrow6) values ('483', '81', '3', '8', '8', '7', '4', '1', '1');
insert into EndScores (end_id, range_score_id, end_number, score_arrow1, score_arrow2, score_arrow3, score_arrow4, score_arrow5, score_arrow6) values ('484', '81', '4', '8', '7', '7', '4', '2', '1');
insert into EndScores (end_id, range_score_id, end_number, score_arrow1, score_arrow2, score_arrow3, score_arrow4, score_arrow5, score_arrow6) values ('485', '81', '5', '7', '6', '4', '4', '1', '0');
insert into EndScores (end_id, range_score_id, end_number, score_arrow1, score_arrow2, score_arrow3, score_arrow4, score_arrow5, score_arrow6) values ('486', '81', '6', '7', '5', '4', '2', '2', '2');
insert into RangeScores (range_score_id, round_score_id, round_range_id) values ('82', '21', '14');
insert into EndScores (end_id, range_score_id, end_number, score_arrow1, score_arrow2, score_arrow3, score_arrow4, score_arrow5, score_arrow6) values ('487', '82', '1', '9', '9', '7', '3', '3', '1');
insert into EndScores (end_id, range_score_id, end_number, score_arrow1, score_arrow2, score_arrow3, score_arrow4, score_arrow5, score_arrow6) values ('488', '82', '2', '6', '4', '3', '2', '1', '0');
insert into EndScores (end_id, range_score_id, end_number, score_arrow1, score_arrow2, score_arrow3, score_arrow4, score_arrow5, score_arrow6) values ('489', '82', '3', '8', '6', '6', '3', '2', '0');
insert into EndScores (end_id, range_score_id, end_number, score_arrow1, score_arrow2, score_arrow3, score_arrow4, score_arrow5, score_arrow6) values ('490', '82', '4', '9', '8', '7', '5', '5', '3');
insert into EndScores (end_id, range_score_id, end_number, score_arrow1, score_arrow2, score_arrow3, score_arrow4, score_arrow5, score_arrow6) values ('491', '82', '5', '6', '5', '4', '4', '0', '0');
insert into EndScores (end_id, range_score_id, end_number, score_arrow1, score_arrow2, score_arrow3, score_arrow4, score_arrow5, score_arrow6) values ('492', '82', '6', '9', '5', '3', '3', '3', '2');
insert into RangeScores (range_score_id, round_score_id, round_range_id) values ('83', '21', '15');
insert into EndScores (end_id, range_score_id, end_number, score_arrow1, score_arrow2, score_arrow3, score_arrow4, score_arrow5, score_arrow6) values ('493', '83', '1', '9', '9', '8', '8', '6', '2');
insert into EndScores (end_id, range_score_id, end_number, score_arrow1, score_arrow2, score_arrow3, score_arrow4, score_arrow5, score_arrow6) values ('494', '83', '2', '9', '8', '7', '6', '3', '0');
insert into EndScores (end_id, range_score_id, end_number, score_arrow1, score_arrow2, score_arrow3, score_arrow4, score_arrow5, score_arrow6) values ('495', '83', '3', '8', '7', '5', '4', '2', '0');
insert into EndScores (end_id, range_score_id, end_number, score_arrow1, score_arrow2, score_arrow3, score_arrow4, score_arrow5, score_arrow6) values ('496', '83', '4', '6', '5', '5', '3', '1', '0');
insert into EndScores (end_id, range_score_id, end_number, score_arrow1, score_arrow2, score_arrow3, score_arrow4, score_arrow5, score_arrow6) values ('497', '83', '5', '9', '8', '8', '5', '5', '0');
insert into EndScores (end_id, range_score_id, end_number, score_arrow1, score_arrow2, score_arrow3, score_arrow4, score_arrow5, score_arrow6) values ('498', '83', '6', '9', '9', '6', '3', '2', '0');
insert into RangeScores (range_score_id, round_score_id, round_range_id) values ('84', '21', '16');
insert into EndScores (end_id, range_score_id, end_number, score_arrow1, score_arrow2, score_arrow3, score_arrow4, score_arrow5, score_arrow6) values ('499', '84', '1', '9', '9', '7', '7', '3', '2');
insert into EndScores (end_id, range_score_id, end_number, score_arrow1, score_arrow2, score_arrow3, score_arrow4, score_arrow5, score_arrow6) values ('500', '84', '2', '9', '7', '5', '3', '3', '2');
insert into EndScores (end_id, range_score_id, end_number, score_arrow1, score_arrow2, score_arrow3, score_arrow4, score_arrow5, score_arrow6) values ('501', '84', '3', '8', '5', '5', '5', '3', '3');
insert into EndScores (end_id, range_score_id, end_number, score_arrow1, score_arrow2, score_arrow3, score_arrow4, score_arrow5, score_arrow6) values ('502', '84', '4', '8', '5', '5', '4', '3', '0');
insert into EndScores (end_id, range_score_id, end_number, score_arrow1, score_arrow2, score_arrow3, score_arrow4, score_arrow5, score_arrow6) values ('503', '84', '5', '9', '5', '5', '3', '0', '0');
insert into EndScores (end_id, range_score_id, end_number, score_arrow1, score_arrow2, score_arrow3, score_arrow4, score_arrow5, score_arrow6) values ('504', '84', '6', '7', '6', '5', '5', '2', '2');
insert into CompetitionEnrolments (archer_id, competition_id) values ('24', '17');
insert into RoundScores (round_score_id, archer_id, competition_id, round_score_date_time, equipment_id, round_def_id, total_score, category_id) values ('22', '24', '17', '2023-04-23 15:53:42.213', 'R', '3', '655', '17');
insert into RangeScores (range_score_id, round_score_id, round_range_id) values ('85', '22', '9');
insert into EndScores (end_id, range_score_id, end_number, score_arrow1, score_arrow2, score_arrow3, score_arrow4, score_arrow5, score_arrow6) values ('505', '85', '1', '9', '9', '5', '2', '0', '0');
insert into EndScores (end_id, range_score_id, end_number, score_arrow1, score_arrow2, score_arrow3, score_arrow4, score_arrow5, score_arrow6) values ('506', '85', '2', '9', '9', '5', '4', '4', '0');
insert into EndScores (end_id, range_score_id, end_number, score_arrow1, score_arrow2, score_arrow3, score_arrow4, score_arrow5, score_arrow6) values ('507', '85', '3', '9', '9', '9', '6', '4', '4');
insert into EndScores (end_id, range_score_id, end_number, score_arrow1, score_arrow2, score_arrow3, score_arrow4, score_arrow5, score_arrow6) values ('508', '85', '4', '5', '3', '3', '3', '1', '0');
insert into EndScores (end_id, range_score_id, end_number, score_arrow1, score_arrow2, score_arrow3, score_arrow4, score_arrow5, score_arrow6) values ('509', '85', '5', '9', '8', '8', '3', '3', '1');
insert into EndScores (end_id, range_score_id, end_number, score_arrow1, score_arrow2, score_arrow3, score_arrow4, score_arrow5, score_arrow6) values ('510', '85', '6', '9', '8', '7', '2', '2', '1');
insert into RangeScores (range_score_id, round_score_id, round_range_id) values ('86', '22', '10');
insert into EndScores (end_id, range_score_id, end_number, score_arrow1, score_arrow2, score_arrow3, score_arrow4, score_arrow5, score_arrow6) values ('511', '86', '1', '9', '9', '4', '3', '2', '0');
insert into EndScores (end_id, range_score_id, end_number, score_arrow1, score_arrow2, score_arrow3, score_arrow4, score_arrow5, score_arrow6) values ('512', '86', '2', '9', '8', '4', '2', '2', '1');
insert into EndScores (end_id, range_score_id, end_number, score_arrow1, score_arrow2, score_arrow3, score_arrow4, score_arrow5, score_arrow6) values ('513', '86', '3', '9', '6', '5', '2', '2', '1');
insert into EndScores (end_id, range_score_id, end_number, score_arrow1, score_arrow2, score_arrow3, score_arrow4, score_arrow5, score_arrow6) values ('514', '86', '4', '8', '7', '6', '2', '2', '0');
insert into EndScores (end_id, range_score_id, end_number, score_arrow1, score_arrow2, score_arrow3, score_arrow4, score_arrow5, score_arrow6) values ('515', '86', '5', '8', '7', '5', '5', '4', '1');
insert into EndScores (end_id, range_score_id, end_number, score_arrow1, score_arrow2, score_arrow3, score_arrow4, score_arrow5, score_arrow6) values ('516', '86', '6', '9', '8', '8', '5', '3', '2');
insert into RangeScores (range_score_id, round_score_id, round_range_id) values ('87', '22', '11');
insert into EndScores (end_id, range_score_id, end_number, score_arrow1, score_arrow2, score_arrow3, score_arrow4, score_arrow5, score_arrow6) values ('517', '87', '1', '7', '4', '3', '2', '1', '0');
insert into EndScores (end_id, range_score_id, end_number, score_arrow1, score_arrow2, score_arrow3, score_arrow4, score_arrow5, score_arrow6) values ('518', '87', '2', '6', '6', '4', '3', '1', '1');
insert into EndScores (end_id, range_score_id, end_number, score_arrow1, score_arrow2, score_arrow3, score_arrow4, score_arrow5, score_arrow6) values ('519', '87', '3', '9', '8', '8', '6', '6', '3');
insert into EndScores (end_id, range_score_id, end_number, score_arrow1, score_arrow2, score_arrow3, score_arrow4, score_arrow5, score_arrow6) values ('520', '87', '4', '8', '8', '6', '3', '1', '1');
insert into EndScores (end_id, range_score_id, end_number, score_arrow1, score_arrow2, score_arrow3, score_arrow4, score_arrow5, score_arrow6) values ('521', '87', '5', '8', '6', '4', '3', '3', '0');
insert into EndScores (end_id, range_score_id, end_number, score_arrow1, score_arrow2, score_arrow3, score_arrow4, score_arrow5, score_arrow6) values ('522', '87', '6', '9', '8', '8', '7', '5', '0');
insert into RangeScores (range_score_id, round_score_id, round_range_id) values ('88', '22', '12');
insert into EndScores (end_id, range_score_id, end_number, score_arrow1, score_arrow2, score_arrow3, score_arrow4, score_arrow5, score_arrow6) values ('523', '88', '1', '8', '4', '3', '3', '1', '0');
insert into EndScores (end_id, range_score_id, end_number, score_arrow1, score_arrow2, score_arrow3, score_arrow4, score_arrow5, score_arrow6) values ('524', '88', '2', '6', '5', '2', '1', '1', '0');
insert into EndScores (end_id, range_score_id, end_number, score_arrow1, score_arrow2, score_arrow3, score_arrow4, score_arrow5, score_arrow6) values ('525', '88', '3', '8', '8', '7', '7', '6', '4');
insert into EndScores (end_id, range_score_id, end_number, score_arrow1, score_arrow2, score_arrow3, score_arrow4, score_arrow5, score_arrow6) values ('526', '88', '4', '9', '4', '3', '2', '2', '1');
insert into EndScores (end_id, range_score_id, end_number, score_arrow1, score_arrow2, score_arrow3, score_arrow4, score_arrow5, score_arrow6) values ('527', '88', '5', '8', '5', '3', '2', '1', '1');
insert into EndScores (end_id, range_score_id, end_number, score_arrow1, score_arrow2, score_arrow3, score_arrow4, score_arrow5, score_arrow6) values ('528', '88', '6', '8', '7', '7', '6', '5', '0');
insert into CompetitionEnrolments (archer_id, competition_id) values ('25', '6');
insert into RoundScores (round_score_id, archer_id, competition_id, round_score_date_time, equipment_id, round_def_id, total_score, category_id) values ('23', '25', '6', '2023-04-23 18:30:26.211', 'C', '2', '674', '6');
insert into RangeScores (range_score_id, round_score_id, round_range_id) values ('89', '23', '5');
insert into EndScores (end_id, range_score_id, end_number, score_arrow1, score_arrow2, score_arrow3, score_arrow4, score_arrow5, score_arrow6) values ('529', '89', '1', '8', '6', '5', '5', '5', '1');
insert into EndScores (end_id, range_score_id, end_number, score_arrow1, score_arrow2, score_arrow3, score_arrow4, score_arrow5, score_arrow6) values ('530', '89', '2', '7', '6', '6', '3', '2', '0');
insert into EndScores (end_id, range_score_id, end_number, score_arrow1, score_arrow2, score_arrow3, score_arrow4, score_arrow5, score_arrow6) values ('531', '89', '3', '9', '7', '6', '3', '3', '0');
insert into EndScores (end_id, range_score_id, end_number, score_arrow1, score_arrow2, score_arrow3, score_arrow4, score_arrow5, score_arrow6) values ('532', '89', '4', '8', '7', '6', '5', '4', '1');
insert into EndScores (end_id, range_score_id, end_number, score_arrow1, score_arrow2, score_arrow3, score_arrow4, score_arrow5, score_arrow6) values ('533', '89', '5', '8', '8', '6', '3', '2', '2');
insert into EndScores (end_id, range_score_id, end_number, score_arrow1, score_arrow2, score_arrow3, score_arrow4, score_arrow5, score_arrow6) values ('534', '89', '6', '7', '7', '5', '4', '3', '0');
insert into RangeScores (range_score_id, round_score_id, round_range_id) values ('90', '23', '6');
insert into EndScores (end_id, range_score_id, end_number, score_arrow1, score_arrow2, score_arrow3, score_arrow4, score_arrow5, score_arrow6) values ('535', '90', '1', '9', '7', '7', '5', '1', '0');
insert into EndScores (end_id, range_score_id, end_number, score_arrow1, score_arrow2, score_arrow3, score_arrow4, score_arrow5, score_arrow6) values ('536', '90', '2', '9', '8', '8', '7', '1', '0');
insert into EndScores (end_id, range_score_id, end_number, score_arrow1, score_arrow2, score_arrow3, score_arrow4, score_arrow5, score_arrow6) values ('537', '90', '3', '7', '4', '3', '0', '0', '0');
insert into EndScores (end_id, range_score_id, end_number, score_arrow1, score_arrow2, score_arrow3, score_arrow4, score_arrow5, score_arrow6) values ('538', '90', '4', '8', '8', '7', '6', '6', '5');
insert into EndScores (end_id, range_score_id, end_number, score_arrow1, score_arrow2, score_arrow3, score_arrow4, score_arrow5, score_arrow6) values ('539', '90', '5', '7', '7', '6', '5', '1', '0');
insert into EndScores (end_id, range_score_id, end_number, score_arrow1, score_arrow2, score_arrow3, score_arrow4, score_arrow5, score_arrow6) values ('540', '90', '6', '9', '8', '8', '6', '5', '1');
insert into RangeScores (range_score_id, round_score_id, round_range_id) values ('91', '23', '7');
insert into EndScores (end_id, range_score_id, end_number, score_arrow1, score_arrow2, score_arrow3, score_arrow4, score_arrow5, score_arrow6) values ('541', '91', '1', '8', '8', '7', '6', '4', '2');
insert into EndScores (end_id, range_score_id, end_number, score_arrow1, score_arrow2, score_arrow3, score_arrow4, score_arrow5, score_arrow6) values ('542', '91', '2', '9', '8', '7', '6', '2', '1');
insert into EndScores (end_id, range_score_id, end_number, score_arrow1, score_arrow2, score_arrow3, score_arrow4, score_arrow5, score_arrow6) values ('543', '91', '3', '9', '6', '4', '4', '2', '1');
insert into EndScores (end_id, range_score_id, end_number, score_arrow1, score_arrow2, score_arrow3, score_arrow4, score_arrow5, score_arrow6) values ('544', '91', '4', '8', '8', '8', '8', '7', '2');
insert into EndScores (end_id, range_score_id, end_number, score_arrow1, score_arrow2, score_arrow3, score_arrow4, score_arrow5, score_arrow6) values ('545', '91', '5', '8', '4', '4', '0', '0', '0');
insert into EndScores (end_id, range_score_id, end_number, score_arrow1, score_arrow2, score_arrow3, score_arrow4, score_arrow5, score_arrow6) values ('546', '91', '6', '5', '2', '2', '2', '2', '0');
insert into RangeScores (range_score_id, round_score_id, round_range_id) values ('92', '23', '8');
insert into EndScores (end_id, range_score_id, end_number, score_arrow1, score_arrow2, score_arrow3, score_arrow4, score_arrow5, score_arrow6) values ('547', '92', '1', '9', '9', '7', '7', '5', '4');
insert into EndScores (end_id, range_score_id, end_number, score_arrow1, score_arrow2, score_arrow3, score_arrow4, score_arrow5, score_arrow6) values ('548', '92', '2', '8', '7', '3', '2', '0', '0');
insert into EndScores (end_id, range_score_id, end_number, score_arrow1, score_arrow2, score_arrow3, score_arrow4, score_arrow5, score_arrow6) values ('549', '92', '3', '9', '6', '4', '4', '3', '2');
insert into EndScores (end_id, range_score_id, end_number, score_arrow1, score_arrow2, score_arrow3, score_arrow4, score_arrow5, score_arrow6) values ('550', '92', '4', '9', '6', '5', '4', '3', '2');
insert into EndScores (end_id, range_score_id, end_number, score_arrow1, score_arrow2, score_arrow3, score_arrow4, score_arrow5, score_arrow6) values ('551', '92', '5', '6', '5', '4', '4', '2', '0');
insert into EndScores (end_id, range_score_id, end_number, score_arrow1, score_arrow2, score_arrow3, score_arrow4, score_arrow5, score_arrow6) values ('552', '92', '6', '7', '7', '4', '3', '2', '1');
insert into CompetitionEnrolments (archer_id, competition_id) values ('26', '64');
insert into RoundScores (round_score_id, archer_id, competition_id, round_score_date_time, equipment_id, round_def_id, total_score, category_id) values ('24', '26', '64', '2023-04-23 13:4:1.862', 'L', '5', '638', '64');
insert into RangeScores (range_score_id, round_score_id, round_range_id) values ('93', '24', '17');
insert into EndScores (end_id, range_score_id, end_number, score_arrow1, score_arrow2, score_arrow3, score_arrow4, score_arrow5, score_arrow6) values ('553', '93', '1', '9', '9', '7', '6', '4', '0');
insert into EndScores (end_id, range_score_id, end_number, score_arrow1, score_arrow2, score_arrow3, score_arrow4, score_arrow5, score_arrow6) values ('554', '93', '2', '9', '9', '8', '6', '5', '2');
insert into EndScores (end_id, range_score_id, end_number, score_arrow1, score_arrow2, score_arrow3, score_arrow4, score_arrow5, score_arrow6) values ('555', '93', '3', '9', '7', '6', '6', '5', '5');
insert into EndScores (end_id, range_score_id, end_number, score_arrow1, score_arrow2, score_arrow3, score_arrow4, score_arrow5, score_arrow6) values ('556', '93', '4', '8', '7', '4', '1', '0', '0');
insert into EndScores (end_id, range_score_id, end_number, score_arrow1, score_arrow2, score_arrow3, score_arrow4, score_arrow5, score_arrow6) values ('557', '93', '5', '9', '6', '3', '2', '1', '1');
insert into EndScores (end_id, range_score_id, end_number, score_arrow1, score_arrow2, score_arrow3, score_arrow4, score_arrow5, score_arrow6) values ('558', '93', '6', '8', '6', '5', '4', '0', '0');
insert into RangeScores (range_score_id, round_score_id, round_range_id) values ('94', '24', '18');
insert into EndScores (end_id, range_score_id, end_number, score_arrow1, score_arrow2, score_arrow3, score_arrow4, score_arrow5, score_arrow6) values ('559', '94', '1', '9', '9', '8', '5', '5', '1');
insert into EndScores (end_id, range_score_id, end_number, score_arrow1, score_arrow2, score_arrow3, score_arrow4, score_arrow5, score_arrow6) values ('560', '94', '2', '9', '4', '4', '4', '4', '2');
insert into EndScores (end_id, range_score_id, end_number, score_arrow1, score_arrow2, score_arrow3, score_arrow4, score_arrow5, score_arrow6) values ('561', '94', '3', '9', '6', '4', '2', '2', '1');
insert into EndScores (end_id, range_score_id, end_number, score_arrow1, score_arrow2, score_arrow3, score_arrow4, score_arrow5, score_arrow6) values ('562', '94', '4', '9', '8', '6', '6', '3', '0');
insert into EndScores (end_id, range_score_id, end_number, score_arrow1, score_arrow2, score_arrow3, score_arrow4, score_arrow5, score_arrow6) values ('563', '94', '5', '3', '3', '3', '3', '2', '1');
insert into EndScores (end_id, range_score_id, end_number, score_arrow1, score_arrow2, score_arrow3, score_arrow4, score_arrow5, score_arrow6) values ('564', '94', '6', '9', '7', '4', '3', '2', '1');
insert into RangeScores (range_score_id, round_score_id, round_range_id) values ('95', '24', '19');
insert into EndScores (end_id, range_score_id, end_number, score_arrow1, score_arrow2, score_arrow3, score_arrow4, score_arrow5, score_arrow6) values ('565', '95', '1', '7', '6', '6', '5', '3', '0');
insert into EndScores (end_id, range_score_id, end_number, score_arrow1, score_arrow2, score_arrow3, score_arrow4, score_arrow5, score_arrow6) values ('566', '95', '2', '9', '8', '8', '7', '3', '2');
insert into EndScores (end_id, range_score_id, end_number, score_arrow1, score_arrow2, score_arrow3, score_arrow4, score_arrow5, score_arrow6) values ('567', '95', '3', '6', '5', '4', '4', '0', '0');
insert into EndScores (end_id, range_score_id, end_number, score_arrow1, score_arrow2, score_arrow3, score_arrow4, score_arrow5, score_arrow6) values ('568', '95', '4', '6', '5', '3', '3', '1', '0');
insert into EndScores (end_id, range_score_id, end_number, score_arrow1, score_arrow2, score_arrow3, score_arrow4, score_arrow5, score_arrow6) values ('569', '95', '5', '8', '4', '1', '1', '0', '0');
insert into EndScores (end_id, range_score_id, end_number, score_arrow1, score_arrow2, score_arrow3, score_arrow4, score_arrow5, score_arrow6) values ('570', '95', '6', '9', '6', '5', '4', '1', '1');
insert into RangeScores (range_score_id, round_score_id, round_range_id) values ('96', '24', '20');
insert into EndScores (end_id, range_score_id, end_number, score_arrow1, score_arrow2, score_arrow3, score_arrow4, score_arrow5, score_arrow6) values ('571', '96', '1', '7', '7', '6', '6', '3', '0');
insert into EndScores (end_id, range_score_id, end_number, score_arrow1, score_arrow2, score_arrow3, score_arrow4, score_arrow5, score_arrow6) values ('572', '96', '2', '9', '9', '5', '4', '3', '0');
insert into EndScores (end_id, range_score_id, end_number, score_arrow1, score_arrow2, score_arrow3, score_arrow4, score_arrow5, score_arrow6) values ('573', '96', '3', '8', '7', '7', '3', '3', '2');
insert into EndScores (end_id, range_score_id, end_number, score_arrow1, score_arrow2, score_arrow3, score_arrow4, score_arrow5, score_arrow6) values ('574', '96', '4', '8', '7', '7', '3', '1', '1');
insert into EndScores (end_id, range_score_id, end_number, score_arrow1, score_arrow2, score_arrow3, score_arrow4, score_arrow5, score_arrow6) values ('575', '96', '5', '9', '9', '6', '4', '1', '1');
insert into EndScores (end_id, range_score_id, end_number, score_arrow1, score_arrow2, score_arrow3, score_arrow4, score_arrow5, score_arrow6) values ('576', '96', '6', '8', '2', '2', '1', '0', '0');
insert into CompetitionEnrolments (archer_id, competition_id) values ('27', '1');
insert into RoundScores (round_score_id, archer_id, competition_id, round_score_date_time, equipment_id, round_def_id, total_score, category_id) values ('25', '27', '1', '2023-04-23 16:20:9.87', 'R', '1', '679', '1');
insert into RangeScores (range_score_id, round_score_id, round_range_id) values ('97', '25', '1');
insert into EndScores (end_id, range_score_id, end_number, score_arrow1, score_arrow2, score_arrow3, score_arrow4, score_arrow5, score_arrow6) values ('577', '97', '1', '9', '7', '5', '4', '4', '0');
insert into EndScores (end_id, range_score_id, end_number, score_arrow1, score_arrow2, score_arrow3, score_arrow4, score_arrow5, score_arrow6) values ('578', '97', '2', '6', '4', '4', '4', '2', '2');
insert into EndScores (end_id, range_score_id, end_number, score_arrow1, score_arrow2, score_arrow3, score_arrow4, score_arrow5, score_arrow6) values ('579', '97', '3', '6', '4', '3', '3', '2', '0');
insert into EndScores (end_id, range_score_id, end_number, score_arrow1, score_arrow2, score_arrow3, score_arrow4, score_arrow5, score_arrow6) values ('580', '97', '4', '9', '9', '9', '8', '7', '1');
insert into EndScores (end_id, range_score_id, end_number, score_arrow1, score_arrow2, score_arrow3, score_arrow4, score_arrow5, score_arrow6) values ('581', '97', '5', '9', '8', '7', '6', '6', '4');
insert into EndScores (end_id, range_score_id, end_number, score_arrow1, score_arrow2, score_arrow3, score_arrow4, score_arrow5, score_arrow6) values ('582', '97', '6', '9', '9', '7', '5', '1', '0');
insert into RangeScores (range_score_id, round_score_id, round_range_id) values ('98', '25', '2');
insert into EndScores (end_id, range_score_id, end_number, score_arrow1, score_arrow2, score_arrow3, score_arrow4, score_arrow5, score_arrow6) values ('583', '98', '1', '9', '9', '8', '6', '3', '2');
insert into EndScores (end_id, range_score_id, end_number, score_arrow1, score_arrow2, score_arrow3, score_arrow4, score_arrow5, score_arrow6) values ('584', '98', '2', '9', '6', '6', '3', '2', '0');
insert into EndScores (end_id, range_score_id, end_number, score_arrow1, score_arrow2, score_arrow3, score_arrow4, score_arrow5, score_arrow6) values ('585', '98', '3', '8', '8', '6', '5', '4', '2');
insert into EndScores (end_id, range_score_id, end_number, score_arrow1, score_arrow2, score_arrow3, score_arrow4, score_arrow5, score_arrow6) values ('586', '98', '4', '7', '5', '4', '2', '2', '2');
insert into EndScores (end_id, range_score_id, end_number, score_arrow1, score_arrow2, score_arrow3, score_arrow4, score_arrow5, score_arrow6) values ('587', '98', '5', '7', '6', '5', '3', '2', '0');
insert into EndScores (end_id, range_score_id, end_number, score_arrow1, score_arrow2, score_arrow3, score_arrow4, score_arrow5, score_arrow6) values ('588', '98', '6', '5', '5', '5', '4', '4', '1');
insert into RangeScores (range_score_id, round_score_id, round_range_id) values ('99', '25', '3');
insert into EndScores (end_id, range_score_id, end_number, score_arrow1, score_arrow2, score_arrow3, score_arrow4, score_arrow5, score_arrow6) values ('589', '99', '1', '8', '7', '6', '4', '2', '0');
insert into EndScores (end_id, range_score_id, end_number, score_arrow1, score_arrow2, score_arrow3, score_arrow4, score_arrow5, score_arrow6) values ('590', '99', '2', '9', '6', '5', '4', '1', '1');
insert into EndScores (end_id, range_score_id, end_number, score_arrow1, score_arrow2, score_arrow3, score_arrow4, score_arrow5, score_arrow6) values ('591', '99', '3', '9', '9', '9', '1', '0', '0');
insert into EndScores (end_id, range_score_id, end_number, score_arrow1, score_arrow2, score_arrow3, score_arrow4, score_arrow5, score_arrow6) values ('592', '99', '4', '8', '5', '3', '3', '2', '0');
insert into EndScores (end_id, range_score_id, end_number, score_arrow1, score_arrow2, score_arrow3, score_arrow4, score_arrow5, score_arrow6) values ('593', '99', '5', '5', '3', '2', '2', '2', '0');
insert into EndScores (end_id, range_score_id, end_number, score_arrow1, score_arrow2, score_arrow3, score_arrow4, score_arrow5, score_arrow6) values ('594', '99', '6', '9', '8', '7', '3', '1', '0');
insert into RangeScores (range_score_id, round_score_id, round_range_id) values ('100', '25', '4');
insert into EndScores (end_id, range_score_id, end_number, score_arrow1, score_arrow2, score_arrow3, score_arrow4, score_arrow5, score_arrow6) values ('595', '100', '1', '9', '6', '6', '5', '1', '1');
insert into EndScores (end_id, range_score_id, end_number, score_arrow1, score_arrow2, score_arrow3, score_arrow4, score_arrow5, score_arrow6) values ('596', '100', '2', '9', '9', '6', '3', '3', '0');
insert into EndScores (end_id, range_score_id, end_number, score_arrow1, score_arrow2, score_arrow3, score_arrow4, score_arrow5, score_arrow6) values ('597', '100', '3', '9', '8', '7', '5', '2', '0');
insert into EndScores (end_id, range_score_id, end_number, score_arrow1, score_arrow2, score_arrow3, score_arrow4, score_arrow5, score_arrow6) values ('598', '100', '4', '9', '7', '7', '5', '2', '1');
insert into EndScores (end_id, range_score_id, end_number, score_arrow1, score_arrow2, score_arrow3, score_arrow4, score_arrow5, score_arrow6) values ('599', '100', '5', '8', '6', '6', '5', '5', '4');
insert into EndScores (end_id, range_score_id, end_number, score_arrow1, score_arrow2, score_arrow3, score_arrow4, score_arrow5, score_arrow6) values ('600', '100', '6', '9', '8', '7', '5', '4', '0');
insert into CompetitionEnrolments (archer_id, competition_id) values ('28', '14');
insert into RoundScores (round_score_id, archer_id, competition_id, round_score_date_time, equipment_id, round_def_id, total_score, category_id) values ('26', '28', '14', '2023-04-23 18:23:5.897', 'C', '3', '725', '14');
insert into RangeScores (range_score_id, round_score_id, round_range_id) values ('101', '26', '9');
insert into EndScores (end_id, range_score_id, end_number, score_arrow1, score_arrow2, score_arrow3, score_arrow4, score_arrow5, score_arrow6) values ('601', '101', '1', '7', '7', '5', '5', '4', '2');
insert into EndScores (end_id, range_score_id, end_number, score_arrow1, score_arrow2, score_arrow3, score_arrow4, score_arrow5, score_arrow6) values ('602', '101', '2', '9', '7', '6', '4', '3', '0');
insert into EndScores (end_id, range_score_id, end_number, score_arrow1, score_arrow2, score_arrow3, score_arrow4, score_arrow5, score_arrow6) values ('603', '101', '3', '9', '9', '5', '2', '1', '0');
insert into EndScores (end_id, range_score_id, end_number, score_arrow1, score_arrow2, score_arrow3, score_arrow4, score_arrow5, score_arrow6) values ('604', '101', '4', '8', '8', '8', '5', '5', '3');
insert into EndScores (end_id, range_score_id, end_number, score_arrow1, score_arrow2, score_arrow3, score_arrow4, score_arrow5, score_arrow6) values ('605', '101', '5', '8', '6', '6', '4', '3', '1');
insert into EndScores (end_id, range_score_id, end_number, score_arrow1, score_arrow2, score_arrow3, score_arrow4, score_arrow5, score_arrow6) values ('606', '101', '6', '9', '9', '7', '6', '4', '2');
insert into RangeScores (range_score_id, round_score_id, round_range_id) values ('102', '26', '10');
insert into EndScores (end_id, range_score_id, end_number, score_arrow1, score_arrow2, score_arrow3, score_arrow4, score_arrow5, score_arrow6) values ('607', '102', '1', '9', '7', '7', '7', '6', '1');
insert into EndScores (end_id, range_score_id, end_number, score_arrow1, score_arrow2, score_arrow3, score_arrow4, score_arrow5, score_arrow6) values ('608', '102', '2', '9', '9', '8', '7', '6', '3');
insert into EndScores (end_id, range_score_id, end_number, score_arrow1, score_arrow2, score_arrow3, score_arrow4, score_arrow5, score_arrow6) values ('609', '102', '3', '9', '8', '6', '5', '5', '1');
insert into EndScores (end_id, range_score_id, end_number, score_arrow1, score_arrow2, score_arrow3, score_arrow4, score_arrow5, score_arrow6) values ('610', '102', '4', '9', '8', '4', '4', '3', '1');
insert into EndScores (end_id, range_score_id, end_number, score_arrow1, score_arrow2, score_arrow3, score_arrow4, score_arrow5, score_arrow6) values ('611', '102', '5', '4', '4', '4', '3', '1', '1');
insert into EndScores (end_id, range_score_id, end_number, score_arrow1, score_arrow2, score_arrow3, score_arrow4, score_arrow5, score_arrow6) values ('612', '102', '6', '8', '6', '5', '4', '4', '3');
insert into RangeScores (range_score_id, round_score_id, round_range_id) values ('103', '26', '11');
insert into EndScores (end_id, range_score_id, end_number, score_arrow1, score_arrow2, score_arrow3, score_arrow4, score_arrow5, score_arrow6) values ('613', '103', '1', '8', '7', '5', '4', '2', '1');
insert into EndScores (end_id, range_score_id, end_number, score_arrow1, score_arrow2, score_arrow3, score_arrow4, score_arrow5, score_arrow6) values ('614', '103', '2', '9', '9', '7', '5', '3', '3');
insert into EndScores (end_id, range_score_id, end_number, score_arrow1, score_arrow2, score_arrow3, score_arrow4, score_arrow5, score_arrow6) values ('615', '103', '3', '9', '6', '5', '4', '1', '0');
insert into EndScores (end_id, range_score_id, end_number, score_arrow1, score_arrow2, score_arrow3, score_arrow4, score_arrow5, score_arrow6) values ('616', '103', '4', '7', '7', '3', '3', '1', '0');
insert into EndScores (end_id, range_score_id, end_number, score_arrow1, score_arrow2, score_arrow3, score_arrow4, score_arrow5, score_arrow6) values ('617', '103', '5', '9', '9', '6', '4', '4', '0');
insert into EndScores (end_id, range_score_id, end_number, score_arrow1, score_arrow2, score_arrow3, score_arrow4, score_arrow5, score_arrow6) values ('618', '103', '6', '8', '8', '7', '5', '5', '0');
insert into RangeScores (range_score_id, round_score_id, round_range_id) values ('104', '26', '12');
insert into EndScores (end_id, range_score_id, end_number, score_arrow1, score_arrow2, score_arrow3, score_arrow4, score_arrow5, score_arrow6) values ('619', '104', '1', '9', '9', '6', '4', '3', '0');
insert into EndScores (end_id, range_score_id, end_number, score_arrow1, score_arrow2, score_arrow3, score_arrow4, score_arrow5, score_arrow6) values ('620', '104', '2', '7', '7', '5', '4', '4', '0');
insert into EndScores (end_id, range_score_id, end_number, score_arrow1, score_arrow2, score_arrow3, score_arrow4, score_arrow5, score_arrow6) values ('621', '104', '3', '9', '7', '4', '4', '3', '0');
insert into EndScores (end_id, range_score_id, end_number, score_arrow1, score_arrow2, score_arrow3, score_arrow4, score_arrow5, score_arrow6) values ('622', '104', '4', '9', '7', '6', '5', '0', '0');
insert into EndScores (end_id, range_score_id, end_number, score_arrow1, score_arrow2, score_arrow3, score_arrow4, score_arrow5, score_arrow6) values ('623', '104', '5', '9', '8', '7', '4', '3', '0');
insert into EndScores (end_id, range_score_id, end_number, score_arrow1, score_arrow2, score_arrow3, score_arrow4, score_arrow5, score_arrow6) values ('624', '104', '6', '9', '7', '6', '5', '4', '1');
insert into CompetitionEnrolments (archer_id, competition_id) values ('29', '17');
insert into RoundScores (round_score_id, archer_id, competition_id, round_score_date_time, equipment_id, round_def_id, total_score, category_id) values ('27', '29', '17', '2023-04-23 9:44:39.515', 'R', '3', '614', '17');
insert into RangeScores (range_score_id, round_score_id, round_range_id) values ('105', '27', '9');
insert into EndScores (end_id, range_score_id, end_number, score_arrow1, score_arrow2, score_arrow3, score_arrow4, score_arrow5, score_arrow6) values ('625', '105', '1', '9', '8', '7', '6', '2', '1');
insert into EndScores (end_id, range_score_id, end_number, score_arrow1, score_arrow2, score_arrow3, score_arrow4, score_arrow5, score_arrow6) values ('626', '105', '2', '9', '8', '7', '2', '1', '1');
insert into EndScores (end_id, range_score_id, end_number, score_arrow1, score_arrow2, score_arrow3, score_arrow4, score_arrow5, score_arrow6) values ('627', '105', '3', '8', '6', '6', '3', '1', '0');
insert into EndScores (end_id, range_score_id, end_number, score_arrow1, score_arrow2, score_arrow3, score_arrow4, score_arrow5, score_arrow6) values ('628', '105', '4', '9', '8', '7', '7', '3', '2');
insert into EndScores (end_id, range_score_id, end_number, score_arrow1, score_arrow2, score_arrow3, score_arrow4, score_arrow5, score_arrow6) values ('629', '105', '5', '9', '7', '4', '1', '0', '0');
insert into EndScores (end_id, range_score_id, end_number, score_arrow1, score_arrow2, score_arrow3, score_arrow4, score_arrow5, score_arrow6) values ('630', '105', '6', '8', '5', '5', '4', '3', '0');
insert into RangeScores (range_score_id, round_score_id, round_range_id) values ('106', '27', '10');
insert into EndScores (end_id, range_score_id, end_number, score_arrow1, score_arrow2, score_arrow3, score_arrow4, score_arrow5, score_arrow6) values ('631', '106', '1', '9', '7', '5', '5', '2', '1');
insert into EndScores (end_id, range_score_id, end_number, score_arrow1, score_arrow2, score_arrow3, score_arrow4, score_arrow5, score_arrow6) values ('632', '106', '2', '7', '5', '4', '2', '1', '1');
insert into EndScores (end_id, range_score_id, end_number, score_arrow1, score_arrow2, score_arrow3, score_arrow4, score_arrow5, score_arrow6) values ('633', '106', '3', '8', '6', '4', '1', '0', '0');
insert into EndScores (end_id, range_score_id, end_number, score_arrow1, score_arrow2, score_arrow3, score_arrow4, score_arrow5, score_arrow6) values ('634', '106', '4', '8', '7', '5', '4', '3', '1');
insert into EndScores (end_id, range_score_id, end_number, score_arrow1, score_arrow2, score_arrow3, score_arrow4, score_arrow5, score_arrow6) values ('635', '106', '5', '9', '9', '7', '7', '3', '0');
insert into EndScores (end_id, range_score_id, end_number, score_arrow1, score_arrow2, score_arrow3, score_arrow4, score_arrow5, score_arrow6) values ('636', '106', '6', '6', '6', '4', '3', '3', '1');
insert into RangeScores (range_score_id, round_score_id, round_range_id) values ('107', '27', '11');
insert into EndScores (end_id, range_score_id, end_number, score_arrow1, score_arrow2, score_arrow3, score_arrow4, score_arrow5, score_arrow6) values ('637', '107', '1', '9', '7', '7', '2', '2', '1');
insert into EndScores (end_id, range_score_id, end_number, score_arrow1, score_arrow2, score_arrow3, score_arrow4, score_arrow5, score_arrow6) values ('638', '107', '2', '9', '7', '7', '5', '2', '1');
insert into EndScores (end_id, range_score_id, end_number, score_arrow1, score_arrow2, score_arrow3, score_arrow4, score_arrow5, score_arrow6) values ('639', '107', '3', '9', '9', '6', '6', '5', '3');
insert into EndScores (end_id, range_score_id, end_number, score_arrow1, score_arrow2, score_arrow3, score_arrow4, score_arrow5, score_arrow6) values ('640', '107', '4', '6', '5', '5', '4', '2', '2');
insert into EndScores (end_id, range_score_id, end_number, score_arrow1, score_arrow2, score_arrow3, score_arrow4, score_arrow5, score_arrow6) values ('641', '107', '5', '9', '5', '2', '0', '0', '0');
insert into EndScores (end_id, range_score_id, end_number, score_arrow1, score_arrow2, score_arrow3, score_arrow4, score_arrow5, score_arrow6) values ('642', '107', '6', '7', '4', '3', '3', '1', '0');
insert into RangeScores (range_score_id, round_score_id, round_range_id) values ('108', '27', '12');
insert into EndScores (end_id, range_score_id, end_number, score_arrow1, score_arrow2, score_arrow3, score_arrow4, score_arrow5, score_arrow6) values ('643', '108', '1', '8', '8', '6', '5', '5', '0');
insert into EndScores (end_id, range_score_id, end_number, score_arrow1, score_arrow2, score_arrow3, score_arrow4, score_arrow5, score_arrow6) values ('644', '108', '2', '8', '4', '4', '3', '3', '3');
insert into EndScores (end_id, range_score_id, end_number, score_arrow1, score_arrow2, score_arrow3, score_arrow4, score_arrow5, score_arrow6) values ('645', '108', '3', '9', '5', '3', '0', '0', '0');
insert into EndScores (end_id, range_score_id, end_number, score_arrow1, score_arrow2, score_arrow3, score_arrow4, score_arrow5, score_arrow6) values ('646', '108', '4', '9', '7', '6', '3', '1', '0');
insert into EndScores (end_id, range_score_id, end_number, score_arrow1, score_arrow2, score_arrow3, score_arrow4, score_arrow5, score_arrow6) values ('647', '108', '5', '7', '5', '4', '1', '1', '0');
insert into EndScores (end_id, range_score_id, end_number, score_arrow1, score_arrow2, score_arrow3, score_arrow4, score_arrow5, score_arrow6) values ('648', '108', '6', '8', '4', '3', '3', '1', '1');
insert into CompetitionEnrolments (archer_id, competition_id) values ('30', '26');
insert into RoundScores (round_score_id, archer_id, competition_id, round_score_date_time, equipment_id, round_def_id, total_score, category_id) values ('28', '30', '26', '2023-04-23 16:42:4.405', 'C', '3', '700', '26');
insert into RangeScores (range_score_id, round_score_id, round_range_id) values ('109', '28', '9');
insert into EndScores (end_id, range_score_id, end_number, score_arrow1, score_arrow2, score_arrow3, score_arrow4, score_arrow5, score_arrow6) values ('649', '109', '1', '8', '7', '5', '3', '2', '0');
insert into EndScores (end_id, range_score_id, end_number, score_arrow1, score_arrow2, score_arrow3, score_arrow4, score_arrow5, score_arrow6) values ('650', '109', '2', '9', '9', '8', '8', '7', '4');
insert into EndScores (end_id, range_score_id, end_number, score_arrow1, score_arrow2, score_arrow3, score_arrow4, score_arrow5, score_arrow6) values ('651', '109', '3', '9', '7', '5', '4', '3', '2');
insert into EndScores (end_id, range_score_id, end_number, score_arrow1, score_arrow2, score_arrow3, score_arrow4, score_arrow5, score_arrow6) values ('652', '109', '4', '9', '7', '3', '0', '0', '0');
insert into EndScores (end_id, range_score_id, end_number, score_arrow1, score_arrow2, score_arrow3, score_arrow4, score_arrow5, score_arrow6) values ('653', '109', '5', '8', '8', '7', '6', '2', '0');
insert into EndScores (end_id, range_score_id, end_number, score_arrow1, score_arrow2, score_arrow3, score_arrow4, score_arrow5, score_arrow6) values ('654', '109', '6', '9', '9', '8', '6', '2', '0');
insert into RangeScores (range_score_id, round_score_id, round_range_id) values ('110', '28', '10');
insert into EndScores (end_id, range_score_id, end_number, score_arrow1, score_arrow2, score_arrow3, score_arrow4, score_arrow5, score_arrow6) values ('655', '110', '1', '9', '8', '6', '5', '0', '0');
insert into EndScores (end_id, range_score_id, end_number, score_arrow1, score_arrow2, score_arrow3, score_arrow4, score_arrow5, score_arrow6) values ('656', '110', '2', '8', '6', '4', '3', '2', '1');
insert into EndScores (end_id, range_score_id, end_number, score_arrow1, score_arrow2, score_arrow3, score_arrow4, score_arrow5, score_arrow6) values ('657', '110', '3', '8', '5', '3', '2', '1', '0');
insert into EndScores (end_id, range_score_id, end_number, score_arrow1, score_arrow2, score_arrow3, score_arrow4, score_arrow5, score_arrow6) values ('658', '110', '4', '9', '7', '6', '5', '2', '1');
insert into EndScores (end_id, range_score_id, end_number, score_arrow1, score_arrow2, score_arrow3, score_arrow4, score_arrow5, score_arrow6) values ('659', '110', '5', '5', '5', '2', '1', '1', '1');
insert into EndScores (end_id, range_score_id, end_number, score_arrow1, score_arrow2, score_arrow3, score_arrow4, score_arrow5, score_arrow6) values ('660', '110', '6', '9', '7', '6', '4', '3', '1');
insert into RangeScores (range_score_id, round_score_id, round_range_id) values ('111', '28', '11');
insert into EndScores (end_id, range_score_id, end_number, score_arrow1, score_arrow2, score_arrow3, score_arrow4, score_arrow5, score_arrow6) values ('661', '111', '1', '7', '7', '5', '3', '3', '0');
insert into EndScores (end_id, range_score_id, end_number, score_arrow1, score_arrow2, score_arrow3, score_arrow4, score_arrow5, score_arrow6) values ('662', '111', '2', '9', '8', '8', '5', '4', '1');
insert into EndScores (end_id, range_score_id, end_number, score_arrow1, score_arrow2, score_arrow3, score_arrow4, score_arrow5, score_arrow6) values ('663', '111', '3', '7', '6', '6', '6', '4', '4');
insert into EndScores (end_id, range_score_id, end_number, score_arrow1, score_arrow2, score_arrow3, score_arrow4, score_arrow5, score_arrow6) values ('664', '111', '4', '8', '8', '8', '7', '6', '3');
insert into EndScores (end_id, range_score_id, end_number, score_arrow1, score_arrow2, score_arrow3, score_arrow4, score_arrow5, score_arrow6) values ('665', '111', '5', '6', '5', '5', '4', '4', '1');
insert into EndScores (end_id, range_score_id, end_number, score_arrow1, score_arrow2, score_arrow3, score_arrow4, score_arrow5, score_arrow6) values ('666', '111', '6', '9', '9', '8', '4', '1', '0');
insert into RangeScores (range_score_id, round_score_id, round_range_id) values ('112', '28', '12');
insert into EndScores (end_id, range_score_id, end_number, score_arrow1, score_arrow2, score_arrow3, score_arrow4, score_arrow5, score_arrow6) values ('667', '112', '1', '9', '6', '6', '4', '2', '2');
insert into EndScores (end_id, range_score_id, end_number, score_arrow1, score_arrow2, score_arrow3, score_arrow4, score_arrow5, score_arrow6) values ('668', '112', '2', '8', '6', '4', '3', '2', '0');
insert into EndScores (end_id, range_score_id, end_number, score_arrow1, score_arrow2, score_arrow3, score_arrow4, score_arrow5, score_arrow6) values ('669', '112', '3', '9', '7', '6', '4', '2', '1');
insert into EndScores (end_id, range_score_id, end_number, score_arrow1, score_arrow2, score_arrow3, score_arrow4, score_arrow5, score_arrow6) values ('670', '112', '4', '8', '8', '7', '7', '6', '0');
insert into EndScores (end_id, range_score_id, end_number, score_arrow1, score_arrow2, score_arrow3, score_arrow4, score_arrow5, score_arrow6) values ('671', '112', '5', '9', '7', '6', '5', '5', '5');
insert into EndScores (end_id, range_score_id, end_number, score_arrow1, score_arrow2, score_arrow3, score_arrow4, score_arrow5, score_arrow6) values ('672', '112', '6', '9', '8', '7', '1', '1', '1');
insert into CompetitionEnrolments (archer_id, competition_id) values ('31', '4');
insert into RoundScores (round_score_id, archer_id, competition_id, round_score_date_time, equipment_id, round_def_id, total_score, category_id) values ('29', '31', '4', '2023-04-23 16:45:30.282', 'L', '3', '598', '4');
insert into RangeScores (range_score_id, round_score_id, round_range_id) values ('113', '29', '9');
insert into EndScores (end_id, range_score_id, end_number, score_arrow1, score_arrow2, score_arrow3, score_arrow4, score_arrow5, score_arrow6) values ('673', '113', '1', '8', '8', '6', '3', '2', '0');
insert into EndScores (end_id, range_score_id, end_number, score_arrow1, score_arrow2, score_arrow3, score_arrow4, score_arrow5, score_arrow6) values ('674', '113', '2', '8', '8', '5', '4', '2', '2');
insert into EndScores (end_id, range_score_id, end_number, score_arrow1, score_arrow2, score_arrow3, score_arrow4, score_arrow5, score_arrow6) values ('675', '113', '3', '9', '6', '5', '5', '4', '0');
insert into EndScores (end_id, range_score_id, end_number, score_arrow1, score_arrow2, score_arrow3, score_arrow4, score_arrow5, score_arrow6) values ('676', '113', '4', '9', '7', '7', '3', '2', '1');
insert into EndScores (end_id, range_score_id, end_number, score_arrow1, score_arrow2, score_arrow3, score_arrow4, score_arrow5, score_arrow6) values ('677', '113', '5', '9', '8', '5', '3', '0', '0');
insert into EndScores (end_id, range_score_id, end_number, score_arrow1, score_arrow2, score_arrow3, score_arrow4, score_arrow5, score_arrow6) values ('678', '113', '6', '8', '6', '4', '4', '1', '0');
insert into RangeScores (range_score_id, round_score_id, round_range_id) values ('114', '29', '10');
insert into EndScores (end_id, range_score_id, end_number, score_arrow1, score_arrow2, score_arrow3, score_arrow4, score_arrow5, score_arrow6) values ('679', '114', '1', '8', '5', '3', '2', '2', '2');
insert into EndScores (end_id, range_score_id, end_number, score_arrow1, score_arrow2, score_arrow3, score_arrow4, score_arrow5, score_arrow6) values ('680', '114', '2', '9', '7', '6', '4', '3', '2');
insert into EndScores (end_id, range_score_id, end_number, score_arrow1, score_arrow2, score_arrow3, score_arrow4, score_arrow5, score_arrow6) values ('681', '114', '3', '8', '7', '6', '5', '4', '2');
insert into EndScores (end_id, range_score_id, end_number, score_arrow1, score_arrow2, score_arrow3, score_arrow4, score_arrow5, score_arrow6) values ('682', '114', '4', '8', '8', '6', '2', '0', '0');
insert into EndScores (end_id, range_score_id, end_number, score_arrow1, score_arrow2, score_arrow3, score_arrow4, score_arrow5, score_arrow6) values ('683', '114', '5', '8', '5', '5', '4', '4', '2');
insert into EndScores (end_id, range_score_id, end_number, score_arrow1, score_arrow2, score_arrow3, score_arrow4, score_arrow5, score_arrow6) values ('684', '114', '6', '9', '8', '3', '1', '1', '0');
insert into RangeScores (range_score_id, round_score_id, round_range_id) values ('115', '29', '11');
insert into EndScores (end_id, range_score_id, end_number, score_arrow1, score_arrow2, score_arrow3, score_arrow4, score_arrow5, score_arrow6) values ('685', '115', '1', '9', '7', '6', '4', '4', '2');
insert into EndScores (end_id, range_score_id, end_number, score_arrow1, score_arrow2, score_arrow3, score_arrow4, score_arrow5, score_arrow6) values ('686', '115', '2', '8', '6', '5', '3', '2', '1');
insert into EndScores (end_id, range_score_id, end_number, score_arrow1, score_arrow2, score_arrow3, score_arrow4, score_arrow5, score_arrow6) values ('687', '115', '3', '6', '6', '6', '3', '2', '0');
insert into EndScores (end_id, range_score_id, end_number, score_arrow1, score_arrow2, score_arrow3, score_arrow4, score_arrow5, score_arrow6) values ('688', '115', '4', '9', '5', '4', '3', '2', '1');
insert into EndScores (end_id, range_score_id, end_number, score_arrow1, score_arrow2, score_arrow3, score_arrow4, score_arrow5, score_arrow6) values ('689', '115', '5', '9', '7', '5', '2', '2', '1');
insert into EndScores (end_id, range_score_id, end_number, score_arrow1, score_arrow2, score_arrow3, score_arrow4, score_arrow5, score_arrow6) values ('690', '115', '6', '5', '5', '4', '4', '3', '0');
insert into RangeScores (range_score_id, round_score_id, round_range_id) values ('116', '29', '12');
insert into EndScores (end_id, range_score_id, end_number, score_arrow1, score_arrow2, score_arrow3, score_arrow4, score_arrow5, score_arrow6) values ('691', '116', '1', '9', '6', '6', '5', '2', '1');
insert into EndScores (end_id, range_score_id, end_number, score_arrow1, score_arrow2, score_arrow3, score_arrow4, score_arrow5, score_arrow6) values ('692', '116', '2', '8', '4', '3', '3', '1', '0');
insert into EndScores (end_id, range_score_id, end_number, score_arrow1, score_arrow2, score_arrow3, score_arrow4, score_arrow5, score_arrow6) values ('693', '116', '3', '2', '2', '2', '1', '1', '0');
insert into EndScores (end_id, range_score_id, end_number, score_arrow1, score_arrow2, score_arrow3, score_arrow4, score_arrow5, score_arrow6) values ('694', '116', '4', '7', '6', '3', '2', '1', '1');
insert into EndScores (end_id, range_score_id, end_number, score_arrow1, score_arrow2, score_arrow3, score_arrow4, score_arrow5, score_arrow6) values ('695', '116', '5', '7', '6', '4', '4', '3', '0');
insert into EndScores (end_id, range_score_id, end_number, score_arrow1, score_arrow2, score_arrow3, score_arrow4, score_arrow5, score_arrow6) values ('696', '116', '6', '7', '5', '5', '4', '4', '1');
insert into CompetitionEnrolments (archer_id, competition_id) values ('32', '24');
insert into RoundScores (round_score_id, archer_id, competition_id, round_score_date_time, equipment_id, round_def_id, total_score, category_id) values ('30', '32', '24', '2023-04-23 9:17:29.515', 'L', '4', '680', '24');
insert into RangeScores (range_score_id, round_score_id, round_range_id) values ('117', '30', '13');
insert into EndScores (end_id, range_score_id, end_number, score_arrow1, score_arrow2, score_arrow3, score_arrow4, score_arrow5, score_arrow6) values ('697', '117', '1', '7', '4', '4', '4', '3', '1');
insert into EndScores (end_id, range_score_id, end_number, score_arrow1, score_arrow2, score_arrow3, score_arrow4, score_arrow5, score_arrow6) values ('698', '117', '2', '9', '8', '6', '5', '1', '0');
insert into EndScores (end_id, range_score_id, end_number, score_arrow1, score_arrow2, score_arrow3, score_arrow4, score_arrow5, score_arrow6) values ('699', '117', '3', '9', '7', '3', '2', '1', '0');
insert into EndScores (end_id, range_score_id, end_number, score_arrow1, score_arrow2, score_arrow3, score_arrow4, score_arrow5, score_arrow6) values ('700', '117', '4', '9', '8', '8', '7', '4', '0');
insert into EndScores (end_id, range_score_id, end_number, score_arrow1, score_arrow2, score_arrow3, score_arrow4, score_arrow5, score_arrow6) values ('701', '117', '5', '6', '3', '3', '3', '1', '1');
insert into EndScores (end_id, range_score_id, end_number, score_arrow1, score_arrow2, score_arrow3, score_arrow4, score_arrow5, score_arrow6) values ('702', '117', '6', '9', '9', '7', '5', '3', '2');
insert into RangeScores (range_score_id, round_score_id, round_range_id) values ('118', '30', '14');
insert into EndScores (end_id, range_score_id, end_number, score_arrow1, score_arrow2, score_arrow3, score_arrow4, score_arrow5, score_arrow6) values ('703', '118', '1', '7', '7', '6', '6', '5', '0');
insert into EndScores (end_id, range_score_id, end_number, score_arrow1, score_arrow2, score_arrow3, score_arrow4, score_arrow5, score_arrow6) values ('704', '118', '2', '8', '8', '6', '6', '4', '4');
insert into EndScores (end_id, range_score_id, end_number, score_arrow1, score_arrow2, score_arrow3, score_arrow4, score_arrow5, score_arrow6) values ('705', '118', '3', '9', '8', '6', '3', '1', '1');
insert into EndScores (end_id, range_score_id, end_number, score_arrow1, score_arrow2, score_arrow3, score_arrow4, score_arrow5, score_arrow6) values ('706', '118', '4', '9', '9', '9', '3', '2', '1');
insert into EndScores (end_id, range_score_id, end_number, score_arrow1, score_arrow2, score_arrow3, score_arrow4, score_arrow5, score_arrow6) values ('707', '118', '5', '7', '5', '3', '1', '0', '0');
insert into EndScores (end_id, range_score_id, end_number, score_arrow1, score_arrow2, score_arrow3, score_arrow4, score_arrow5, score_arrow6) values ('708', '118', '6', '8', '4', '4', '2', '0', '0');
insert into RangeScores (range_score_id, round_score_id, round_range_id) values ('119', '30', '15');
insert into EndScores (end_id, range_score_id, end_number, score_arrow1, score_arrow2, score_arrow3, score_arrow4, score_arrow5, score_arrow6) values ('709', '119', '1', '9', '5', '4', '4', '1', '0');
insert into EndScores (end_id, range_score_id, end_number, score_arrow1, score_arrow2, score_arrow3, score_arrow4, score_arrow5, score_arrow6) values ('710', '119', '2', '9', '8', '8', '6', '4', '3');
insert into EndScores (end_id, range_score_id, end_number, score_arrow1, score_arrow2, score_arrow3, score_arrow4, score_arrow5, score_arrow6) values ('711', '119', '3', '9', '7', '6', '6', '2', '2');
insert into EndScores (end_id, range_score_id, end_number, score_arrow1, score_arrow2, score_arrow3, score_arrow4, score_arrow5, score_arrow6) values ('712', '119', '4', '9', '8', '6', '5', '5', '3');
insert into EndScores (end_id, range_score_id, end_number, score_arrow1, score_arrow2, score_arrow3, score_arrow4, score_arrow5, score_arrow6) values ('713', '119', '5', '7', '6', '2', '0', '0', '0');
insert into EndScores (end_id, range_score_id, end_number, score_arrow1, score_arrow2, score_arrow3, score_arrow4, score_arrow5, score_arrow6) values ('714', '119', '6', '8', '5', '5', '5', '5', '1');
insert into RangeScores (range_score_id, round_score_id, round_range_id) values ('120', '30', '16');
insert into EndScores (end_id, range_score_id, end_number, score_arrow1, score_arrow2, score_arrow3, score_arrow4, score_arrow5, score_arrow6) values ('715', '120', '1', '9', '6', '6', '2', '2', '2');
insert into EndScores (end_id, range_score_id, end_number, score_arrow1, score_arrow2, score_arrow3, score_arrow4, score_arrow5, score_arrow6) values ('716', '120', '2', '9', '7', '7', '6', '3', '1');
insert into EndScores (end_id, range_score_id, end_number, score_arrow1, score_arrow2, score_arrow3, score_arrow4, score_arrow5, score_arrow6) values ('717', '120', '3', '8', '7', '5', '4', '3', '1');
insert into EndScores (end_id, range_score_id, end_number, score_arrow1, score_arrow2, score_arrow3, score_arrow4, score_arrow5, score_arrow6) values ('718', '120', '4', '9', '9', '8', '7', '6', '6');
insert into EndScores (end_id, range_score_id, end_number, score_arrow1, score_arrow2, score_arrow3, score_arrow4, score_arrow5, score_arrow6) values ('719', '120', '5', '7', '5', '2', '1', '1', '0');
insert into EndScores (end_id, range_score_id, end_number, score_arrow1, score_arrow2, score_arrow3, score_arrow4, score_arrow5, score_arrow6) values ('720', '120', '6', '9', '9', '8', '4', '2', '2');
insert into CompetitionEnrolments (archer_id, competition_id) values ('33', '8');
insert into RoundScores (round_score_id, archer_id, competition_id, round_score_date_time, equipment_id, round_def_id, total_score, category_id) values ('31', '33', '8', '2023-04-23 9:9:12.546', 'L', '4', '689', '8');
insert into RangeScores (range_score_id, round_score_id, round_range_id) values ('121', '31', '13');
insert into EndScores (end_id, range_score_id, end_number, score_arrow1, score_arrow2, score_arrow3, score_arrow4, score_arrow5, score_arrow6) values ('721', '121', '1', '8', '8', '5', '2', '1', '0');
insert into EndScores (end_id, range_score_id, end_number, score_arrow1, score_arrow2, score_arrow3, score_arrow4, score_arrow5, score_arrow6) values ('722', '121', '2', '6', '5', '5', '4', '3', '0');
insert into EndScores (end_id, range_score_id, end_number, score_arrow1, score_arrow2, score_arrow3, score_arrow4, score_arrow5, score_arrow6) values ('723', '121', '3', '8', '7', '7', '6', '5', '4');
insert into EndScores (end_id, range_score_id, end_number, score_arrow1, score_arrow2, score_arrow3, score_arrow4, score_arrow5, score_arrow6) values ('724', '121', '4', '9', '7', '4', '3', '2', '0');
insert into EndScores (end_id, range_score_id, end_number, score_arrow1, score_arrow2, score_arrow3, score_arrow4, score_arrow5, score_arrow6) values ('725', '121', '5', '9', '8', '6', '5', '4', '4');
insert into EndScores (end_id, range_score_id, end_number, score_arrow1, score_arrow2, score_arrow3, score_arrow4, score_arrow5, score_arrow6) values ('726', '121', '6', '8', '7', '6', '4', '2', '2');
insert into RangeScores (range_score_id, round_score_id, round_range_id) values ('122', '31', '14');
insert into EndScores (end_id, range_score_id, end_number, score_arrow1, score_arrow2, score_arrow3, score_arrow4, score_arrow5, score_arrow6) values ('727', '122', '1', '7', '7', '3', '3', '1', '0');
insert into EndScores (end_id, range_score_id, end_number, score_arrow1, score_arrow2, score_arrow3, score_arrow4, score_arrow5, score_arrow6) values ('728', '122', '2', '9', '6', '5', '5', '2', '0');
insert into EndScores (end_id, range_score_id, end_number, score_arrow1, score_arrow2, score_arrow3, score_arrow4, score_arrow5, score_arrow6) values ('729', '122', '3', '9', '7', '7', '6', '6', '3');
insert into EndScores (end_id, range_score_id, end_number, score_arrow1, score_arrow2, score_arrow3, score_arrow4, score_arrow5, score_arrow6) values ('730', '122', '4', '9', '9', '8', '6', '4', '4');
insert into EndScores (end_id, range_score_id, end_number, score_arrow1, score_arrow2, score_arrow3, score_arrow4, score_arrow5, score_arrow6) values ('731', '122', '5', '9', '5', '4', '2', '1', '1');
insert into EndScores (end_id, range_score_id, end_number, score_arrow1, score_arrow2, score_arrow3, score_arrow4, score_arrow5, score_arrow6) values ('732', '122', '6', '8', '8', '8', '6', '5', '4');
insert into RangeScores (range_score_id, round_score_id, round_range_id) values ('123', '31', '15');
insert into EndScores (end_id, range_score_id, end_number, score_arrow1, score_arrow2, score_arrow3, score_arrow4, score_arrow5, score_arrow6) values ('733', '123', '1', '8', '7', '7', '4', '1', '0');
insert into EndScores (end_id, range_score_id, end_number, score_arrow1, score_arrow2, score_arrow3, score_arrow4, score_arrow5, score_arrow6) values ('734', '123', '2', '9', '8', '5', '4', '2', '0');
insert into EndScores (end_id, range_score_id, end_number, score_arrow1, score_arrow2, score_arrow3, score_arrow4, score_arrow5, score_arrow6) values ('735', '123', '3', '9', '7', '7', '5', '3', '1');
insert into EndScores (end_id, range_score_id, end_number, score_arrow1, score_arrow2, score_arrow3, score_arrow4, score_arrow5, score_arrow6) values ('736', '123', '4', '8', '8', '5', '2', '1', '0');
insert into EndScores (end_id, range_score_id, end_number, score_arrow1, score_arrow2, score_arrow3, score_arrow4, score_arrow5, score_arrow6) values ('737', '123', '5', '8', '7', '5', '2', '0', '0');
insert into EndScores (end_id, range_score_id, end_number, score_arrow1, score_arrow2, score_arrow3, score_arrow4, score_arrow5, score_arrow6) values ('738', '123', '6', '9', '8', '7', '5', '4', '3');
insert into RangeScores (range_score_id, round_score_id, round_range_id) values ('124', '31', '16');
insert into EndScores (end_id, range_score_id, end_number, score_arrow1, score_arrow2, score_arrow3, score_arrow4, score_arrow5, score_arrow6) values ('739', '124', '1', '8', '8', '7', '7', '2', '2');
insert into EndScores (end_id, range_score_id, end_number, score_arrow1, score_arrow2, score_arrow3, score_arrow4, score_arrow5, score_arrow6) values ('740', '124', '2', '8', '8', '6', '5', '1', '0');
insert into EndScores (end_id, range_score_id, end_number, score_arrow1, score_arrow2, score_arrow3, score_arrow4, score_arrow5, score_arrow6) values ('741', '124', '3', '8', '8', '4', '3', '1', '0');
insert into EndScores (end_id, range_score_id, end_number, score_arrow1, score_arrow2, score_arrow3, score_arrow4, score_arrow5, score_arrow6) values ('742', '124', '4', '7', '5', '3', '2', '1', '1');
insert into EndScores (end_id, range_score_id, end_number, score_arrow1, score_arrow2, score_arrow3, score_arrow4, score_arrow5, score_arrow6) values ('743', '124', '5', '9', '7', '5', '4', '3', '0');
insert into EndScores (end_id, range_score_id, end_number, score_arrow1, score_arrow2, score_arrow3, score_arrow4, score_arrow5, score_arrow6) values ('744', '124', '6', '9', '7', '5', '3', '1', '1');
insert into CompetitionEnrolments (archer_id, competition_id) values ('34', '5');
insert into RoundScores (round_score_id, archer_id, competition_id, round_score_date_time, equipment_id, round_def_id, total_score, category_id) values ('32', '34', '5', '2023-04-23 17:53:4.347', 'R', '2', '645', '5');
insert into RangeScores (range_score_id, round_score_id, round_range_id) values ('125', '32', '5');
insert into EndScores (end_id, range_score_id, end_number, score_arrow1, score_arrow2, score_arrow3, score_arrow4, score_arrow5, score_arrow6) values ('745', '125', '1', '7', '6', '5', '4', '3', '3');
insert into EndScores (end_id, range_score_id, end_number, score_arrow1, score_arrow2, score_arrow3, score_arrow4, score_arrow5, score_arrow6) values ('746', '125', '2', '8', '8', '5', '5', '4', '2');
insert into EndScores (end_id, range_score_id, end_number, score_arrow1, score_arrow2, score_arrow3, score_arrow4, score_arrow5, score_arrow6) values ('747', '125', '3', '8', '7', '7', '4', '4', '4');
insert into EndScores (end_id, range_score_id, end_number, score_arrow1, score_arrow2, score_arrow3, score_arrow4, score_arrow5, score_arrow6) values ('748', '125', '4', '9', '4', '4', '2', '1', '1');
insert into EndScores (end_id, range_score_id, end_number, score_arrow1, score_arrow2, score_arrow3, score_arrow4, score_arrow5, score_arrow6) values ('749', '125', '5', '8', '7', '7', '5', '5', '0');
insert into EndScores (end_id, range_score_id, end_number, score_arrow1, score_arrow2, score_arrow3, score_arrow4, score_arrow5, score_arrow6) values ('750', '125', '6', '5', '4', '3', '3', '1', '0');
insert into RangeScores (range_score_id, round_score_id, round_range_id) values ('126', '32', '6');
insert into EndScores (end_id, range_score_id, end_number, score_arrow1, score_arrow2, score_arrow3, score_arrow4, score_arrow5, score_arrow6) values ('751', '126', '1', '9', '7', '6', '2', '1', '1');
insert into EndScores (end_id, range_score_id, end_number, score_arrow1, score_arrow2, score_arrow3, score_arrow4, score_arrow5, score_arrow6) values ('752', '126', '2', '7', '7', '5', '3', '3', '1');
insert into EndScores (end_id, range_score_id, end_number, score_arrow1, score_arrow2, score_arrow3, score_arrow4, score_arrow5, score_arrow6) values ('753', '126', '3', '7', '5', '4', '3', '2', '1');
insert into EndScores (end_id, range_score_id, end_number, score_arrow1, score_arrow2, score_arrow3, score_arrow4, score_arrow5, score_arrow6) values ('754', '126', '4', '9', '8', '3', '3', '1', '0');
insert into EndScores (end_id, range_score_id, end_number, score_arrow1, score_arrow2, score_arrow3, score_arrow4, score_arrow5, score_arrow6) values ('755', '126', '5', '8', '8', '4', '3', '3', '2');
insert into EndScores (end_id, range_score_id, end_number, score_arrow1, score_arrow2, score_arrow3, score_arrow4, score_arrow5, score_arrow6) values ('756', '126', '6', '6', '5', '5', '3', '2', '1');
insert into RangeScores (range_score_id, round_score_id, round_range_id) values ('127', '32', '7');
insert into EndScores (end_id, range_score_id, end_number, score_arrow1, score_arrow2, score_arrow3, score_arrow4, score_arrow5, score_arrow6) values ('757', '127', '1', '9', '6', '6', '4', '0', '0');
insert into EndScores (end_id, range_score_id, end_number, score_arrow1, score_arrow2, score_arrow3, score_arrow4, score_arrow5, score_arrow6) values ('758', '127', '2', '9', '8', '7', '7', '6', '0');
insert into EndScores (end_id, range_score_id, end_number, score_arrow1, score_arrow2, score_arrow3, score_arrow4, score_arrow5, score_arrow6) values ('759', '127', '3', '8', '6', '6', '5', '3', '0');
insert into EndScores (end_id, range_score_id, end_number, score_arrow1, score_arrow2, score_arrow3, score_arrow4, score_arrow5, score_arrow6) values ('760', '127', '4', '9', '9', '7', '6', '4', '1');
insert into EndScores (end_id, range_score_id, end_number, score_arrow1, score_arrow2, score_arrow3, score_arrow4, score_arrow5, score_arrow6) values ('761', '127', '5', '4', '2', '2', '1', '1', '0');
insert into EndScores (end_id, range_score_id, end_number, score_arrow1, score_arrow2, score_arrow3, score_arrow4, score_arrow5, score_arrow6) values ('762', '127', '6', '8', '5', '3', '1', '0', '0');
insert into RangeScores (range_score_id, round_score_id, round_range_id) values ('128', '32', '8');
insert into EndScores (end_id, range_score_id, end_number, score_arrow1, score_arrow2, score_arrow3, score_arrow4, score_arrow5, score_arrow6) values ('763', '128', '1', '9', '7', '6', '6', '6', '1');
insert into EndScores (end_id, range_score_id, end_number, score_arrow1, score_arrow2, score_arrow3, score_arrow4, score_arrow5, score_arrow6) values ('764', '128', '2', '9', '7', '5', '4', '2', '1');
insert into EndScores (end_id, range_score_id, end_number, score_arrow1, score_arrow2, score_arrow3, score_arrow4, score_arrow5, score_arrow6) values ('765', '128', '3', '9', '9', '9', '3', '3', '2');
insert into EndScores (end_id, range_score_id, end_number, score_arrow1, score_arrow2, score_arrow3, score_arrow4, score_arrow5, score_arrow6) values ('766', '128', '4', '7', '7', '7', '4', '2', '0');
insert into EndScores (end_id, range_score_id, end_number, score_arrow1, score_arrow2, score_arrow3, score_arrow4, score_arrow5, score_arrow6) values ('767', '128', '5', '8', '5', '4', '2', '2', '0');
insert into EndScores (end_id, range_score_id, end_number, score_arrow1, score_arrow2, score_arrow3, score_arrow4, score_arrow5, score_arrow6) values ('768', '128', '6', '9', '8', '6', '5', '4', '3');
insert into CompetitionEnrolments (archer_id, competition_id) values ('35', '58');
insert into RoundScores (round_score_id, archer_id, competition_id, round_score_date_time, equipment_id, round_def_id, total_score, category_id) values ('33', '35', '58', '2023-04-23 9:30:4.58', 'C', '5', '682', '58');
insert into RangeScores (range_score_id, round_score_id, round_range_id) values ('129', '33', '17');
insert into EndScores (end_id, range_score_id, end_number, score_arrow1, score_arrow2, score_arrow3, score_arrow4, score_arrow5, score_arrow6) values ('769', '129', '1', '9', '9', '8', '7', '4', '4');
insert into EndScores (end_id, range_score_id, end_number, score_arrow1, score_arrow2, score_arrow3, score_arrow4, score_arrow5, score_arrow6) values ('770', '129', '2', '9', '8', '6', '5', '4', '3');
insert into EndScores (end_id, range_score_id, end_number, score_arrow1, score_arrow2, score_arrow3, score_arrow4, score_arrow5, score_arrow6) values ('771', '129', '3', '8', '7', '7', '4', '2', '0');
insert into EndScores (end_id, range_score_id, end_number, score_arrow1, score_arrow2, score_arrow3, score_arrow4, score_arrow5, score_arrow6) values ('772', '129', '4', '9', '4', '3', '2', '2', '1');
insert into EndScores (end_id, range_score_id, end_number, score_arrow1, score_arrow2, score_arrow3, score_arrow4, score_arrow5, score_arrow6) values ('773', '129', '5', '8', '7', '7', '7', '2', '2');
insert into EndScores (end_id, range_score_id, end_number, score_arrow1, score_arrow2, score_arrow3, score_arrow4, score_arrow5, score_arrow6) values ('774', '129', '6', '5', '4', '3', '3', '1', '0');
insert into RangeScores (range_score_id, round_score_id, round_range_id) values ('130', '33', '18');
insert into EndScores (end_id, range_score_id, end_number, score_arrow1, score_arrow2, score_arrow3, score_arrow4, score_arrow5, score_arrow6) values ('775', '130', '1', '7', '6', '3', '3', '2', '0');
insert into EndScores (end_id, range_score_id, end_number, score_arrow1, score_arrow2, score_arrow3, score_arrow4, score_arrow5, score_arrow6) values ('776', '130', '2', '8', '4', '4', '3', '2', '1');
insert into EndScores (end_id, range_score_id, end_number, score_arrow1, score_arrow2, score_arrow3, score_arrow4, score_arrow5, score_arrow6) values ('777', '130', '3', '9', '7', '4', '4', '4', '3');
insert into EndScores (end_id, range_score_id, end_number, score_arrow1, score_arrow2, score_arrow3, score_arrow4, score_arrow5, score_arrow6) values ('778', '130', '4', '9', '7', '6', '5', '5', '3');
insert into EndScores (end_id, range_score_id, end_number, score_arrow1, score_arrow2, score_arrow3, score_arrow4, score_arrow5, score_arrow6) values ('779', '130', '5', '7', '5', '4', '3', '2', '2');
insert into EndScores (end_id, range_score_id, end_number, score_arrow1, score_arrow2, score_arrow3, score_arrow4, score_arrow5, score_arrow6) values ('780', '130', '6', '9', '4', '3', '2', '2', '1');
insert into RangeScores (range_score_id, round_score_id, round_range_id) values ('131', '33', '19');
insert into EndScores (end_id, range_score_id, end_number, score_arrow1, score_arrow2, score_arrow3, score_arrow4, score_arrow5, score_arrow6) values ('781', '131', '1', '9', '8', '5', '3', '1', '0');
insert into EndScores (end_id, range_score_id, end_number, score_arrow1, score_arrow2, score_arrow3, score_arrow4, score_arrow5, score_arrow6) values ('782', '131', '2', '9', '9', '7', '7', '6', '3');
insert into EndScores (end_id, range_score_id, end_number, score_arrow1, score_arrow2, score_arrow3, score_arrow4, score_arrow5, score_arrow6) values ('783', '131', '3', '8', '7', '4', '3', '2', '0');
insert into EndScores (end_id, range_score_id, end_number, score_arrow1, score_arrow2, score_arrow3, score_arrow4, score_arrow5, score_arrow6) values ('784', '131', '4', '9', '7', '6', '4', '3', '2');
insert into EndScores (end_id, range_score_id, end_number, score_arrow1, score_arrow2, score_arrow3, score_arrow4, score_arrow5, score_arrow6) values ('785', '131', '5', '8', '6', '6', '6', '5', '1');
insert into EndScores (end_id, range_score_id, end_number, score_arrow1, score_arrow2, score_arrow3, score_arrow4, score_arrow5, score_arrow6) values ('786', '131', '6', '8', '8', '7', '6', '5', '1');
insert into RangeScores (range_score_id, round_score_id, round_range_id) values ('132', '33', '20');
insert into EndScores (end_id, range_score_id, end_number, score_arrow1, score_arrow2, score_arrow3, score_arrow4, score_arrow5, score_arrow6) values ('787', '132', '1', '7', '6', '5', '4', '3', '0');
insert into EndScores (end_id, range_score_id, end_number, score_arrow1, score_arrow2, score_arrow3, score_arrow4, score_arrow5, score_arrow6) values ('788', '132', '2', '9', '9', '4', '3', '3', '2');
insert into EndScores (end_id, range_score_id, end_number, score_arrow1, score_arrow2, score_arrow3, score_arrow4, score_arrow5, score_arrow6) values ('789', '132', '3', '8', '6', '6', '5', '3', '0');
insert into EndScores (end_id, range_score_id, end_number, score_arrow1, score_arrow2, score_arrow3, score_arrow4, score_arrow5, score_arrow6) values ('790', '132', '4', '9', '8', '6', '5', '4', '4');
insert into EndScores (end_id, range_score_id, end_number, score_arrow1, score_arrow2, score_arrow3, score_arrow4, score_arrow5, score_arrow6) values ('791', '132', '5', '9', '6', '4', '2', '1', '0');
insert into EndScores (end_id, range_score_id, end_number, score_arrow1, score_arrow2, score_arrow3, score_arrow4, score_arrow5, score_arrow6) values ('792', '132', '6', '7', '7', '5', '4', '1', '1');
insert into CompetitionEnrolments (archer_id, competition_id) values ('36', '14');
insert into RoundScores (round_score_id, archer_id, competition_id, round_score_date_time, equipment_id, round_def_id, total_score, category_id) values ('34', '36', '14', '2023-04-23 15:56:53.588', 'C', '3', '622', '14');
insert into RangeScores (range_score_id, round_score_id, round_range_id) values ('133', '34', '9');
insert into EndScores (end_id, range_score_id, end_number, score_arrow1, score_arrow2, score_arrow3, score_arrow4, score_arrow5, score_arrow6) values ('793', '133', '1', '9', '6', '5', '2', '1', '0');
insert into EndScores (end_id, range_score_id, end_number, score_arrow1, score_arrow2, score_arrow3, score_arrow4, score_arrow5, score_arrow6) values ('794', '133', '2', '9', '8', '5', '4', '2', '1');
insert into EndScores (end_id, range_score_id, end_number, score_arrow1, score_arrow2, score_arrow3, score_arrow4, score_arrow5, score_arrow6) values ('795', '133', '3', '8', '8', '8', '1', '1', '0');
insert into EndScores (end_id, range_score_id, end_number, score_arrow1, score_arrow2, score_arrow3, score_arrow4, score_arrow5, score_arrow6) values ('796', '133', '4', '7', '7', '6', '3', '2', '0');
insert into EndScores (end_id, range_score_id, end_number, score_arrow1, score_arrow2, score_arrow3, score_arrow4, score_arrow5, score_arrow6) values ('797', '133', '5', '9', '5', '3', '2', '2', '1');
insert into EndScores (end_id, range_score_id, end_number, score_arrow1, score_arrow2, score_arrow3, score_arrow4, score_arrow5, score_arrow6) values ('798', '133', '6', '9', '8', '6', '5', '1', '0');
insert into RangeScores (range_score_id, round_score_id, round_range_id) values ('134', '34', '10');
insert into EndScores (end_id, range_score_id, end_number, score_arrow1, score_arrow2, score_arrow3, score_arrow4, score_arrow5, score_arrow6) values ('799', '134', '1', '9', '5', '4', '4', '4', '2');
insert into EndScores (end_id, range_score_id, end_number, score_arrow1, score_arrow2, score_arrow3, score_arrow4, score_arrow5, score_arrow6) values ('800', '134', '2', '6', '5', '5', '4', '2', '1');
insert into EndScores (end_id, range_score_id, end_number, score_arrow1, score_arrow2, score_arrow3, score_arrow4, score_arrow5, score_arrow6) values ('801', '134', '3', '9', '9', '6', '3', '0', '0');
insert into EndScores (end_id, range_score_id, end_number, score_arrow1, score_arrow2, score_arrow3, score_arrow4, score_arrow5, score_arrow6) values ('802', '134', '4', '9', '6', '6', '2', '0', '0');
insert into EndScores (end_id, range_score_id, end_number, score_arrow1, score_arrow2, score_arrow3, score_arrow4, score_arrow5, score_arrow6) values ('803', '134', '5', '6', '6', '5', '4', '4', '0');
insert into EndScores (end_id, range_score_id, end_number, score_arrow1, score_arrow2, score_arrow3, score_arrow4, score_arrow5, score_arrow6) values ('804', '134', '6', '9', '8', '5', '3', '2', '1');
insert into RangeScores (range_score_id, round_score_id, round_range_id) values ('135', '34', '11');
insert into EndScores (end_id, range_score_id, end_number, score_arrow1, score_arrow2, score_arrow3, score_arrow4, score_arrow5, score_arrow6) values ('805', '135', '1', '9', '7', '2', '1', '1', '1');
insert into EndScores (end_id, range_score_id, end_number, score_arrow1, score_arrow2, score_arrow3, score_arrow4, score_arrow5, score_arrow6) values ('806', '135', '2', '7', '3', '2', '2', '2', '1');
insert into EndScores (end_id, range_score_id, end_number, score_arrow1, score_arrow2, score_arrow3, score_arrow4, score_arrow5, score_arrow6) values ('807', '135', '3', '9', '7', '4', '4', '3', '2');
insert into EndScores (end_id, range_score_id, end_number, score_arrow1, score_arrow2, score_arrow3, score_arrow4, score_arrow5, score_arrow6) values ('808', '135', '4', '9', '8', '7', '6', '4', '1');
insert into EndScores (end_id, range_score_id, end_number, score_arrow1, score_arrow2, score_arrow3, score_arrow4, score_arrow5, score_arrow6) values ('809', '135', '5', '4', '3', '3', '2', '1', '1');
insert into EndScores (end_id, range_score_id, end_number, score_arrow1, score_arrow2, score_arrow3, score_arrow4, score_arrow5, score_arrow6) values ('810', '135', '6', '7', '5', '3', '3', '3', '2');
insert into RangeScores (range_score_id, round_score_id, round_range_id) values ('136', '34', '12');
insert into EndScores (end_id, range_score_id, end_number, score_arrow1, score_arrow2, score_arrow3, score_arrow4, score_arrow5, score_arrow6) values ('811', '136', '1', '8', '6', '6', '5', '5', '2');
insert into EndScores (end_id, range_score_id, end_number, score_arrow1, score_arrow2, score_arrow3, score_arrow4, score_arrow5, score_arrow6) values ('812', '136', '2', '8', '6', '5', '3', '2', '0');
insert into EndScores (end_id, range_score_id, end_number, score_arrow1, score_arrow2, score_arrow3, score_arrow4, score_arrow5, score_arrow6) values ('813', '136', '3', '7', '2', '2', '2', '1', '0');
insert into EndScores (end_id, range_score_id, end_number, score_arrow1, score_arrow2, score_arrow3, score_arrow4, score_arrow5, score_arrow6) values ('814', '136', '4', '8', '8', '7', '6', '6', '3');
insert into EndScores (end_id, range_score_id, end_number, score_arrow1, score_arrow2, score_arrow3, score_arrow4, score_arrow5, score_arrow6) values ('815', '136', '5', '7', '7', '5', '5', '4', '1');
insert into EndScores (end_id, range_score_id, end_number, score_arrow1, score_arrow2, score_arrow3, score_arrow4, score_arrow5, score_arrow6) values ('816', '136', '6', '9', '9', '7', '6', '6', '1');
insert into CompetitionEnrolments (archer_id, competition_id) values ('37', '11');
insert into RoundScores (round_score_id, archer_id, competition_id, round_score_date_time, equipment_id, round_def_id, total_score, category_id) values ('35', '37', '11', '2023-04-23 10:1:9.612', 'B', '3', '594', '11');
insert into RangeScores (range_score_id, round_score_id, round_range_id) values ('137', '35', '9');
insert into EndScores (end_id, range_score_id, end_number, score_arrow1, score_arrow2, score_arrow3, score_arrow4, score_arrow5, score_arrow6) values ('817', '137', '1', '8', '6', '4', '3', '3', '1');
insert into EndScores (end_id, range_score_id, end_number, score_arrow1, score_arrow2, score_arrow3, score_arrow4, score_arrow5, score_arrow6) values ('818', '137', '2', '5', '3', '1', '1', '0', '0');
insert into EndScores (end_id, range_score_id, end_number, score_arrow1, score_arrow2, score_arrow3, score_arrow4, score_arrow5, score_arrow6) values ('819', '137', '3', '9', '9', '9', '6', '2', '2');
insert into EndScores (end_id, range_score_id, end_number, score_arrow1, score_arrow2, score_arrow3, score_arrow4, score_arrow5, score_arrow6) values ('820', '137', '4', '7', '4', '4', '3', '2', '0');
insert into EndScores (end_id, range_score_id, end_number, score_arrow1, score_arrow2, score_arrow3, score_arrow4, score_arrow5, score_arrow6) values ('821', '137', '5', '8', '4', '4', '3', '2', '0');
insert into EndScores (end_id, range_score_id, end_number, score_arrow1, score_arrow2, score_arrow3, score_arrow4, score_arrow5, score_arrow6) values ('822', '137', '6', '8', '8', '6', '3', '0', '0');
insert into RangeScores (range_score_id, round_score_id, round_range_id) values ('138', '35', '10');
insert into EndScores (end_id, range_score_id, end_number, score_arrow1, score_arrow2, score_arrow3, score_arrow4, score_arrow5, score_arrow6) values ('823', '138', '1', '9', '9', '5', '4', '2', '1');
insert into EndScores (end_id, range_score_id, end_number, score_arrow1, score_arrow2, score_arrow3, score_arrow4, score_arrow5, score_arrow6) values ('824', '138', '2', '8', '4', '2', '1', '1', '0');
insert into EndScores (end_id, range_score_id, end_number, score_arrow1, score_arrow2, score_arrow3, score_arrow4, score_arrow5, score_arrow6) values ('825', '138', '3', '8', '7', '4', '3', '0', '0');
insert into EndScores (end_id, range_score_id, end_number, score_arrow1, score_arrow2, score_arrow3, score_arrow4, score_arrow5, score_arrow6) values ('826', '138', '4', '7', '7', '6', '5', '2', '1');
insert into EndScores (end_id, range_score_id, end_number, score_arrow1, score_arrow2, score_arrow3, score_arrow4, score_arrow5, score_arrow6) values ('827', '138', '5', '9', '9', '5', '4', '1', '1');
insert into EndScores (end_id, range_score_id, end_number, score_arrow1, score_arrow2, score_arrow3, score_arrow4, score_arrow5, score_arrow6) values ('828', '138', '6', '5', '3', '3', '3', '2', '2');
insert into RangeScores (range_score_id, round_score_id, round_range_id) values ('139', '35', '11');
insert into EndScores (end_id, range_score_id, end_number, score_arrow1, score_arrow2, score_arrow3, score_arrow4, score_arrow5, score_arrow6) values ('829', '139', '1', '8', '8', '7', '5', '4', '1');
insert into EndScores (end_id, range_score_id, end_number, score_arrow1, score_arrow2, score_arrow3, score_arrow4, score_arrow5, score_arrow6) values ('830', '139', '2', '9', '8', '6', '4', '2', '0');
insert into EndScores (end_id, range_score_id, end_number, score_arrow1, score_arrow2, score_arrow3, score_arrow4, score_arrow5, score_arrow6) values ('831', '139', '3', '8', '8', '5', '3', '2', '0');
insert into EndScores (end_id, range_score_id, end_number, score_arrow1, score_arrow2, score_arrow3, score_arrow4, score_arrow5, score_arrow6) values ('832', '139', '4', '9', '5', '4', '2', '1', '0');
insert into EndScores (end_id, range_score_id, end_number, score_arrow1, score_arrow2, score_arrow3, score_arrow4, score_arrow5, score_arrow6) values ('833', '139', '5', '9', '8', '7', '7', '5', '0');
insert into EndScores (end_id, range_score_id, end_number, score_arrow1, score_arrow2, score_arrow3, score_arrow4, score_arrow5, score_arrow6) values ('834', '139', '6', '8', '5', '5', '3', '1', '0');
insert into RangeScores (range_score_id, round_score_id, round_range_id) values ('140', '35', '12');
insert into EndScores (end_id, range_score_id, end_number, score_arrow1, score_arrow2, score_arrow3, score_arrow4, score_arrow5, score_arrow6) values ('835', '140', '1', '7', '7', '4', '1', '1', '0');
insert into EndScores (end_id, range_score_id, end_number, score_arrow1, score_arrow2, score_arrow3, score_arrow4, score_arrow5, score_arrow6) values ('836', '140', '2', '8', '6', '4', '2', '1', '0');
insert into EndScores (end_id, range_score_id, end_number, score_arrow1, score_arrow2, score_arrow3, score_arrow4, score_arrow5, score_arrow6) values ('837', '140', '3', '9', '7', '4', '3', '3', '3');
insert into EndScores (end_id, range_score_id, end_number, score_arrow1, score_arrow2, score_arrow3, score_arrow4, score_arrow5, score_arrow6) values ('838', '140', '4', '3', '3', '2', '2', '2', '1');
insert into EndScores (end_id, range_score_id, end_number, score_arrow1, score_arrow2, score_arrow3, score_arrow4, score_arrow5, score_arrow6) values ('839', '140', '5', '9', '9', '9', '8', '3', '0');
insert into EndScores (end_id, range_score_id, end_number, score_arrow1, score_arrow2, score_arrow3, score_arrow4, score_arrow5, score_arrow6) values ('840', '140', '6', '8', '6', '5', '4', '1', '1');
insert into CompetitionEnrolments (archer_id, competition_id) values ('38', '27');
insert into RoundScores (round_score_id, archer_id, competition_id, round_score_date_time, equipment_id, round_def_id, total_score, category_id) values ('36', '38', '27', '2023-04-23 9:27:59.272', 'B', '3', '667', '27');
insert into RangeScores (range_score_id, round_score_id, round_range_id) values ('141', '36', '9');
insert into EndScores (end_id, range_score_id, end_number, score_arrow1, score_arrow2, score_arrow3, score_arrow4, score_arrow5, score_arrow6) values ('841', '141', '1', '9', '8', '7', '4', '3', '3');
insert into EndScores (end_id, range_score_id, end_number, score_arrow1, score_arrow2, score_arrow3, score_arrow4, score_arrow5, score_arrow6) values ('842', '141', '2', '9', '4', '3', '2', '1', '0');
insert into EndScores (end_id, range_score_id, end_number, score_arrow1, score_arrow2, score_arrow3, score_arrow4, score_arrow5, score_arrow6) values ('843', '141', '3', '9', '7', '5', '4', '3', '3');
insert into EndScores (end_id, range_score_id, end_number, score_arrow1, score_arrow2, score_arrow3, score_arrow4, score_arrow5, score_arrow6) values ('844', '141', '4', '9', '9', '6', '5', '2', '0');
insert into EndScores (end_id, range_score_id, end_number, score_arrow1, score_arrow2, score_arrow3, score_arrow4, score_arrow5, score_arrow6) values ('845', '141', '5', '8', '6', '5', '3', '3', '1');
insert into EndScores (end_id, range_score_id, end_number, score_arrow1, score_arrow2, score_arrow3, score_arrow4, score_arrow5, score_arrow6) values ('846', '141', '6', '7', '5', '3', '1', '0', '0');
insert into RangeScores (range_score_id, round_score_id, round_range_id) values ('142', '36', '10');
insert into EndScores (end_id, range_score_id, end_number, score_arrow1, score_arrow2, score_arrow3, score_arrow4, score_arrow5, score_arrow6) values ('847', '142', '1', '8', '5', '4', '3', '2', '0');
insert into EndScores (end_id, range_score_id, end_number, score_arrow1, score_arrow2, score_arrow3, score_arrow4, score_arrow5, score_arrow6) values ('848', '142', '2', '9', '4', '4', '3', '2', '0');
insert into EndScores (end_id, range_score_id, end_number, score_arrow1, score_arrow2, score_arrow3, score_arrow4, score_arrow5, score_arrow6) values ('849', '142', '3', '9', '7', '7', '7', '6', '4');
insert into EndScores (end_id, range_score_id, end_number, score_arrow1, score_arrow2, score_arrow3, score_arrow4, score_arrow5, score_arrow6) values ('850', '142', '4', '9', '9', '8', '7', '3', '1');
insert into EndScores (end_id, range_score_id, end_number, score_arrow1, score_arrow2, score_arrow3, score_arrow4, score_arrow5, score_arrow6) values ('851', '142', '5', '9', '9', '6', '5', '3', '3');
insert into EndScores (end_id, range_score_id, end_number, score_arrow1, score_arrow2, score_arrow3, score_arrow4, score_arrow5, score_arrow6) values ('852', '142', '6', '7', '7', '7', '4', '2', '2');
insert into RangeScores (range_score_id, round_score_id, round_range_id) values ('143', '36', '11');
insert into EndScores (end_id, range_score_id, end_number, score_arrow1, score_arrow2, score_arrow3, score_arrow4, score_arrow5, score_arrow6) values ('853', '143', '1', '9', '8', '6', '2', '2', '2');
insert into EndScores (end_id, range_score_id, end_number, score_arrow1, score_arrow2, score_arrow3, score_arrow4, score_arrow5, score_arrow6) values ('854', '143', '2', '8', '8', '7', '6', '4', '2');
insert into EndScores (end_id, range_score_id, end_number, score_arrow1, score_arrow2, score_arrow3, score_arrow4, score_arrow5, score_arrow6) values ('855', '143', '3', '8', '7', '5', '4', '3', '3');
insert into EndScores (end_id, range_score_id, end_number, score_arrow1, score_arrow2, score_arrow3, score_arrow4, score_arrow5, score_arrow6) values ('856', '143', '4', '9', '9', '9', '5', '2', '2');
insert into EndScores (end_id, range_score_id, end_number, score_arrow1, score_arrow2, score_arrow3, score_arrow4, score_arrow5, score_arrow6) values ('857', '143', '5', '8', '6', '5', '4', '2', '2');
insert into EndScores (end_id, range_score_id, end_number, score_arrow1, score_arrow2, score_arrow3, score_arrow4, score_arrow5, score_arrow6) values ('858', '143', '6', '9', '7', '6', '4', '4', '1');
insert into RangeScores (range_score_id, round_score_id, round_range_id) values ('144', '36', '12');
insert into EndScores (end_id, range_score_id, end_number, score_arrow1, score_arrow2, score_arrow3, score_arrow4, score_arrow5, score_arrow6) values ('859', '144', '1', '7', '6', '5', '4', '1', '0');
insert into EndScores (end_id, range_score_id, end_number, score_arrow1, score_arrow2, score_arrow3, score_arrow4, score_arrow5, score_arrow6) values ('860', '144', '2', '4', '4', '2', '1', '1', '1');
insert into EndScores (end_id, range_score_id, end_number, score_arrow1, score_arrow2, score_arrow3, score_arrow4, score_arrow5, score_arrow6) values ('861', '144', '3', '7', '4', '4', '2', '2', '0');
insert into EndScores (end_id, range_score_id, end_number, score_arrow1, score_arrow2, score_arrow3, score_arrow4, score_arrow5, score_arrow6) values ('862', '144', '4', '7', '7', '4', '3', '2', '2');
insert into EndScores (end_id, range_score_id, end_number, score_arrow1, score_arrow2, score_arrow3, score_arrow4, score_arrow5, score_arrow6) values ('863', '144', '5', '9', '7', '7', '5', '3', '2');
insert into EndScores (end_id, range_score_id, end_number, score_arrow1, score_arrow2, score_arrow3, score_arrow4, score_arrow5, score_arrow6) values ('864', '144', '6', '7', '6', '5', '3', '3', '0');
insert into CompetitionEnrolments (archer_id, competition_id) values ('39', '2');
insert into RoundScores (round_score_id, archer_id, competition_id, round_score_date_time, equipment_id, round_def_id, total_score, category_id) values ('37', '39', '2', '2023-04-23 17:56:32.121', 'C', '1', '603', '2');
insert into RangeScores (range_score_id, round_score_id, round_range_id) values ('145', '37', '1');
insert into EndScores (end_id, range_score_id, end_number, score_arrow1, score_arrow2, score_arrow3, score_arrow4, score_arrow5, score_arrow6) values ('865', '145', '1', '8', '6', '6', '5', '1', '0');
insert into EndScores (end_id, range_score_id, end_number, score_arrow1, score_arrow2, score_arrow3, score_arrow4, score_arrow5, score_arrow6) values ('866', '145', '2', '7', '6', '4', '4', '3', '2');
insert into EndScores (end_id, range_score_id, end_number, score_arrow1, score_arrow2, score_arrow3, score_arrow4, score_arrow5, score_arrow6) values ('867', '145', '3', '7', '2', '1', '1', '1', '1');
insert into EndScores (end_id, range_score_id, end_number, score_arrow1, score_arrow2, score_arrow3, score_arrow4, score_arrow5, score_arrow6) values ('868', '145', '4', '8', '5', '4', '2', '2', '2');
insert into EndScores (end_id, range_score_id, end_number, score_arrow1, score_arrow2, score_arrow3, score_arrow4, score_arrow5, score_arrow6) values ('869', '145', '5', '9', '9', '8', '2', '0', '0');
insert into EndScores (end_id, range_score_id, end_number, score_arrow1, score_arrow2, score_arrow3, score_arrow4, score_arrow5, score_arrow6) values ('870', '145', '6', '4', '3', '3', '3', '2', '1');
insert into RangeScores (range_score_id, round_score_id, round_range_id) values ('146', '37', '2');
insert into EndScores (end_id, range_score_id, end_number, score_arrow1, score_arrow2, score_arrow3, score_arrow4, score_arrow5, score_arrow6) values ('871', '146', '1', '9', '9', '4', '3', '3', '2');
insert into EndScores (end_id, range_score_id, end_number, score_arrow1, score_arrow2, score_arrow3, score_arrow4, score_arrow5, score_arrow6) values ('872', '146', '2', '7', '6', '4', '4', '3', '0');
insert into EndScores (end_id, range_score_id, end_number, score_arrow1, score_arrow2, score_arrow3, score_arrow4, score_arrow5, score_arrow6) values ('873', '146', '3', '9', '5', '4', '4', '3', '0');
insert into EndScores (end_id, range_score_id, end_number, score_arrow1, score_arrow2, score_arrow3, score_arrow4, score_arrow5, score_arrow6) values ('874', '146', '4', '9', '8', '3', '3', '2', '1');
insert into EndScores (end_id, range_score_id, end_number, score_arrow1, score_arrow2, score_arrow3, score_arrow4, score_arrow5, score_arrow6) values ('875', '146', '5', '9', '6', '5', '4', '2', '1');
insert into EndScores (end_id, range_score_id, end_number, score_arrow1, score_arrow2, score_arrow3, score_arrow4, score_arrow5, score_arrow6) values ('876', '146', '6', '6', '5', '4', '4', '0', '0');
insert into RangeScores (range_score_id, round_score_id, round_range_id) values ('147', '37', '3');
insert into EndScores (end_id, range_score_id, end_number, score_arrow1, score_arrow2, score_arrow3, score_arrow4, score_arrow5, score_arrow6) values ('877', '147', '1', '8', '7', '6', '4', '3', '2');
insert into EndScores (end_id, range_score_id, end_number, score_arrow1, score_arrow2, score_arrow3, score_arrow4, score_arrow5, score_arrow6) values ('878', '147', '2', '7', '6', '5', '4', '3', '1');
insert into EndScores (end_id, range_score_id, end_number, score_arrow1, score_arrow2, score_arrow3, score_arrow4, score_arrow5, score_arrow6) values ('879', '147', '3', '8', '7', '6', '2', '1', '1');
insert into EndScores (end_id, range_score_id, end_number, score_arrow1, score_arrow2, score_arrow3, score_arrow4, score_arrow5, score_arrow6) values ('880', '147', '4', '9', '6', '5', '1', '1', '0');
insert into EndScores (end_id, range_score_id, end_number, score_arrow1, score_arrow2, score_arrow3, score_arrow4, score_arrow5, score_arrow6) values ('881', '147', '5', '8', '7', '6', '4', '3', '2');
insert into EndScores (end_id, range_score_id, end_number, score_arrow1, score_arrow2, score_arrow3, score_arrow4, score_arrow5, score_arrow6) values ('882', '147', '6', '9', '8', '4', '3', '2', '1');
insert into RangeScores (range_score_id, round_score_id, round_range_id) values ('148', '37', '4');
insert into EndScores (end_id, range_score_id, end_number, score_arrow1, score_arrow2, score_arrow3, score_arrow4, score_arrow5, score_arrow6) values ('883', '148', '1', '9', '8', '7', '6', '2', '0');
insert into EndScores (end_id, range_score_id, end_number, score_arrow1, score_arrow2, score_arrow3, score_arrow4, score_arrow5, score_arrow6) values ('884', '148', '2', '8', '8', '7', '6', '1', '0');
insert into EndScores (end_id, range_score_id, end_number, score_arrow1, score_arrow2, score_arrow3, score_arrow4, score_arrow5, score_arrow6) values ('885', '148', '3', '5', '5', '2', '2', '2', '0');
insert into EndScores (end_id, range_score_id, end_number, score_arrow1, score_arrow2, score_arrow3, score_arrow4, score_arrow5, score_arrow6) values ('886', '148', '4', '7', '6', '6', '3', '1', '1');
insert into EndScores (end_id, range_score_id, end_number, score_arrow1, score_arrow2, score_arrow3, score_arrow4, score_arrow5, score_arrow6) values ('887', '148', '5', '9', '9', '7', '6', '5', '2');
insert into EndScores (end_id, range_score_id, end_number, score_arrow1, score_arrow2, score_arrow3, score_arrow4, score_arrow5, score_arrow6) values ('888', '148', '6', '9', '4', '3', '2', '2', '0');
insert into CompetitionEnrolments (archer_id, competition_id) values ('40', '5');
insert into RoundScores (round_score_id, archer_id, competition_id, round_score_date_time, equipment_id, round_def_id, total_score, category_id) values ('38', '40', '5', '2023-04-23 17:47:4.384', 'R', '2', '660', '5');
insert into RangeScores (range_score_id, round_score_id, round_range_id) values ('149', '38', '5');
insert into EndScores (end_id, range_score_id, end_number, score_arrow1, score_arrow2, score_arrow3, score_arrow4, score_arrow5, score_arrow6) values ('889', '149', '1', '8', '6', '2', '2', '1', '1');
insert into EndScores (end_id, range_score_id, end_number, score_arrow1, score_arrow2, score_arrow3, score_arrow4, score_arrow5, score_arrow6) values ('890', '149', '2', '9', '9', '7', '5', '5', '0');
insert into EndScores (end_id, range_score_id, end_number, score_arrow1, score_arrow2, score_arrow3, score_arrow4, score_arrow5, score_arrow6) values ('891', '149', '3', '6', '5', '5', '2', '1', '1');
insert into EndScores (end_id, range_score_id, end_number, score_arrow1, score_arrow2, score_arrow3, score_arrow4, score_arrow5, score_arrow6) values ('892', '149', '4', '8', '7', '6', '5', '5', '2');
insert into EndScores (end_id, range_score_id, end_number, score_arrow1, score_arrow2, score_arrow3, score_arrow4, score_arrow5, score_arrow6) values ('893', '149', '5', '9', '5', '4', '2', '2', '0');
insert into EndScores (end_id, range_score_id, end_number, score_arrow1, score_arrow2, score_arrow3, score_arrow4, score_arrow5, score_arrow6) values ('894', '149', '6', '8', '8', '7', '6', '5', '5');
insert into RangeScores (range_score_id, round_score_id, round_range_id) values ('150', '38', '6');
insert into EndScores (end_id, range_score_id, end_number, score_arrow1, score_arrow2, score_arrow3, score_arrow4, score_arrow5, score_arrow6) values ('895', '150', '1', '8', '8', '7', '5', '4', '1');
insert into EndScores (end_id, range_score_id, end_number, score_arrow1, score_arrow2, score_arrow3, score_arrow4, score_arrow5, score_arrow6) values ('896', '150', '2', '6', '6', '6', '4', '3', '0');
insert into EndScores (end_id, range_score_id, end_number, score_arrow1, score_arrow2, score_arrow3, score_arrow4, score_arrow5, score_arrow6) values ('897', '150', '3', '8', '8', '5', '5', '4', '4');
insert into EndScores (end_id, range_score_id, end_number, score_arrow1, score_arrow2, score_arrow3, score_arrow4, score_arrow5, score_arrow6) values ('898', '150', '4', '9', '8', '7', '4', '0', '0');
insert into EndScores (end_id, range_score_id, end_number, score_arrow1, score_arrow2, score_arrow3, score_arrow4, score_arrow5, score_arrow6) values ('899', '150', '5', '8', '7', '6', '4', '2', '1');
insert into EndScores (end_id, range_score_id, end_number, score_arrow1, score_arrow2, score_arrow3, score_arrow4, score_arrow5, score_arrow6) values ('900', '150', '6', '7', '5', '4', '4', '2', '2');
insert into RangeScores (range_score_id, round_score_id, round_range_id) values ('151', '38', '7');
insert into EndScores (end_id, range_score_id, end_number, score_arrow1, score_arrow2, score_arrow3, score_arrow4, score_arrow5, score_arrow6) values ('901', '151', '1', '9', '9', '8', '7', '6', '4');
insert into EndScores (end_id, range_score_id, end_number, score_arrow1, score_arrow2, score_arrow3, score_arrow4, score_arrow5, score_arrow6) values ('902', '151', '2', '9', '8', '3', '3', '3', '2');
insert into EndScores (end_id, range_score_id, end_number, score_arrow1, score_arrow2, score_arrow3, score_arrow4, score_arrow5, score_arrow6) values ('903', '151', '3', '5', '4', '2', '1', '0', '0');
insert into EndScores (end_id, range_score_id, end_number, score_arrow1, score_arrow2, score_arrow3, score_arrow4, score_arrow5, score_arrow6) values ('904', '151', '4', '7', '6', '6', '4', '3', '2');
insert into EndScores (end_id, range_score_id, end_number, score_arrow1, score_arrow2, score_arrow3, score_arrow4, score_arrow5, score_arrow6) values ('905', '151', '5', '9', '9', '6', '4', '2', '0');
insert into EndScores (end_id, range_score_id, end_number, score_arrow1, score_arrow2, score_arrow3, score_arrow4, score_arrow5, score_arrow6) values ('906', '151', '6', '7', '6', '4', '3', '3', '0');
insert into RangeScores (range_score_id, round_score_id, round_range_id) values ('152', '38', '8');
insert into EndScores (end_id, range_score_id, end_number, score_arrow1, score_arrow2, score_arrow3, score_arrow4, score_arrow5, score_arrow6) values ('907', '152', '1', '5', '4', '4', '2', '2', '0');
insert into EndScores (end_id, range_score_id, end_number, score_arrow1, score_arrow2, score_arrow3, score_arrow4, score_arrow5, score_arrow6) values ('908', '152', '2', '8', '7', '5', '4', '2', '2');
insert into EndScores (end_id, range_score_id, end_number, score_arrow1, score_arrow2, score_arrow3, score_arrow4, score_arrow5, score_arrow6) values ('909', '152', '3', '8', '6', '4', '2', '2', '0');
insert into EndScores (end_id, range_score_id, end_number, score_arrow1, score_arrow2, score_arrow3, score_arrow4, score_arrow5, score_arrow6) values ('910', '152', '4', '9', '9', '7', '6', '2', '0');
insert into EndScores (end_id, range_score_id, end_number, score_arrow1, score_arrow2, score_arrow3, score_arrow4, score_arrow5, score_arrow6) values ('911', '152', '5', '9', '9', '6', '5', '2', '0');
insert into EndScores (end_id, range_score_id, end_number, score_arrow1, score_arrow2, score_arrow3, score_arrow4, score_arrow5, score_arrow6) values ('912', '152', '6', '9', '9', '5', '1', '0', '0');
insert into CompetitionEnrolments (archer_id, competition_id) values ('41', '7');
insert into RoundScores (round_score_id, archer_id, competition_id, round_score_date_time, equipment_id, round_def_id, total_score, category_id) values ('39', '41', '7', '2023-04-23 16:32:17.335', 'B', '3', '629', '7');
insert into RangeScores (range_score_id, round_score_id, round_range_id) values ('153', '39', '9');
insert into EndScores (end_id, range_score_id, end_number, score_arrow1, score_arrow2, score_arrow3, score_arrow4, score_arrow5, score_arrow6) values ('913', '153', '1', '8', '8', '8', '5', '5', '1');
insert into EndScores (end_id, range_score_id, end_number, score_arrow1, score_arrow2, score_arrow3, score_arrow4, score_arrow5, score_arrow6) values ('914', '153', '2', '8', '8', '7', '7', '7', '1');
insert into EndScores (end_id, range_score_id, end_number, score_arrow1, score_arrow2, score_arrow3, score_arrow4, score_arrow5, score_arrow6) values ('915', '153', '3', '7', '5', '4', '2', '1', '0');
insert into EndScores (end_id, range_score_id, end_number, score_arrow1, score_arrow2, score_arrow3, score_arrow4, score_arrow5, score_arrow6) values ('916', '153', '4', '8', '6', '3', '2', '1', '1');
insert into EndScores (end_id, range_score_id, end_number, score_arrow1, score_arrow2, score_arrow3, score_arrow4, score_arrow5, score_arrow6) values ('917', '153', '5', '8', '4', '3', '2', '2', '0');
insert into EndScores (end_id, range_score_id, end_number, score_arrow1, score_arrow2, score_arrow3, score_arrow4, score_arrow5, score_arrow6) values ('918', '153', '6', '9', '8', '8', '7', '4', '3');
insert into RangeScores (range_score_id, round_score_id, round_range_id) values ('154', '39', '10');
insert into EndScores (end_id, range_score_id, end_number, score_arrow1, score_arrow2, score_arrow3, score_arrow4, score_arrow5, score_arrow6) values ('919', '154', '1', '7', '5', '5', '1', '1', '0');
insert into EndScores (end_id, range_score_id, end_number, score_arrow1, score_arrow2, score_arrow3, score_arrow4, score_arrow5, score_arrow6) values ('920', '154', '2', '9', '6', '5', '3', '2', '2');
insert into EndScores (end_id, range_score_id, end_number, score_arrow1, score_arrow2, score_arrow3, score_arrow4, score_arrow5, score_arrow6) values ('921', '154', '3', '8', '8', '3', '3', '2', '0');
insert into EndScores (end_id, range_score_id, end_number, score_arrow1, score_arrow2, score_arrow3, score_arrow4, score_arrow5, score_arrow6) values ('922', '154', '4', '5', '3', '2', '2', '2', '1');
insert into EndScores (end_id, range_score_id, end_number, score_arrow1, score_arrow2, score_arrow3, score_arrow4, score_arrow5, score_arrow6) values ('923', '154', '5', '9', '8', '5', '4', '4', '3');
insert into EndScores (end_id, range_score_id, end_number, score_arrow1, score_arrow2, score_arrow3, score_arrow4, score_arrow5, score_arrow6) values ('924', '154', '6', '8', '7', '6', '3', '3', '1');
insert into RangeScores (range_score_id, round_score_id, round_range_id) values ('155', '39', '11');
insert into EndScores (end_id, range_score_id, end_number, score_arrow1, score_arrow2, score_arrow3, score_arrow4, score_arrow5, score_arrow6) values ('925', '155', '1', '6', '5', '3', '3', '2', '1');
insert into EndScores (end_id, range_score_id, end_number, score_arrow1, score_arrow2, score_arrow3, score_arrow4, score_arrow5, score_arrow6) values ('926', '155', '2', '6', '6', '5', '4', '2', '2');
insert into EndScores (end_id, range_score_id, end_number, score_arrow1, score_arrow2, score_arrow3, score_arrow4, score_arrow5, score_arrow6) values ('927', '155', '3', '7', '3', '3', '2', '2', '1');
insert into EndScores (end_id, range_score_id, end_number, score_arrow1, score_arrow2, score_arrow3, score_arrow4, score_arrow5, score_arrow6) values ('928', '155', '4', '9', '9', '7', '7', '7', '3');
insert into EndScores (end_id, range_score_id, end_number, score_arrow1, score_arrow2, score_arrow3, score_arrow4, score_arrow5, score_arrow6) values ('929', '155', '5', '8', '7', '3', '3', '1', '0');
insert into EndScores (end_id, range_score_id, end_number, score_arrow1, score_arrow2, score_arrow3, score_arrow4, score_arrow5, score_arrow6) values ('930', '155', '6', '9', '6', '6', '6', '5', '3');
insert into RangeScores (range_score_id, round_score_id, round_range_id) values ('156', '39', '12');
insert into EndScores (end_id, range_score_id, end_number, score_arrow1, score_arrow2, score_arrow3, score_arrow4, score_arrow5, score_arrow6) values ('931', '156', '1', '8', '7', '6', '5', '4', '3');
insert into EndScores (end_id, range_score_id, end_number, score_arrow1, score_arrow2, score_arrow3, score_arrow4, score_arrow5, score_arrow6) values ('932', '156', '2', '9', '9', '6', '4', '4', '3');
insert into EndScores (end_id, range_score_id, end_number, score_arrow1, score_arrow2, score_arrow3, score_arrow4, score_arrow5, score_arrow6) values ('933', '156', '3', '7', '7', '2', '2', '2', '1');
insert into EndScores (end_id, range_score_id, end_number, score_arrow1, score_arrow2, score_arrow3, score_arrow4, score_arrow5, score_arrow6) values ('934', '156', '4', '9', '7', '2', '2', '2', '1');
insert into EndScores (end_id, range_score_id, end_number, score_arrow1, score_arrow2, score_arrow3, score_arrow4, score_arrow5, score_arrow6) values ('935', '156', '5', '6', '4', '2', '1', '1', '0');
insert into EndScores (end_id, range_score_id, end_number, score_arrow1, score_arrow2, score_arrow3, score_arrow4, score_arrow5, score_arrow6) values ('936', '156', '6', '9', '6', '5', '3', '1', '0');
insert into CompetitionEnrolments (archer_id, competition_id) values ('42', '1');
insert into RoundScores (round_score_id, archer_id, competition_id, round_score_date_time, equipment_id, round_def_id, total_score, category_id) values ('40', '42', '1', '2023-04-23 18:27:28.578', 'R', '1', '694', '1');
insert into RangeScores (range_score_id, round_score_id, round_range_id) values ('157', '40', '1');
insert into EndScores (end_id, range_score_id, end_number, score_arrow1, score_arrow2, score_arrow3, score_arrow4, score_arrow5, score_arrow6) values ('937', '157', '1', '8', '4', '2', '1', '1', '0');
insert into EndScores (end_id, range_score_id, end_number, score_arrow1, score_arrow2, score_arrow3, score_arrow4, score_arrow5, score_arrow6) values ('938', '157', '2', '9', '6', '3', '1', '0', '0');
insert into EndScores (end_id, range_score_id, end_number, score_arrow1, score_arrow2, score_arrow3, score_arrow4, score_arrow5, score_arrow6) values ('939', '157', '3', '8', '6', '6', '2', '1', '0');
insert into EndScores (end_id, range_score_id, end_number, score_arrow1, score_arrow2, score_arrow3, score_arrow4, score_arrow5, score_arrow6) values ('940', '157', '4', '7', '7', '5', '5', '4', '4');
insert into EndScores (end_id, range_score_id, end_number, score_arrow1, score_arrow2, score_arrow3, score_arrow4, score_arrow5, score_arrow6) values ('941', '157', '5', '6', '4', '4', '4', '1', '1');
insert into EndScores (end_id, range_score_id, end_number, score_arrow1, score_arrow2, score_arrow3, score_arrow4, score_arrow5, score_arrow6) values ('942', '157', '6', '8', '7', '5', '4', '1', '1');
insert into RangeScores (range_score_id, round_score_id, round_range_id) values ('158', '40', '2');
insert into EndScores (end_id, range_score_id, end_number, score_arrow1, score_arrow2, score_arrow3, score_arrow4, score_arrow5, score_arrow6) values ('943', '158', '1', '9', '9', '6', '5', '4', '3');
insert into EndScores (end_id, range_score_id, end_number, score_arrow1, score_arrow2, score_arrow3, score_arrow4, score_arrow5, score_arrow6) values ('944', '158', '2', '8', '5', '3', '2', '0', '0');
insert into EndScores (end_id, range_score_id, end_number, score_arrow1, score_arrow2, score_arrow3, score_arrow4, score_arrow5, score_arrow6) values ('945', '158', '3', '9', '8', '7', '6', '4', '0');
insert into EndScores (end_id, range_score_id, end_number, score_arrow1, score_arrow2, score_arrow3, score_arrow4, score_arrow5, score_arrow6) values ('946', '158', '4', '8', '6', '6', '4', '3', '0');
insert into EndScores (end_id, range_score_id, end_number, score_arrow1, score_arrow2, score_arrow3, score_arrow4, score_arrow5, score_arrow6) values ('947', '158', '5', '9', '9', '8', '4', '4', '3');
insert into EndScores (end_id, range_score_id, end_number, score_arrow1, score_arrow2, score_arrow3, score_arrow4, score_arrow5, score_arrow6) values ('948', '158', '6', '7', '6', '6', '3', '3', '0');
insert into RangeScores (range_score_id, round_score_id, round_range_id) values ('159', '40', '3');
insert into EndScores (end_id, range_score_id, end_number, score_arrow1, score_arrow2, score_arrow3, score_arrow4, score_arrow5, score_arrow6) values ('949', '159', '1', '9', '9', '9', '5', '5', '3');
insert into EndScores (end_id, range_score_id, end_number, score_arrow1, score_arrow2, score_arrow3, score_arrow4, score_arrow5, score_arrow6) values ('950', '159', '2', '9', '9', '4', '3', '3', '2');
insert into EndScores (end_id, range_score_id, end_number, score_arrow1, score_arrow2, score_arrow3, score_arrow4, score_arrow5, score_arrow6) values ('951', '159', '3', '7', '7', '3', '2', '2', '2');
insert into EndScores (end_id, range_score_id, end_number, score_arrow1, score_arrow2, score_arrow3, score_arrow4, score_arrow5, score_arrow6) values ('952', '159', '4', '9', '8', '7', '2', '2', '2');
insert into EndScores (end_id, range_score_id, end_number, score_arrow1, score_arrow2, score_arrow3, score_arrow4, score_arrow5, score_arrow6) values ('953', '159', '5', '8', '8', '7', '5', '4', '3');
insert into EndScores (end_id, range_score_id, end_number, score_arrow1, score_arrow2, score_arrow3, score_arrow4, score_arrow5, score_arrow6) values ('954', '159', '6', '8', '4', '4', '3', '3', '2');
insert into RangeScores (range_score_id, round_score_id, round_range_id) values ('160', '40', '4');
insert into EndScores (end_id, range_score_id, end_number, score_arrow1, score_arrow2, score_arrow3, score_arrow4, score_arrow5, score_arrow6) values ('955', '160', '1', '7', '6', '6', '5', '3', '0');
insert into EndScores (end_id, range_score_id, end_number, score_arrow1, score_arrow2, score_arrow3, score_arrow4, score_arrow5, score_arrow6) values ('956', '160', '2', '9', '9', '8', '8', '7', '4');
insert into EndScores (end_id, range_score_id, end_number, score_arrow1, score_arrow2, score_arrow3, score_arrow4, score_arrow5, score_arrow6) values ('957', '160', '3', '9', '8', '8', '6', '3', '1');
insert into EndScores (end_id, range_score_id, end_number, score_arrow1, score_arrow2, score_arrow3, score_arrow4, score_arrow5, score_arrow6) values ('958', '160', '4', '9', '8', '8', '6', '5', '3');
insert into EndScores (end_id, range_score_id, end_number, score_arrow1, score_arrow2, score_arrow3, score_arrow4, score_arrow5, score_arrow6) values ('959', '160', '5', '8', '3', '3', '3', '2', '2');
insert into EndScores (end_id, range_score_id, end_number, score_arrow1, score_arrow2, score_arrow3, score_arrow4, score_arrow5, score_arrow6) values ('960', '160', '6', '9', '8', '7', '4', '4', '0');
insert into CompetitionEnrolments (archer_id, competition_id) values ('43', '9');
insert into RoundScores (round_score_id, archer_id, competition_id, round_score_date_time, equipment_id, round_def_id, total_score, category_id) values ('41', '43', '9', '2023-04-23 13:4:35.394', 'R', '2', '655', '9');
insert into RangeScores (range_score_id, round_score_id, round_range_id) values ('161', '41', '5');
insert into EndScores (end_id, range_score_id, end_number, score_arrow1, score_arrow2, score_arrow3, score_arrow4, score_arrow5, score_arrow6) values ('961', '161', '1', '9', '9', '8', '5', '3', '1');
insert into EndScores (end_id, range_score_id, end_number, score_arrow1, score_arrow2, score_arrow3, score_arrow4, score_arrow5, score_arrow6) values ('962', '161', '2', '6', '5', '3', '3', '3', '1');
insert into EndScores (end_id, range_score_id, end_number, score_arrow1, score_arrow2, score_arrow3, score_arrow4, score_arrow5, score_arrow6) values ('963', '161', '3', '7', '7', '3', '2', '1', '0');
insert into EndScores (end_id, range_score_id, end_number, score_arrow1, score_arrow2, score_arrow3, score_arrow4, score_arrow5, score_arrow6) values ('964', '161', '4', '8', '7', '6', '5', '2', '2');
insert into EndScores (end_id, range_score_id, end_number, score_arrow1, score_arrow2, score_arrow3, score_arrow4, score_arrow5, score_arrow6) values ('965', '161', '5', '8', '5', '3', '2', '1', '0');
insert into EndScores (end_id, range_score_id, end_number, score_arrow1, score_arrow2, score_arrow3, score_arrow4, score_arrow5, score_arrow6) values ('966', '161', '6', '9', '8', '5', '4', '4', '1');
insert into RangeScores (range_score_id, round_score_id, round_range_id) values ('162', '41', '6');
insert into EndScores (end_id, range_score_id, end_number, score_arrow1, score_arrow2, score_arrow3, score_arrow4, score_arrow5, score_arrow6) values ('967', '162', '1', '9', '9', '4', '3', '1', '0');
insert into EndScores (end_id, range_score_id, end_number, score_arrow1, score_arrow2, score_arrow3, score_arrow4, score_arrow5, score_arrow6) values ('968', '162', '2', '8', '7', '5', '4', '3', '2');
insert into EndScores (end_id, range_score_id, end_number, score_arrow1, score_arrow2, score_arrow3, score_arrow4, score_arrow5, score_arrow6) values ('969', '162', '3', '9', '4', '4', '1', '1', '0');
insert into EndScores (end_id, range_score_id, end_number, score_arrow1, score_arrow2, score_arrow3, score_arrow4, score_arrow5, score_arrow6) values ('970', '162', '4', '6', '4', '3', '3', '2', '1');
insert into EndScores (end_id, range_score_id, end_number, score_arrow1, score_arrow2, score_arrow3, score_arrow4, score_arrow5, score_arrow6) values ('971', '162', '5', '9', '5', '2', '2', '2', '0');
insert into EndScores (end_id, range_score_id, end_number, score_arrow1, score_arrow2, score_arrow3, score_arrow4, score_arrow5, score_arrow6) values ('972', '162', '6', '9', '8', '8', '7', '5', '3');
insert into RangeScores (range_score_id, round_score_id, round_range_id) values ('163', '41', '7');
insert into EndScores (end_id, range_score_id, end_number, score_arrow1, score_arrow2, score_arrow3, score_arrow4, score_arrow5, score_arrow6) values ('973', '163', '1', '9', '9', '7', '7', '3', '0');
insert into EndScores (end_id, range_score_id, end_number, score_arrow1, score_arrow2, score_arrow3, score_arrow4, score_arrow5, score_arrow6) values ('974', '163', '2', '9', '8', '4', '3', '3', '0');
insert into EndScores (end_id, range_score_id, end_number, score_arrow1, score_arrow2, score_arrow3, score_arrow4, score_arrow5, score_arrow6) values ('975', '163', '3', '8', '8', '7', '5', '4', '0');
insert into EndScores (end_id, range_score_id, end_number, score_arrow1, score_arrow2, score_arrow3, score_arrow4, score_arrow5, score_arrow6) values ('976', '163', '4', '8', '6', '4', '3', '1', '1');
insert into EndScores (end_id, range_score_id, end_number, score_arrow1, score_arrow2, score_arrow3, score_arrow4, score_arrow5, score_arrow6) values ('977', '163', '5', '9', '9', '7', '3', '2', '0');
insert into EndScores (end_id, range_score_id, end_number, score_arrow1, score_arrow2, score_arrow3, score_arrow4, score_arrow5, score_arrow6) values ('978', '163', '6', '9', '7', '6', '3', '1', '0');
insert into RangeScores (range_score_id, round_score_id, round_range_id) values ('164', '41', '8');
insert into EndScores (end_id, range_score_id, end_number, score_arrow1, score_arrow2, score_arrow3, score_arrow4, score_arrow5, score_arrow6) values ('979', '164', '1', '8', '8', '5', '4', '3', '1');
insert into EndScores (end_id, range_score_id, end_number, score_arrow1, score_arrow2, score_arrow3, score_arrow4, score_arrow5, score_arrow6) values ('980', '164', '2', '8', '8', '7', '5', '2', '1');
insert into EndScores (end_id, range_score_id, end_number, score_arrow1, score_arrow2, score_arrow3, score_arrow4, score_arrow5, score_arrow6) values ('981', '164', '3', '9', '7', '6', '5', '4', '0');
insert into EndScores (end_id, range_score_id, end_number, score_arrow1, score_arrow2, score_arrow3, score_arrow4, score_arrow5, score_arrow6) values ('982', '164', '4', '9', '9', '8', '7', '4', '4');
insert into EndScores (end_id, range_score_id, end_number, score_arrow1, score_arrow2, score_arrow3, score_arrow4, score_arrow5, score_arrow6) values ('983', '164', '5', '5', '5', '2', '2', '1', '0');
insert into EndScores (end_id, range_score_id, end_number, score_arrow1, score_arrow2, score_arrow3, score_arrow4, score_arrow5, score_arrow6) values ('984', '164', '6', '9', '5', '5', '4', '3', '0');
insert into CompetitionEnrolments (archer_id, competition_id) values ('44', '4');
insert into RoundScores (round_score_id, archer_id, competition_id, round_score_date_time, equipment_id, round_def_id, total_score, category_id) values ('42', '44', '4', '2023-04-23 15:42:24.430', 'L', '3', '646', '4');
insert into RangeScores (range_score_id, round_score_id, round_range_id) values ('165', '42', '9');
insert into EndScores (end_id, range_score_id, end_number, score_arrow1, score_arrow2, score_arrow3, score_arrow4, score_arrow5, score_arrow6) values ('985', '165', '1', '9', '3', '3', '3', '2', '0');
insert into EndScores (end_id, range_score_id, end_number, score_arrow1, score_arrow2, score_arrow3, score_arrow4, score_arrow5, score_arrow6) values ('986', '165', '2', '9', '9', '8', '8', '7', '3');
insert into EndScores (end_id, range_score_id, end_number, score_arrow1, score_arrow2, score_arrow3, score_arrow4, score_arrow5, score_arrow6) values ('987', '165', '3', '7', '3', '2', '2', '0', '0');
insert into EndScores (end_id, range_score_id, end_number, score_arrow1, score_arrow2, score_arrow3, score_arrow4, score_arrow5, score_arrow6) values ('988', '165', '4', '8', '8', '6', '5', '4', '3');
insert into EndScores (end_id, range_score_id, end_number, score_arrow1, score_arrow2, score_arrow3, score_arrow4, score_arrow5, score_arrow6) values ('989', '165', '5', '9', '8', '7', '6', '6', '0');
insert into EndScores (end_id, range_score_id, end_number, score_arrow1, score_arrow2, score_arrow3, score_arrow4, score_arrow5, score_arrow6) values ('990', '165', '6', '9', '8', '7', '7', '2', '1');
insert into RangeScores (range_score_id, round_score_id, round_range_id) values ('166', '42', '10');
insert into EndScores (end_id, range_score_id, end_number, score_arrow1, score_arrow2, score_arrow3, score_arrow4, score_arrow5, score_arrow6) values ('991', '166', '1', '7', '6', '6', '6', '5', '1');
insert into EndScores (end_id, range_score_id, end_number, score_arrow1, score_arrow2, score_arrow3, score_arrow4, score_arrow5, score_arrow6) values ('992', '166', '2', '9', '8', '7', '5', '5', '2');
insert into EndScores (end_id, range_score_id, end_number, score_arrow1, score_arrow2, score_arrow3, score_arrow4, score_arrow5, score_arrow6) values ('993', '166', '3', '8', '8', '5', '5', '3', '1');
insert into EndScores (end_id, range_score_id, end_number, score_arrow1, score_arrow2, score_arrow3, score_arrow4, score_arrow5, score_arrow6) values ('994', '166', '4', '8', '7', '6', '3', '2', '1');
insert into EndScores (end_id, range_score_id, end_number, score_arrow1, score_arrow2, score_arrow3, score_arrow4, score_arrow5, score_arrow6) values ('995', '166', '5', '9', '9', '5', '5', '0', '0');
insert into EndScores (end_id, range_score_id, end_number, score_arrow1, score_arrow2, score_arrow3, score_arrow4, score_arrow5, score_arrow6) values ('996', '166', '6', '9', '7', '4', '4', '2', '1');
insert into RangeScores (range_score_id, round_score_id, round_range_id) values ('167', '42', '11');
insert into EndScores (end_id, range_score_id, end_number, score_arrow1, score_arrow2, score_arrow3, score_arrow4, score_arrow5, score_arrow6) values ('997', '167', '1', '8', '7', '7', '6', '2', '0');
insert into EndScores (end_id, range_score_id, end_number, score_arrow1, score_arrow2, score_arrow3, score_arrow4, score_arrow5, score_arrow6) values ('998', '167', '2', '9', '9', '5', '4', '4', '2');
insert into EndScores (end_id, range_score_id, end_number, score_arrow1, score_arrow2, score_arrow3, score_arrow4, score_arrow5, score_arrow6) values ('999', '167', '3', '5', '4', '3', '2', '1', '0');
insert into EndScores (end_id, range_score_id, end_number, score_arrow1, score_arrow2, score_arrow3, score_arrow4, score_arrow5, score_arrow6) values ('1000', '167', '4', '7', '4', '2', '1', '1', '1');
insert into EndScores (end_id, range_score_id, end_number, score_arrow1, score_arrow2, score_arrow3, score_arrow4, score_arrow5, score_arrow6) values ('1001', '167', '5', '9', '4', '4', '2', '1', '0');
insert into EndScores (end_id, range_score_id, end_number, score_arrow1, score_arrow2, score_arrow3, score_arrow4, score_arrow5, score_arrow6) values ('1002', '167', '6', '9', '9', '5', '3', '2', '1');
insert into RangeScores (range_score_id, round_score_id, round_range_id) values ('168', '42', '12');
insert into EndScores (end_id, range_score_id, end_number, score_arrow1, score_arrow2, score_arrow3, score_arrow4, score_arrow5, score_arrow6) values ('1003', '168', '1', '8', '8', '8', '7', '6', '5');
insert into EndScores (end_id, range_score_id, end_number, score_arrow1, score_arrow2, score_arrow3, score_arrow4, score_arrow5, score_arrow6) values ('1004', '168', '2', '7', '7', '5', '3', '3', '1');
insert into EndScores (end_id, range_score_id, end_number, score_arrow1, score_arrow2, score_arrow3, score_arrow4, score_arrow5, score_arrow6) values ('1005', '168', '3', '7', '3', '1', '1', '0', '0');
insert into EndScores (end_id, range_score_id, end_number, score_arrow1, score_arrow2, score_arrow3, score_arrow4, score_arrow5, score_arrow6) values ('1006', '168', '4', '9', '6', '5', '4', '0', '0');
insert into EndScores (end_id, range_score_id, end_number, score_arrow1, score_arrow2, score_arrow3, score_arrow4, score_arrow5, score_arrow6) values ('1007', '168', '5', '8', '6', '3', '3', '2', '0');
insert into EndScores (end_id, range_score_id, end_number, score_arrow1, score_arrow2, score_arrow3, score_arrow4, score_arrow5, score_arrow6) values ('1008', '168', '6', '8', '6', '2', '0', '0', '0');
insert into CompetitionEnrolments (archer_id, competition_id) values ('45', '8');
insert into RoundScores (round_score_id, archer_id, competition_id, round_score_date_time, equipment_id, round_def_id, total_score, category_id) values ('43', '45', '8', '2023-04-23 9:28:23.381', 'L', '4', '660', '8');
insert into RangeScores (range_score_id, round_score_id, round_range_id) values ('169', '43', '13');
insert into EndScores (end_id, range_score_id, end_number, score_arrow1, score_arrow2, score_arrow3, score_arrow4, score_arrow5, score_arrow6) values ('1009', '169', '1', '6', '4', '4', '1', '0', '0');
insert into EndScores (end_id, range_score_id, end_number, score_arrow1, score_arrow2, score_arrow3, score_arrow4, score_arrow5, score_arrow6) values ('1010', '169', '2', '9', '9', '8', '3', '1', '1');
insert into EndScores (end_id, range_score_id, end_number, score_arrow1, score_arrow2, score_arrow3, score_arrow4, score_arrow5, score_arrow6) values ('1011', '169', '3', '8', '6', '6', '5', '2', '0');
insert into EndScores (end_id, range_score_id, end_number, score_arrow1, score_arrow2, score_arrow3, score_arrow4, score_arrow5, score_arrow6) values ('1012', '169', '4', '7', '7', '7', '3', '2', '0');
insert into EndScores (end_id, range_score_id, end_number, score_arrow1, score_arrow2, score_arrow3, score_arrow4, score_arrow5, score_arrow6) values ('1013', '169', '5', '8', '6', '6', '4', '0', '0');
insert into EndScores (end_id, range_score_id, end_number, score_arrow1, score_arrow2, score_arrow3, score_arrow4, score_arrow5, score_arrow6) values ('1014', '169', '6', '9', '5', '4', '4', '2', '2');
insert into RangeScores (range_score_id, round_score_id, round_range_id) values ('170', '43', '14');
insert into EndScores (end_id, range_score_id, end_number, score_arrow1, score_arrow2, score_arrow3, score_arrow4, score_arrow5, score_arrow6) values ('1015', '170', '1', '7', '6', '5', '4', '3', '2');
insert into EndScores (end_id, range_score_id, end_number, score_arrow1, score_arrow2, score_arrow3, score_arrow4, score_arrow5, score_arrow6) values ('1016', '170', '2', '9', '8', '7', '5', '3', '1');
insert into EndScores (end_id, range_score_id, end_number, score_arrow1, score_arrow2, score_arrow3, score_arrow4, score_arrow5, score_arrow6) values ('1017', '170', '3', '7', '7', '4', '3', '0', '0');
insert into EndScores (end_id, range_score_id, end_number, score_arrow1, score_arrow2, score_arrow3, score_arrow4, score_arrow5, score_arrow6) values ('1018', '170', '4', '9', '4', '4', '3', '1', '0');
insert into EndScores (end_id, range_score_id, end_number, score_arrow1, score_arrow2, score_arrow3, score_arrow4, score_arrow5, score_arrow6) values ('1019', '170', '5', '7', '7', '5', '4', '4', '0');
insert into EndScores (end_id, range_score_id, end_number, score_arrow1, score_arrow2, score_arrow3, score_arrow4, score_arrow5, score_arrow6) values ('1020', '170', '6', '8', '7', '7', '7', '5', '1');
insert into RangeScores (range_score_id, round_score_id, round_range_id) values ('171', '43', '15');
insert into EndScores (end_id, range_score_id, end_number, score_arrow1, score_arrow2, score_arrow3, score_arrow4, score_arrow5, score_arrow6) values ('1021', '171', '1', '9', '7', '5', '3', '2', '1');
insert into EndScores (end_id, range_score_id, end_number, score_arrow1, score_arrow2, score_arrow3, score_arrow4, score_arrow5, score_arrow6) values ('1022', '171', '2', '9', '8', '8', '5', '3', '1');
insert into EndScores (end_id, range_score_id, end_number, score_arrow1, score_arrow2, score_arrow3, score_arrow4, score_arrow5, score_arrow6) values ('1023', '171', '3', '9', '5', '4', '1', '1', '0');
insert into EndScores (end_id, range_score_id, end_number, score_arrow1, score_arrow2, score_arrow3, score_arrow4, score_arrow5, score_arrow6) values ('1024', '171', '4', '9', '9', '7', '6', '5', '4');
insert into EndScores (end_id, range_score_id, end_number, score_arrow1, score_arrow2, score_arrow3, score_arrow4, score_arrow5, score_arrow6) values ('1025', '171', '5', '9', '8', '8', '7', '3', '0');
insert into EndScores (end_id, range_score_id, end_number, score_arrow1, score_arrow2, score_arrow3, score_arrow4, score_arrow5, score_arrow6) values ('1026', '171', '6', '9', '7', '7', '6', '5', '3');
insert into RangeScores (range_score_id, round_score_id, round_range_id) values ('172', '43', '16');
insert into EndScores (end_id, range_score_id, end_number, score_arrow1, score_arrow2, score_arrow3, score_arrow4, score_arrow5, score_arrow6) values ('1027', '172', '1', '8', '7', '7', '2', '1', '1');
insert into EndScores (end_id, range_score_id, end_number, score_arrow1, score_arrow2, score_arrow3, score_arrow4, score_arrow5, score_arrow6) values ('1028', '172', '2', '8', '7', '6', '4', '0', '0');
insert into EndScores (end_id, range_score_id, end_number, score_arrow1, score_arrow2, score_arrow3, score_arrow4, score_arrow5, score_arrow6) values ('1029', '172', '3', '9', '9', '8', '2', '0', '0');
insert into EndScores (end_id, range_score_id, end_number, score_arrow1, score_arrow2, score_arrow3, score_arrow4, score_arrow5, score_arrow6) values ('1030', '172', '4', '9', '5', '4', '2', '0', '0');
insert into EndScores (end_id, range_score_id, end_number, score_arrow1, score_arrow2, score_arrow3, score_arrow4, score_arrow5, score_arrow6) values ('1031', '172', '5', '9', '5', '4', '3', '2', '2');
insert into EndScores (end_id, range_score_id, end_number, score_arrow1, score_arrow2, score_arrow3, score_arrow4, score_arrow5, score_arrow6) values ('1032', '172', '6', '9', '9', '6', '3', '2', '1');
insert into CompetitionEnrolments (archer_id, competition_id) values ('46', '1');
insert into RoundScores (round_score_id, archer_id, competition_id, round_score_date_time, equipment_id, round_def_id, total_score, category_id) values ('44', '46', '1', '2023-04-23 14:36:25.122', 'R', '1', '619', '1');
insert into RangeScores (range_score_id, round_score_id, round_range_id) values ('173', '44', '1');
insert into EndScores (end_id, range_score_id, end_number, score_arrow1, score_arrow2, score_arrow3, score_arrow4, score_arrow5, score_arrow6) values ('1033', '173', '1', '5', '4', '3', '2', '2', '2');
insert into EndScores (end_id, range_score_id, end_number, score_arrow1, score_arrow2, score_arrow3, score_arrow4, score_arrow5, score_arrow6) values ('1034', '173', '2', '9', '7', '7', '5', '4', '2');
insert into EndScores (end_id, range_score_id, end_number, score_arrow1, score_arrow2, score_arrow3, score_arrow4, score_arrow5, score_arrow6) values ('1035', '173', '3', '9', '5', '5', '3', '1', '1');
insert into EndScores (end_id, range_score_id, end_number, score_arrow1, score_arrow2, score_arrow3, score_arrow4, score_arrow5, score_arrow6) values ('1036', '173', '4', '8', '5', '4', '3', '2', '2');
insert into EndScores (end_id, range_score_id, end_number, score_arrow1, score_arrow2, score_arrow3, score_arrow4, score_arrow5, score_arrow6) values ('1037', '173', '5', '9', '6', '5', '5', '3', '0');
insert into EndScores (end_id, range_score_id, end_number, score_arrow1, score_arrow2, score_arrow3, score_arrow4, score_arrow5, score_arrow6) values ('1038', '173', '6', '5', '5', '4', '4', '3', '0');
insert into RangeScores (range_score_id, round_score_id, round_range_id) values ('174', '44', '2');
insert into EndScores (end_id, range_score_id, end_number, score_arrow1, score_arrow2, score_arrow3, score_arrow4, score_arrow5, score_arrow6) values ('1039', '174', '1', '3', '2', '2', '2', '2', '1');
insert into EndScores (end_id, range_score_id, end_number, score_arrow1, score_arrow2, score_arrow3, score_arrow4, score_arrow5, score_arrow6) values ('1040', '174', '2', '7', '5', '4', '4', '1', '1');
insert into EndScores (end_id, range_score_id, end_number, score_arrow1, score_arrow2, score_arrow3, score_arrow4, score_arrow5, score_arrow6) values ('1041', '174', '3', '7', '6', '3', '1', '1', '0');
insert into EndScores (end_id, range_score_id, end_number, score_arrow1, score_arrow2, score_arrow3, score_arrow4, score_arrow5, score_arrow6) values ('1042', '174', '4', '9', '9', '8', '6', '3', '1');
insert into EndScores (end_id, range_score_id, end_number, score_arrow1, score_arrow2, score_arrow3, score_arrow4, score_arrow5, score_arrow6) values ('1043', '174', '5', '9', '8', '7', '7', '4', '4');
insert into EndScores (end_id, range_score_id, end_number, score_arrow1, score_arrow2, score_arrow3, score_arrow4, score_arrow5, score_arrow6) values ('1044', '174', '6', '7', '6', '5', '5', '2', '2');
insert into RangeScores (range_score_id, round_score_id, round_range_id) values ('175', '44', '3');
insert into EndScores (end_id, range_score_id, end_number, score_arrow1, score_arrow2, score_arrow3, score_arrow4, score_arrow5, score_arrow6) values ('1045', '175', '1', '5', '5', '3', '2', '2', '0');
insert into EndScores (end_id, range_score_id, end_number, score_arrow1, score_arrow2, score_arrow3, score_arrow4, score_arrow5, score_arrow6) values ('1046', '175', '2', '2', '2', '2', '2', '1', '1');
insert into EndScores (end_id, range_score_id, end_number, score_arrow1, score_arrow2, score_arrow3, score_arrow4, score_arrow5, score_arrow6) values ('1047', '175', '3', '8', '8', '6', '5', '4', '4');
insert into EndScores (end_id, range_score_id, end_number, score_arrow1, score_arrow2, score_arrow3, score_arrow4, score_arrow5, score_arrow6) values ('1048', '175', '4', '8', '8', '6', '5', '4', '3');
insert into EndScores (end_id, range_score_id, end_number, score_arrow1, score_arrow2, score_arrow3, score_arrow4, score_arrow5, score_arrow6) values ('1049', '175', '5', '9', '5', '5', '5', '4', '0');
insert into EndScores (end_id, range_score_id, end_number, score_arrow1, score_arrow2, score_arrow3, score_arrow4, score_arrow5, score_arrow6) values ('1050', '175', '6', '9', '6', '4', '3', '2', '0');
insert into RangeScores (range_score_id, round_score_id, round_range_id) values ('176', '44', '4');
insert into EndScores (end_id, range_score_id, end_number, score_arrow1, score_arrow2, score_arrow3, score_arrow4, score_arrow5, score_arrow6) values ('1051', '176', '1', '9', '8', '7', '6', '5', '2');
insert into EndScores (end_id, range_score_id, end_number, score_arrow1, score_arrow2, score_arrow3, score_arrow4, score_arrow5, score_arrow6) values ('1052', '176', '2', '9', '5', '4', '2', '2', '0');
insert into EndScores (end_id, range_score_id, end_number, score_arrow1, score_arrow2, score_arrow3, score_arrow4, score_arrow5, score_arrow6) values ('1053', '176', '3', '9', '9', '8', '5', '3', '2');
insert into EndScores (end_id, range_score_id, end_number, score_arrow1, score_arrow2, score_arrow3, score_arrow4, score_arrow5, score_arrow6) values ('1054', '176', '4', '7', '5', '2', '1', '0', '0');
insert into EndScores (end_id, range_score_id, end_number, score_arrow1, score_arrow2, score_arrow3, score_arrow4, score_arrow5, score_arrow6) values ('1055', '176', '5', '9', '7', '6', '5', '2', '0');
insert into EndScores (end_id, range_score_id, end_number, score_arrow1, score_arrow2, score_arrow3, score_arrow4, score_arrow5, score_arrow6) values ('1056', '176', '6', '8', '8', '8', '4', '1', '0');
insert into CompetitionEnrolments (archer_id, competition_id) values ('47', '31');
insert into RoundScores (round_score_id, archer_id, competition_id, round_score_date_time, equipment_id, round_def_id, total_score, category_id) values ('45', '47', '31', '2023-04-23 14:23:39.883', 'B', '4', '689', '31');
insert into RangeScores (range_score_id, round_score_id, round_range_id) values ('177', '45', '13');
insert into EndScores (end_id, range_score_id, end_number, score_arrow1, score_arrow2, score_arrow3, score_arrow4, score_arrow5, score_arrow6) values ('1057', '177', '1', '8', '4', '4', '2', '2', '1');
insert into EndScores (end_id, range_score_id, end_number, score_arrow1, score_arrow2, score_arrow3, score_arrow4, score_arrow5, score_arrow6) values ('1058', '177', '2', '9', '4', '3', '3', '2', '1');
insert into EndScores (end_id, range_score_id, end_number, score_arrow1, score_arrow2, score_arrow3, score_arrow4, score_arrow5, score_arrow6) values ('1059', '177', '3', '9', '7', '6', '5', '4', '4');
insert into EndScores (end_id, range_score_id, end_number, score_arrow1, score_arrow2, score_arrow3, score_arrow4, score_arrow5, score_arrow6) values ('1060', '177', '4', '9', '9', '8', '5', '1', '1');
insert into EndScores (end_id, range_score_id, end_number, score_arrow1, score_arrow2, score_arrow3, score_arrow4, score_arrow5, score_arrow6) values ('1061', '177', '5', '8', '7', '7', '3', '2', '1');
insert into EndScores (end_id, range_score_id, end_number, score_arrow1, score_arrow2, score_arrow3, score_arrow4, score_arrow5, score_arrow6) values ('1062', '177', '6', '6', '6', '5', '4', '4', '2');
insert into RangeScores (range_score_id, round_score_id, round_range_id) values ('178', '45', '14');
insert into EndScores (end_id, range_score_id, end_number, score_arrow1, score_arrow2, score_arrow3, score_arrow4, score_arrow5, score_arrow6) values ('1063', '178', '1', '9', '8', '8', '8', '3', '0');
insert into EndScores (end_id, range_score_id, end_number, score_arrow1, score_arrow2, score_arrow3, score_arrow4, score_arrow5, score_arrow6) values ('1064', '178', '2', '6', '6', '5', '1', '1', '1');
insert into EndScores (end_id, range_score_id, end_number, score_arrow1, score_arrow2, score_arrow3, score_arrow4, score_arrow5, score_arrow6) values ('1065', '178', '3', '8', '7', '6', '6', '4', '3');
insert into EndScores (end_id, range_score_id, end_number, score_arrow1, score_arrow2, score_arrow3, score_arrow4, score_arrow5, score_arrow6) values ('1066', '178', '4', '8', '8', '4', '3', '2', '0');
insert into EndScores (end_id, range_score_id, end_number, score_arrow1, score_arrow2, score_arrow3, score_arrow4, score_arrow5, score_arrow6) values ('1067', '178', '5', '9', '9', '7', '6', '2', '0');
insert into EndScores (end_id, range_score_id, end_number, score_arrow1, score_arrow2, score_arrow3, score_arrow4, score_arrow5, score_arrow6) values ('1068', '178', '6', '7', '6', '3', '2', '2', '1');
insert into RangeScores (range_score_id, round_score_id, round_range_id) values ('179', '45', '15');
insert into EndScores (end_id, range_score_id, end_number, score_arrow1, score_arrow2, score_arrow3, score_arrow4, score_arrow5, score_arrow6) values ('1069', '179', '1', '8', '6', '3', '2', '0', '0');
insert into EndScores (end_id, range_score_id, end_number, score_arrow1, score_arrow2, score_arrow3, score_arrow4, score_arrow5, score_arrow6) values ('1070', '179', '2', '8', '7', '5', '4', '3', '1');
insert into EndScores (end_id, range_score_id, end_number, score_arrow1, score_arrow2, score_arrow3, score_arrow4, score_arrow5, score_arrow6) values ('1071', '179', '3', '9', '8', '6', '6', '2', '1');
insert into EndScores (end_id, range_score_id, end_number, score_arrow1, score_arrow2, score_arrow3, score_arrow4, score_arrow5, score_arrow6) values ('1072', '179', '4', '9', '9', '3', '1', '1', '0');
insert into EndScores (end_id, range_score_id, end_number, score_arrow1, score_arrow2, score_arrow3, score_arrow4, score_arrow5, score_arrow6) values ('1073', '179', '5', '9', '9', '8', '6', '2', '0');
insert into EndScores (end_id, range_score_id, end_number, score_arrow1, score_arrow2, score_arrow3, score_arrow4, score_arrow5, score_arrow6) values ('1074', '179', '6', '9', '9', '8', '7', '2', '1');
insert into RangeScores (range_score_id, round_score_id, round_range_id) values ('180', '45', '16');
insert into EndScores (end_id, range_score_id, end_number, score_arrow1, score_arrow2, score_arrow3, score_arrow4, score_arrow5, score_arrow6) values ('1075', '180', '1', '7', '7', '4', '4', '2', '0');
insert into EndScores (end_id, range_score_id, end_number, score_arrow1, score_arrow2, score_arrow3, score_arrow4, score_arrow5, score_arrow6) values ('1076', '180', '2', '6', '6', '5', '4', '3', '2');
insert into EndScores (end_id, range_score_id, end_number, score_arrow1, score_arrow2, score_arrow3, score_arrow4, score_arrow5, score_arrow6) values ('1077', '180', '3', '8', '7', '6', '6', '5', '4');
insert into EndScores (end_id, range_score_id, end_number, score_arrow1, score_arrow2, score_arrow3, score_arrow4, score_arrow5, score_arrow6) values ('1078', '180', '4', '8', '7', '6', '6', '5', '4');
insert into EndScores (end_id, range_score_id, end_number, score_arrow1, score_arrow2, score_arrow3, score_arrow4, score_arrow5, score_arrow6) values ('1079', '180', '5', '9', '9', '6', '5', '2', '2');
insert into EndScores (end_id, range_score_id, end_number, score_arrow1, score_arrow2, score_arrow3, score_arrow4, score_arrow5, score_arrow6) values ('1080', '180', '6', '9', '7', '5', '4', '1', '1');
insert into CompetitionEnrolments (archer_id, competition_id) values ('48', '5');
insert into RoundScores (round_score_id, archer_id, competition_id, round_score_date_time, equipment_id, round_def_id, total_score, category_id) values ('46', '48', '5', '2023-04-23 17:15:29.743', 'R', '2', '651', '5');
insert into RangeScores (range_score_id, round_score_id, round_range_id) values ('181', '46', '5');
insert into EndScores (end_id, range_score_id, end_number, score_arrow1, score_arrow2, score_arrow3, score_arrow4, score_arrow5, score_arrow6) values ('1081', '181', '1', '7', '5', '4', '2', '2', '0');
insert into EndScores (end_id, range_score_id, end_number, score_arrow1, score_arrow2, score_arrow3, score_arrow4, score_arrow5, score_arrow6) values ('1082', '181', '2', '8', '8', '7', '5', '3', '1');
insert into EndScores (end_id, range_score_id, end_number, score_arrow1, score_arrow2, score_arrow3, score_arrow4, score_arrow5, score_arrow6) values ('1083', '181', '3', '9', '9', '2', '1', '1', '0');
insert into EndScores (end_id, range_score_id, end_number, score_arrow1, score_arrow2, score_arrow3, score_arrow4, score_arrow5, score_arrow6) values ('1084', '181', '4', '8', '8', '7', '6', '1', '1');
insert into EndScores (end_id, range_score_id, end_number, score_arrow1, score_arrow2, score_arrow3, score_arrow4, score_arrow5, score_arrow6) values ('1085', '181', '5', '8', '7', '6', '4', '2', '2');
insert into EndScores (end_id, range_score_id, end_number, score_arrow1, score_arrow2, score_arrow3, score_arrow4, score_arrow5, score_arrow6) values ('1086', '181', '6', '7', '7', '6', '2', '1', '0');
insert into RangeScores (range_score_id, round_score_id, round_range_id) values ('182', '46', '6');
insert into EndScores (end_id, range_score_id, end_number, score_arrow1, score_arrow2, score_arrow3, score_arrow4, score_arrow5, score_arrow6) values ('1087', '182', '1', '7', '6', '6', '4', '2', '1');
insert into EndScores (end_id, range_score_id, end_number, score_arrow1, score_arrow2, score_arrow3, score_arrow4, score_arrow5, score_arrow6) values ('1088', '182', '2', '9', '9', '9', '7', '6', '5');
insert into EndScores (end_id, range_score_id, end_number, score_arrow1, score_arrow2, score_arrow3, score_arrow4, score_arrow5, score_arrow6) values ('1089', '182', '3', '9', '6', '5', '5', '3', '0');
insert into EndScores (end_id, range_score_id, end_number, score_arrow1, score_arrow2, score_arrow3, score_arrow4, score_arrow5, score_arrow6) values ('1090', '182', '4', '9', '9', '7', '3', '2', '1');
insert into EndScores (end_id, range_score_id, end_number, score_arrow1, score_arrow2, score_arrow3, score_arrow4, score_arrow5, score_arrow6) values ('1091', '182', '5', '7', '7', '5', '4', '3', '2');
insert into EndScores (end_id, range_score_id, end_number, score_arrow1, score_arrow2, score_arrow3, score_arrow4, score_arrow5, score_arrow6) values ('1092', '182', '6', '6', '6', '5', '2', '2', '0');
insert into RangeScores (range_score_id, round_score_id, round_range_id) values ('183', '46', '7');
insert into EndScores (end_id, range_score_id, end_number, score_arrow1, score_arrow2, score_arrow3, score_arrow4, score_arrow5, score_arrow6) values ('1093', '183', '1', '6', '3', '3', '2', '2', '0');
insert into EndScores (end_id, range_score_id, end_number, score_arrow1, score_arrow2, score_arrow3, score_arrow4, score_arrow5, score_arrow6) values ('1094', '183', '2', '7', '6', '6', '4', '2', '2');
insert into EndScores (end_id, range_score_id, end_number, score_arrow1, score_arrow2, score_arrow3, score_arrow4, score_arrow5, score_arrow6) values ('1095', '183', '3', '9', '8', '6', '5', '2', '0');
insert into EndScores (end_id, range_score_id, end_number, score_arrow1, score_arrow2, score_arrow3, score_arrow4, score_arrow5, score_arrow6) values ('1096', '183', '4', '6', '4', '4', '3', '2', '2');
insert into EndScores (end_id, range_score_id, end_number, score_arrow1, score_arrow2, score_arrow3, score_arrow4, score_arrow5, score_arrow6) values ('1097', '183', '5', '9', '8', '6', '3', '2', '1');
insert into EndScores (end_id, range_score_id, end_number, score_arrow1, score_arrow2, score_arrow3, score_arrow4, score_arrow5, score_arrow6) values ('1098', '183', '6', '7', '7', '7', '6', '1', '0');
insert into RangeScores (range_score_id, round_score_id, round_range_id) values ('184', '46', '8');
insert into EndScores (end_id, range_score_id, end_number, score_arrow1, score_arrow2, score_arrow3, score_arrow4, score_arrow5, score_arrow6) values ('1099', '184', '1', '9', '8', '7', '4', '0', '0');
insert into EndScores (end_id, range_score_id, end_number, score_arrow1, score_arrow2, score_arrow3, score_arrow4, score_arrow5, score_arrow6) values ('1100', '184', '2', '8', '7', '6', '4', '2', '2');
insert into EndScores (end_id, range_score_id, end_number, score_arrow1, score_arrow2, score_arrow3, score_arrow4, score_arrow5, score_arrow6) values ('1101', '184', '3', '7', '7', '2', '1', '0', '0');
insert into EndScores (end_id, range_score_id, end_number, score_arrow1, score_arrow2, score_arrow3, score_arrow4, score_arrow5, score_arrow6) values ('1102', '184', '4', '9', '7', '4', '4', '3', '1');
insert into EndScores (end_id, range_score_id, end_number, score_arrow1, score_arrow2, score_arrow3, score_arrow4, score_arrow5, score_arrow6) values ('1103', '184', '5', '7', '7', '3', '3', '2', '1');
insert into EndScores (end_id, range_score_id, end_number, score_arrow1, score_arrow2, score_arrow3, score_arrow4, score_arrow5, score_arrow6) values ('1104', '184', '6', '9', '9', '8', '7', '5', '1');
insert into CompetitionEnrolments (archer_id, competition_id) values ('49', '5');
insert into RoundScores (round_score_id, archer_id, competition_id, round_score_date_time, equipment_id, round_def_id, total_score, category_id) values ('47', '49', '5', '2023-04-23 11:29:5.442', 'R', '2', '593', '5');
insert into RangeScores (range_score_id, round_score_id, round_range_id) values ('185', '47', '5');
insert into EndScores (end_id, range_score_id, end_number, score_arrow1, score_arrow2, score_arrow3, score_arrow4, score_arrow5, score_arrow6) values ('1105', '185', '1', '5', '4', '4', '2', '2', '1');
insert into EndScores (end_id, range_score_id, end_number, score_arrow1, score_arrow2, score_arrow3, score_arrow4, score_arrow5, score_arrow6) values ('1106', '185', '2', '9', '8', '7', '7', '5', '3');
insert into EndScores (end_id, range_score_id, end_number, score_arrow1, score_arrow2, score_arrow3, score_arrow4, score_arrow5, score_arrow6) values ('1107', '185', '3', '9', '7', '6', '5', '1', '0');
insert into EndScores (end_id, range_score_id, end_number, score_arrow1, score_arrow2, score_arrow3, score_arrow4, score_arrow5, score_arrow6) values ('1108', '185', '4', '9', '8', '7', '4', '2', '1');
insert into EndScores (end_id, range_score_id, end_number, score_arrow1, score_arrow2, score_arrow3, score_arrow4, score_arrow5, score_arrow6) values ('1109', '185', '5', '9', '8', '2', '1', '1', '0');
insert into EndScores (end_id, range_score_id, end_number, score_arrow1, score_arrow2, score_arrow3, score_arrow4, score_arrow5, score_arrow6) values ('1110', '185', '6', '7', '7', '5', '4', '3', '0');
insert into RangeScores (range_score_id, round_score_id, round_range_id) values ('186', '47', '6');
insert into EndScores (end_id, range_score_id, end_number, score_arrow1, score_arrow2, score_arrow3, score_arrow4, score_arrow5, score_arrow6) values ('1111', '186', '1', '8', '4', '2', '2', '2', '0');
insert into EndScores (end_id, range_score_id, end_number, score_arrow1, score_arrow2, score_arrow3, score_arrow4, score_arrow5, score_arrow6) values ('1112', '186', '2', '8', '5', '4', '4', '1', '0');
insert into EndScores (end_id, range_score_id, end_number, score_arrow1, score_arrow2, score_arrow3, score_arrow4, score_arrow5, score_arrow6) values ('1113', '186', '3', '9', '9', '6', '4', '2', '0');
insert into EndScores (end_id, range_score_id, end_number, score_arrow1, score_arrow2, score_arrow3, score_arrow4, score_arrow5, score_arrow6) values ('1114', '186', '4', '9', '8', '7', '5', '1', '0');
insert into EndScores (end_id, range_score_id, end_number, score_arrow1, score_arrow2, score_arrow3, score_arrow4, score_arrow5, score_arrow6) values ('1115', '186', '5', '9', '4', '3', '1', '0', '0');
insert into EndScores (end_id, range_score_id, end_number, score_arrow1, score_arrow2, score_arrow3, score_arrow4, score_arrow5, score_arrow6) values ('1116', '186', '6', '9', '5', '4', '4', '3', '1');
insert into RangeScores (range_score_id, round_score_id, round_range_id) values ('187', '47', '7');
insert into EndScores (end_id, range_score_id, end_number, score_arrow1, score_arrow2, score_arrow3, score_arrow4, score_arrow5, score_arrow6) values ('1117', '187', '1', '9', '4', '3', '2', '2', '1');
insert into EndScores (end_id, range_score_id, end_number, score_arrow1, score_arrow2, score_arrow3, score_arrow4, score_arrow5, score_arrow6) values ('1118', '187', '2', '9', '7', '6', '2', '1', '1');
insert into EndScores (end_id, range_score_id, end_number, score_arrow1, score_arrow2, score_arrow3, score_arrow4, score_arrow5, score_arrow6) values ('1119', '187', '3', '7', '7', '6', '4', '1', '1');
insert into EndScores (end_id, range_score_id, end_number, score_arrow1, score_arrow2, score_arrow3, score_arrow4, score_arrow5, score_arrow6) values ('1120', '187', '4', '6', '5', '4', '3', '2', '1');
insert into EndScores (end_id, range_score_id, end_number, score_arrow1, score_arrow2, score_arrow3, score_arrow4, score_arrow5, score_arrow6) values ('1121', '187', '5', '8', '8', '6', '4', '3', '3');
insert into EndScores (end_id, range_score_id, end_number, score_arrow1, score_arrow2, score_arrow3, score_arrow4, score_arrow5, score_arrow6) values ('1122', '187', '6', '9', '8', '4', '1', '0', '0');
insert into RangeScores (range_score_id, round_score_id, round_range_id) values ('188', '47', '8');
insert into EndScores (end_id, range_score_id, end_number, score_arrow1, score_arrow2, score_arrow3, score_arrow4, score_arrow5, score_arrow6) values ('1123', '188', '1', '8', '6', '4', '3', '2', '0');
insert into EndScores (end_id, range_score_id, end_number, score_arrow1, score_arrow2, score_arrow3, score_arrow4, score_arrow5, score_arrow6) values ('1124', '188', '2', '9', '9', '7', '3', '2', '2');
insert into EndScores (end_id, range_score_id, end_number, score_arrow1, score_arrow2, score_arrow3, score_arrow4, score_arrow5, score_arrow6) values ('1125', '188', '3', '7', '5', '5', '4', '0', '0');
insert into EndScores (end_id, range_score_id, end_number, score_arrow1, score_arrow2, score_arrow3, score_arrow4, score_arrow5, score_arrow6) values ('1126', '188', '4', '9', '5', '2', '2', '2', '0');
insert into EndScores (end_id, range_score_id, end_number, score_arrow1, score_arrow2, score_arrow3, score_arrow4, score_arrow5, score_arrow6) values ('1127', '188', '5', '7', '6', '3', '2', '2', '1');
insert into EndScores (end_id, range_score_id, end_number, score_arrow1, score_arrow2, score_arrow3, score_arrow4, score_arrow5, score_arrow6) values ('1128', '188', '6', '7', '6', '5', '3', '1', '0');
insert into CompetitionEnrolments (archer_id, competition_id) values ('50', '5');
insert into RoundScores (round_score_id, archer_id, competition_id, round_score_date_time, equipment_id, round_def_id, total_score, category_id) values ('48', '50', '5', '2023-04-23 12:20:6.622', 'R', '2', '662', '5');
insert into RangeScores (range_score_id, round_score_id, round_range_id) values ('189', '48', '5');
insert into EndScores (end_id, range_score_id, end_number, score_arrow1, score_arrow2, score_arrow3, score_arrow4, score_arrow5, score_arrow6) values ('1129', '189', '1', '9', '7', '6', '4', '0', '0');
insert into EndScores (end_id, range_score_id, end_number, score_arrow1, score_arrow2, score_arrow3, score_arrow4, score_arrow5, score_arrow6) values ('1130', '189', '2', '7', '7', '5', '1', '0', '0');
insert into EndScores (end_id, range_score_id, end_number, score_arrow1, score_arrow2, score_arrow3, score_arrow4, score_arrow5, score_arrow6) values ('1131', '189', '3', '8', '8', '7', '6', '5', '4');
insert into EndScores (end_id, range_score_id, end_number, score_arrow1, score_arrow2, score_arrow3, score_arrow4, score_arrow5, score_arrow6) values ('1132', '189', '4', '8', '7', '7', '4', '3', '1');
insert into EndScores (end_id, range_score_id, end_number, score_arrow1, score_arrow2, score_arrow3, score_arrow4, score_arrow5, score_arrow6) values ('1133', '189', '5', '9', '9', '9', '8', '5', '2');
insert into EndScores (end_id, range_score_id, end_number, score_arrow1, score_arrow2, score_arrow3, score_arrow4, score_arrow5, score_arrow6) values ('1134', '189', '6', '8', '7', '3', '3', '2', '0');
insert into RangeScores (range_score_id, round_score_id, round_range_id) values ('190', '48', '6');
insert into EndScores (end_id, range_score_id, end_number, score_arrow1, score_arrow2, score_arrow3, score_arrow4, score_arrow5, score_arrow6) values ('1135', '190', '1', '6', '5', '3', '2', '2', '0');
insert into EndScores (end_id, range_score_id, end_number, score_arrow1, score_arrow2, score_arrow3, score_arrow4, score_arrow5, score_arrow6) values ('1136', '190', '2', '9', '6', '4', '2', '2', '1');
insert into EndScores (end_id, range_score_id, end_number, score_arrow1, score_arrow2, score_arrow3, score_arrow4, score_arrow5, score_arrow6) values ('1137', '190', '3', '9', '7', '6', '5', '4', '0');
insert into EndScores (end_id, range_score_id, end_number, score_arrow1, score_arrow2, score_arrow3, score_arrow4, score_arrow5, score_arrow6) values ('1138', '190', '4', '7', '5', '5', '4', '2', '0');
insert into EndScores (end_id, range_score_id, end_number, score_arrow1, score_arrow2, score_arrow3, score_arrow4, score_arrow5, score_arrow6) values ('1139', '190', '5', '9', '8', '6', '5', '4', '3');
insert into EndScores (end_id, range_score_id, end_number, score_arrow1, score_arrow2, score_arrow3, score_arrow4, score_arrow5, score_arrow6) values ('1140', '190', '6', '7', '7', '6', '5', '4', '0');
insert into RangeScores (range_score_id, round_score_id, round_range_id) values ('191', '48', '7');
insert into EndScores (end_id, range_score_id, end_number, score_arrow1, score_arrow2, score_arrow3, score_arrow4, score_arrow5, score_arrow6) values ('1141', '191', '1', '9', '8', '6', '5', '4', '3');
insert into EndScores (end_id, range_score_id, end_number, score_arrow1, score_arrow2, score_arrow3, score_arrow4, score_arrow5, score_arrow6) values ('1142', '191', '2', '9', '7', '4', '2', '0', '0');
insert into EndScores (end_id, range_score_id, end_number, score_arrow1, score_arrow2, score_arrow3, score_arrow4, score_arrow5, score_arrow6) values ('1143', '191', '3', '7', '7', '6', '6', '4', '1');
insert into EndScores (end_id, range_score_id, end_number, score_arrow1, score_arrow2, score_arrow3, score_arrow4, score_arrow5, score_arrow6) values ('1144', '191', '4', '9', '5', '3', '3', '3', '0');
insert into EndScores (end_id, range_score_id, end_number, score_arrow1, score_arrow2, score_arrow3, score_arrow4, score_arrow5, score_arrow6) values ('1145', '191', '5', '8', '6', '6', '2', '2', '1');
insert into EndScores (end_id, range_score_id, end_number, score_arrow1, score_arrow2, score_arrow3, score_arrow4, score_arrow5, score_arrow6) values ('1146', '191', '6', '8', '7', '4', '3', '1', '0');
insert into RangeScores (range_score_id, round_score_id, round_range_id) values ('192', '48', '8');
insert into EndScores (end_id, range_score_id, end_number, score_arrow1, score_arrow2, score_arrow3, score_arrow4, score_arrow5, score_arrow6) values ('1147', '192', '1', '7', '7', '4', '4', '2', '0');
insert into EndScores (end_id, range_score_id, end_number, score_arrow1, score_arrow2, score_arrow3, score_arrow4, score_arrow5, score_arrow6) values ('1148', '192', '2', '9', '8', '6', '6', '0', '0');
insert into EndScores (end_id, range_score_id, end_number, score_arrow1, score_arrow2, score_arrow3, score_arrow4, score_arrow5, score_arrow6) values ('1149', '192', '3', '9', '8', '7', '5', '5', '4');
insert into EndScores (end_id, range_score_id, end_number, score_arrow1, score_arrow2, score_arrow3, score_arrow4, score_arrow5, score_arrow6) values ('1150', '192', '4', '9', '5', '3', '3', '2', '0');
insert into EndScores (end_id, range_score_id, end_number, score_arrow1, score_arrow2, score_arrow3, score_arrow4, score_arrow5, score_arrow6) values ('1151', '192', '5', '5', '5', '3', '3', '2', '0');
insert into EndScores (end_id, range_score_id, end_number, score_arrow1, score_arrow2, score_arrow3, score_arrow4, score_arrow5, score_arrow6) values ('1152', '192', '6', '9', '8', '7', '4', '3', '2');
insert into CompetitionEnrolments (archer_id, competition_id) values ('51', '58');
insert into RoundScores (round_score_id, archer_id, competition_id, round_score_date_time, equipment_id, round_def_id, total_score, category_id) values ('49', '51', '58', '2023-04-23 11:19:33.667', 'C', '5', '591', '58');
insert into RangeScores (range_score_id, round_score_id, round_range_id) values ('193', '49', '17');
insert into EndScores (end_id, range_score_id, end_number, score_arrow1, score_arrow2, score_arrow3, score_arrow4, score_arrow5, score_arrow6) values ('1153', '193', '1', '7', '4', '3', '3', '2', '0');
insert into EndScores (end_id, range_score_id, end_number, score_arrow1, score_arrow2, score_arrow3, score_arrow4, score_arrow5, score_arrow6) values ('1154', '193', '2', '9', '7', '5', '2', '0', '0');
insert into EndScores (end_id, range_score_id, end_number, score_arrow1, score_arrow2, score_arrow3, score_arrow4, score_arrow5, score_arrow6) values ('1155', '193', '3', '8', '4', '3', '2', '0', '0');
insert into EndScores (end_id, range_score_id, end_number, score_arrow1, score_arrow2, score_arrow3, score_arrow4, score_arrow5, score_arrow6) values ('1156', '193', '4', '7', '4', '4', '4', '1', '1');
insert into EndScores (end_id, range_score_id, end_number, score_arrow1, score_arrow2, score_arrow3, score_arrow4, score_arrow5, score_arrow6) values ('1157', '193', '5', '7', '7', '7', '4', '3', '0');
insert into EndScores (end_id, range_score_id, end_number, score_arrow1, score_arrow2, score_arrow3, score_arrow4, score_arrow5, score_arrow6) values ('1158', '193', '6', '9', '8', '6', '2', '1', '0');
insert into RangeScores (range_score_id, round_score_id, round_range_id) values ('194', '49', '18');
insert into EndScores (end_id, range_score_id, end_number, score_arrow1, score_arrow2, score_arrow3, score_arrow4, score_arrow5, score_arrow6) values ('1159', '194', '1', '7', '7', '6', '4', '3', '3');
insert into EndScores (end_id, range_score_id, end_number, score_arrow1, score_arrow2, score_arrow3, score_arrow4, score_arrow5, score_arrow6) values ('1160', '194', '2', '6', '5', '4', '1', '1', '0');
insert into EndScores (end_id, range_score_id, end_number, score_arrow1, score_arrow2, score_arrow3, score_arrow4, score_arrow5, score_arrow6) values ('1161', '194', '3', '5', '5', '2', '2', '1', '1');
insert into EndScores (end_id, range_score_id, end_number, score_arrow1, score_arrow2, score_arrow3, score_arrow4, score_arrow5, score_arrow6) values ('1162', '194', '4', '5', '5', '3', '1', '0', '0');
insert into EndScores (end_id, range_score_id, end_number, score_arrow1, score_arrow2, score_arrow3, score_arrow4, score_arrow5, score_arrow6) values ('1163', '194', '5', '9', '7', '2', '2', '0', '0');
insert into EndScores (end_id, range_score_id, end_number, score_arrow1, score_arrow2, score_arrow3, score_arrow4, score_arrow5, score_arrow6) values ('1164', '194', '6', '9', '8', '7', '4', '3', '1');
insert into RangeScores (range_score_id, round_score_id, round_range_id) values ('195', '49', '19');
insert into EndScores (end_id, range_score_id, end_number, score_arrow1, score_arrow2, score_arrow3, score_arrow4, score_arrow5, score_arrow6) values ('1165', '195', '1', '7', '7', '5', '4', '4', '1');
insert into EndScores (end_id, range_score_id, end_number, score_arrow1, score_arrow2, score_arrow3, score_arrow4, score_arrow5, score_arrow6) values ('1166', '195', '2', '8', '6', '5', '3', '1', '1');
insert into EndScores (end_id, range_score_id, end_number, score_arrow1, score_arrow2, score_arrow3, score_arrow4, score_arrow5, score_arrow6) values ('1167', '195', '3', '7', '6', '6', '5', '5', '2');
insert into EndScores (end_id, range_score_id, end_number, score_arrow1, score_arrow2, score_arrow3, score_arrow4, score_arrow5, score_arrow6) values ('1168', '195', '4', '9', '9', '8', '3', '3', '2');
insert into EndScores (end_id, range_score_id, end_number, score_arrow1, score_arrow2, score_arrow3, score_arrow4, score_arrow5, score_arrow6) values ('1169', '195', '5', '9', '9', '4', '1', '0', '0');
insert into EndScores (end_id, range_score_id, end_number, score_arrow1, score_arrow2, score_arrow3, score_arrow4, score_arrow5, score_arrow6) values ('1170', '195', '6', '5', '4', '4', '0', '0', '0');
insert into RangeScores (range_score_id, round_score_id, round_range_id) values ('196', '49', '20');
insert into EndScores (end_id, range_score_id, end_number, score_arrow1, score_arrow2, score_arrow3, score_arrow4, score_arrow5, score_arrow6) values ('1171', '196', '1', '8', '7', '6', '4', '4', '3');
insert into EndScores (end_id, range_score_id, end_number, score_arrow1, score_arrow2, score_arrow3, score_arrow4, score_arrow5, score_arrow6) values ('1172', '196', '2', '8', '7', '5', '3', '1', '0');
insert into EndScores (end_id, range_score_id, end_number, score_arrow1, score_arrow2, score_arrow3, score_arrow4, score_arrow5, score_arrow6) values ('1173', '196', '3', '8', '7', '6', '5', '3', '3');
insert into EndScores (end_id, range_score_id, end_number, score_arrow1, score_arrow2, score_arrow3, score_arrow4, score_arrow5, score_arrow6) values ('1174', '196', '4', '9', '9', '2', '1', '0', '0');
insert into EndScores (end_id, range_score_id, end_number, score_arrow1, score_arrow2, score_arrow3, score_arrow4, score_arrow5, score_arrow6) values ('1175', '196', '5', '9', '9', '8', '5', '4', '0');
insert into EndScores (end_id, range_score_id, end_number, score_arrow1, score_arrow2, score_arrow3, score_arrow4, score_arrow5, score_arrow6) values ('1176', '196', '6', '9', '7', '5', '5', '3', '2');
insert into CompetitionEnrolments (archer_id, competition_id) values ('52', '27');
insert into RoundScores (round_score_id, archer_id, competition_id, round_score_date_time, equipment_id, round_def_id, total_score, category_id) values ('50', '52', '27', '2023-04-23 13:26:12.173', 'B', '3', '689', '27');
insert into RangeScores (range_score_id, round_score_id, round_range_id) values ('197', '50', '9');
insert into EndScores (end_id, range_score_id, end_number, score_arrow1, score_arrow2, score_arrow3, score_arrow4, score_arrow5, score_arrow6) values ('1177', '197', '1', '9', '7', '7', '5', '2', '0');
insert into EndScores (end_id, range_score_id, end_number, score_arrow1, score_arrow2, score_arrow3, score_arrow4, score_arrow5, score_arrow6) values ('1178', '197', '2', '9', '7', '6', '4', '2', '0');
insert into EndScores (end_id, range_score_id, end_number, score_arrow1, score_arrow2, score_arrow3, score_arrow4, score_arrow5, score_arrow6) values ('1179', '197', '3', '8', '7', '1', '1', '1', '0');
insert into EndScores (end_id, range_score_id, end_number, score_arrow1, score_arrow2, score_arrow3, score_arrow4, score_arrow5, score_arrow6) values ('1180', '197', '4', '6', '4', '3', '3', '1', '0');
insert into EndScores (end_id, range_score_id, end_number, score_arrow1, score_arrow2, score_arrow3, score_arrow4, score_arrow5, score_arrow6) values ('1181', '197', '5', '9', '8', '7', '6', '6', '4');
insert into EndScores (end_id, range_score_id, end_number, score_arrow1, score_arrow2, score_arrow3, score_arrow4, score_arrow5, score_arrow6) values ('1182', '197', '6', '9', '7', '6', '5', '4', '0');
insert into RangeScores (range_score_id, round_score_id, round_range_id) values ('198', '50', '10');
insert into EndScores (end_id, range_score_id, end_number, score_arrow1, score_arrow2, score_arrow3, score_arrow4, score_arrow5, score_arrow6) values ('1183', '198', '1', '5', '5', '5', '2', '1', '0');
insert into EndScores (end_id, range_score_id, end_number, score_arrow1, score_arrow2, score_arrow3, score_arrow4, score_arrow5, score_arrow6) values ('1184', '198', '2', '8', '8', '6', '5', '3', '2');
insert into EndScores (end_id, range_score_id, end_number, score_arrow1, score_arrow2, score_arrow3, score_arrow4, score_arrow5, score_arrow6) values ('1185', '198', '3', '8', '8', '5', '5', '0', '0');
insert into EndScores (end_id, range_score_id, end_number, score_arrow1, score_arrow2, score_arrow3, score_arrow4, score_arrow5, score_arrow6) values ('1186', '198', '4', '9', '9', '6', '4', '3', '1');
insert into EndScores (end_id, range_score_id, end_number, score_arrow1, score_arrow2, score_arrow3, score_arrow4, score_arrow5, score_arrow6) values ('1187', '198', '5', '8', '8', '7', '6', '1', '0');
insert into EndScores (end_id, range_score_id, end_number, score_arrow1, score_arrow2, score_arrow3, score_arrow4, score_arrow5, score_arrow6) values ('1188', '198', '6', '7', '5', '4', '3', '2', '2');
insert into RangeScores (range_score_id, round_score_id, round_range_id) values ('199', '50', '11');
insert into EndScores (end_id, range_score_id, end_number, score_arrow1, score_arrow2, score_arrow3, score_arrow4, score_arrow5, score_arrow6) values ('1189', '199', '1', '8', '7', '4', '4', '1', '0');
insert into EndScores (end_id, range_score_id, end_number, score_arrow1, score_arrow2, score_arrow3, score_arrow4, score_arrow5, score_arrow6) values ('1190', '199', '2', '6', '5', '5', '4', '2', '1');
insert into EndScores (end_id, range_score_id, end_number, score_arrow1, score_arrow2, score_arrow3, score_arrow4, score_arrow5, score_arrow6) values ('1191', '199', '3', '9', '8', '8', '7', '2', '2');
insert into EndScores (end_id, range_score_id, end_number, score_arrow1, score_arrow2, score_arrow3, score_arrow4, score_arrow5, score_arrow6) values ('1192', '199', '4', '7', '6', '6', '6', '6', '3');
insert into EndScores (end_id, range_score_id, end_number, score_arrow1, score_arrow2, score_arrow3, score_arrow4, score_arrow5, score_arrow6) values ('1193', '199', '5', '9', '7', '7', '4', '1', '0');
insert into EndScores (end_id, range_score_id, end_number, score_arrow1, score_arrow2, score_arrow3, score_arrow4, score_arrow5, score_arrow6) values ('1194', '199', '6', '9', '8', '8', '7', '5', '2');
insert into RangeScores (range_score_id, round_score_id, round_range_id) values ('200', '50', '12');
insert into EndScores (end_id, range_score_id, end_number, score_arrow1, score_arrow2, score_arrow3, score_arrow4, score_arrow5, score_arrow6) values ('1195', '200', '1', '8', '6', '4', '3', '2', '2');
insert into EndScores (end_id, range_score_id, end_number, score_arrow1, score_arrow2, score_arrow3, score_arrow4, score_arrow5, score_arrow6) values ('1196', '200', '2', '9', '8', '7', '6', '5', '4');
insert into EndScores (end_id, range_score_id, end_number, score_arrow1, score_arrow2, score_arrow3, score_arrow4, score_arrow5, score_arrow6) values ('1197', '200', '3', '9', '7', '6', '4', '3', '0');
insert into EndScores (end_id, range_score_id, end_number, score_arrow1, score_arrow2, score_arrow3, score_arrow4, score_arrow5, score_arrow6) values ('1198', '200', '4', '8', '8', '5', '3', '2', '1');
insert into EndScores (end_id, range_score_id, end_number, score_arrow1, score_arrow2, score_arrow3, score_arrow4, score_arrow5, score_arrow6) values ('1199', '200', '5', '8', '7', '2', '1', '1', '0');
insert into EndScores (end_id, range_score_id, end_number, score_arrow1, score_arrow2, score_arrow3, score_arrow4, score_arrow5, score_arrow6) values ('1200', '200', '6', '9', '8', '7', '6', '6', '5');
insert into CompetitionEnrolments (archer_id, competition_id) values ('53', '26');
insert into RoundScores (round_score_id, archer_id, competition_id, round_score_date_time, equipment_id, round_def_id, total_score, category_id) values ('51', '53', '26', '2023-04-23 18:39:11.821', 'C', '3', '637', '26');
insert into RangeScores (range_score_id, round_score_id, round_range_id) values ('201', '51', '9');
insert into EndScores (end_id, range_score_id, end_number, score_arrow1, score_arrow2, score_arrow3, score_arrow4, score_arrow5, score_arrow6) values ('1201', '201', '1', '8', '6', '4', '4', '3', '1');
insert into EndScores (end_id, range_score_id, end_number, score_arrow1, score_arrow2, score_arrow3, score_arrow4, score_arrow5, score_arrow6) values ('1202', '201', '2', '7', '6', '6', '5', '3', '3');
insert into EndScores (end_id, range_score_id, end_number, score_arrow1, score_arrow2, score_arrow3, score_arrow4, score_arrow5, score_arrow6) values ('1203', '201', '3', '9', '8', '7', '2', '1', '0');
insert into EndScores (end_id, range_score_id, end_number, score_arrow1, score_arrow2, score_arrow3, score_arrow4, score_arrow5, score_arrow6) values ('1204', '201', '4', '7', '6', '4', '4', '3', '2');
insert into EndScores (end_id, range_score_id, end_number, score_arrow1, score_arrow2, score_arrow3, score_arrow4, score_arrow5, score_arrow6) values ('1205', '201', '5', '8', '6', '5', '4', '3', '2');
insert into EndScores (end_id, range_score_id, end_number, score_arrow1, score_arrow2, score_arrow3, score_arrow4, score_arrow5, score_arrow6) values ('1206', '201', '6', '9', '8', '5', '3', '2', '2');
insert into RangeScores (range_score_id, round_score_id, round_range_id) values ('202', '51', '10');
insert into EndScores (end_id, range_score_id, end_number, score_arrow1, score_arrow2, score_arrow3, score_arrow4, score_arrow5, score_arrow6) values ('1207', '202', '1', '9', '8', '6', '3', '2', '0');
insert into EndScores (end_id, range_score_id, end_number, score_arrow1, score_arrow2, score_arrow3, score_arrow4, score_arrow5, score_arrow6) values ('1208', '202', '2', '7', '7', '6', '4', '2', '1');
insert into EndScores (end_id, range_score_id, end_number, score_arrow1, score_arrow2, score_arrow3, score_arrow4, score_arrow5, score_arrow6) values ('1209', '202', '3', '9', '7', '4', '3', '1', '1');
insert into EndScores (end_id, range_score_id, end_number, score_arrow1, score_arrow2, score_arrow3, score_arrow4, score_arrow5, score_arrow6) values ('1210', '202', '4', '8', '7', '7', '6', '4', '2');
insert into EndScores (end_id, range_score_id, end_number, score_arrow1, score_arrow2, score_arrow3, score_arrow4, score_arrow5, score_arrow6) values ('1211', '202', '5', '6', '4', '4', '3', '2', '1');
insert into EndScores (end_id, range_score_id, end_number, score_arrow1, score_arrow2, score_arrow3, score_arrow4, score_arrow5, score_arrow6) values ('1212', '202', '6', '9', '8', '7', '7', '7', '2');
insert into RangeScores (range_score_id, round_score_id, round_range_id) values ('203', '51', '11');
insert into EndScores (end_id, range_score_id, end_number, score_arrow1, score_arrow2, score_arrow3, score_arrow4, score_arrow5, score_arrow6) values ('1213', '203', '1', '9', '9', '9', '7', '2', '1');
insert into EndScores (end_id, range_score_id, end_number, score_arrow1, score_arrow2, score_arrow3, score_arrow4, score_arrow5, score_arrow6) values ('1214', '203', '2', '9', '8', '7', '4', '3', '2');
insert into EndScores (end_id, range_score_id, end_number, score_arrow1, score_arrow2, score_arrow3, score_arrow4, score_arrow5, score_arrow6) values ('1215', '203', '3', '8', '7', '6', '3', '3', '0');
insert into EndScores (end_id, range_score_id, end_number, score_arrow1, score_arrow2, score_arrow3, score_arrow4, score_arrow5, score_arrow6) values ('1216', '203', '4', '7', '4', '4', '2', '0', '0');
insert into EndScores (end_id, range_score_id, end_number, score_arrow1, score_arrow2, score_arrow3, score_arrow4, score_arrow5, score_arrow6) values ('1217', '203', '5', '8', '8', '4', '3', '3', '1');
insert into EndScores (end_id, range_score_id, end_number, score_arrow1, score_arrow2, score_arrow3, score_arrow4, score_arrow5, score_arrow6) values ('1218', '203', '6', '4', '3', '3', '3', '2', '1');
insert into RangeScores (range_score_id, round_score_id, round_range_id) values ('204', '51', '12');
insert into EndScores (end_id, range_score_id, end_number, score_arrow1, score_arrow2, score_arrow3, score_arrow4, score_arrow5, score_arrow6) values ('1219', '204', '1', '6', '6', '5', '2', '0', '0');
insert into EndScores (end_id, range_score_id, end_number, score_arrow1, score_arrow2, score_arrow3, score_arrow4, score_arrow5, score_arrow6) values ('1220', '204', '2', '9', '8', '3', '0', '0', '0');
insert into EndScores (end_id, range_score_id, end_number, score_arrow1, score_arrow2, score_arrow3, score_arrow4, score_arrow5, score_arrow6) values ('1221', '204', '3', '6', '5', '2', '1', '1', '0');
insert into EndScores (end_id, range_score_id, end_number, score_arrow1, score_arrow2, score_arrow3, score_arrow4, score_arrow5, score_arrow6) values ('1222', '204', '4', '8', '7', '6', '3', '2', '1');
insert into EndScores (end_id, range_score_id, end_number, score_arrow1, score_arrow2, score_arrow3, score_arrow4, score_arrow5, score_arrow6) values ('1223', '204', '5', '8', '8', '6', '4', '4', '3');
insert into EndScores (end_id, range_score_id, end_number, score_arrow1, score_arrow2, score_arrow3, score_arrow4, score_arrow5, score_arrow6) values ('1224', '204', '6', '8', '7', '6', '4', '1', '0');
insert into CompetitionEnrolments (archer_id, competition_id) values ('54', '1');
insert into RoundScores (round_score_id, archer_id, competition_id, round_score_date_time, equipment_id, round_def_id, total_score, category_id) values ('52', '54', '1', '2023-04-23 13:57:45.785', 'R', '1', '600', '1');
insert into RangeScores (range_score_id, round_score_id, round_range_id) values ('205', '52', '1');
insert into EndScores (end_id, range_score_id, end_number, score_arrow1, score_arrow2, score_arrow3, score_arrow4, score_arrow5, score_arrow6) values ('1225', '205', '1', '9', '9', '7', '3', '3', '1');
insert into EndScores (end_id, range_score_id, end_number, score_arrow1, score_arrow2, score_arrow3, score_arrow4, score_arrow5, score_arrow6) values ('1226', '205', '2', '9', '7', '6', '4', '4', '1');
insert into EndScores (end_id, range_score_id, end_number, score_arrow1, score_arrow2, score_arrow3, score_arrow4, score_arrow5, score_arrow6) values ('1227', '205', '3', '8', '8', '5', '2', '0', '0');
insert into EndScores (end_id, range_score_id, end_number, score_arrow1, score_arrow2, score_arrow3, score_arrow4, score_arrow5, score_arrow6) values ('1228', '205', '4', '9', '6', '6', '4', '1', '0');
insert into EndScores (end_id, range_score_id, end_number, score_arrow1, score_arrow2, score_arrow3, score_arrow4, score_arrow5, score_arrow6) values ('1229', '205', '5', '7', '6', '6', '2', '0', '0');
insert into EndScores (end_id, range_score_id, end_number, score_arrow1, score_arrow2, score_arrow3, score_arrow4, score_arrow5, score_arrow6) values ('1230', '205', '6', '5', '3', '2', '1', '1', '1');
insert into RangeScores (range_score_id, round_score_id, round_range_id) values ('206', '52', '2');
insert into EndScores (end_id, range_score_id, end_number, score_arrow1, score_arrow2, score_arrow3, score_arrow4, score_arrow5, score_arrow6) values ('1231', '206', '1', '6', '4', '3', '3', '1', '0');
insert into EndScores (end_id, range_score_id, end_number, score_arrow1, score_arrow2, score_arrow3, score_arrow4, score_arrow5, score_arrow6) values ('1232', '206', '2', '8', '6', '6', '4', '4', '3');
insert into EndScores (end_id, range_score_id, end_number, score_arrow1, score_arrow2, score_arrow3, score_arrow4, score_arrow5, score_arrow6) values ('1233', '206', '3', '8', '7', '5', '5', '1', '0');
insert into EndScores (end_id, range_score_id, end_number, score_arrow1, score_arrow2, score_arrow3, score_arrow4, score_arrow5, score_arrow6) values ('1234', '206', '4', '7', '5', '4', '1', '1', '1');
insert into EndScores (end_id, range_score_id, end_number, score_arrow1, score_arrow2, score_arrow3, score_arrow4, score_arrow5, score_arrow6) values ('1235', '206', '5', '7', '6', '4', '4', '3', '1');
insert into EndScores (end_id, range_score_id, end_number, score_arrow1, score_arrow2, score_arrow3, score_arrow4, score_arrow5, score_arrow6) values ('1236', '206', '6', '9', '4', '4', '2', '1', '0');
insert into RangeScores (range_score_id, round_score_id, round_range_id) values ('207', '52', '3');
insert into EndScores (end_id, range_score_id, end_number, score_arrow1, score_arrow2, score_arrow3, score_arrow4, score_arrow5, score_arrow6) values ('1237', '207', '1', '9', '9', '8', '7', '1', '0');
insert into EndScores (end_id, range_score_id, end_number, score_arrow1, score_arrow2, score_arrow3, score_arrow4, score_arrow5, score_arrow6) values ('1238', '207', '2', '8', '8', '6', '5', '2', '0');
insert into EndScores (end_id, range_score_id, end_number, score_arrow1, score_arrow2, score_arrow3, score_arrow4, score_arrow5, score_arrow6) values ('1239', '207', '3', '9', '6', '5', '3', '1', '0');
insert into EndScores (end_id, range_score_id, end_number, score_arrow1, score_arrow2, score_arrow3, score_arrow4, score_arrow5, score_arrow6) values ('1240', '207', '4', '9', '8', '8', '7', '6', '1');
insert into EndScores (end_id, range_score_id, end_number, score_arrow1, score_arrow2, score_arrow3, score_arrow4, score_arrow5, score_arrow6) values ('1241', '207', '5', '9', '9', '8', '7', '5', '3');
insert into EndScores (end_id, range_score_id, end_number, score_arrow1, score_arrow2, score_arrow3, score_arrow4, score_arrow5, score_arrow6) values ('1242', '207', '6', '9', '5', '3', '2', '2', '0');
insert into RangeScores (range_score_id, round_score_id, round_range_id) values ('208', '52', '4');
insert into EndScores (end_id, range_score_id, end_number, score_arrow1, score_arrow2, score_arrow3, score_arrow4, score_arrow5, score_arrow6) values ('1243', '208', '1', '8', '7', '7', '5', '5', '0');
insert into EndScores (end_id, range_score_id, end_number, score_arrow1, score_arrow2, score_arrow3, score_arrow4, score_arrow5, score_arrow6) values ('1244', '208', '2', '6', '3', '3', '3', '0', '0');
insert into EndScores (end_id, range_score_id, end_number, score_arrow1, score_arrow2, score_arrow3, score_arrow4, score_arrow5, score_arrow6) values ('1245', '208', '3', '9', '7', '4', '2', '0', '0');
insert into EndScores (end_id, range_score_id, end_number, score_arrow1, score_arrow2, score_arrow3, score_arrow4, score_arrow5, score_arrow6) values ('1246', '208', '4', '6', '5', '3', '2', '2', '1');
insert into EndScores (end_id, range_score_id, end_number, score_arrow1, score_arrow2, score_arrow3, score_arrow4, score_arrow5, score_arrow6) values ('1247', '208', '5', '7', '6', '4', '2', '0', '0');
insert into EndScores (end_id, range_score_id, end_number, score_arrow1, score_arrow2, score_arrow3, score_arrow4, score_arrow5, score_arrow6) values ('1248', '208', '6', '9', '5', '3', '3', '1', '0');
insert into CompetitionEnrolments (archer_id, competition_id) values ('55', '4');
insert into RoundScores (round_score_id, archer_id, competition_id, round_score_date_time, equipment_id, round_def_id, total_score, category_id) values ('53', '55', '4', '2023-04-23 16:27:47.322', 'L', '3', '639', '4');
insert into RangeScores (range_score_id, round_score_id, round_range_id) values ('209', '53', '9');
insert into EndScores (end_id, range_score_id, end_number, score_arrow1, score_arrow2, score_arrow3, score_arrow4, score_arrow5, score_arrow6) values ('1249', '209', '1', '8', '5', '4', '4', '2', '1');
insert into EndScores (end_id, range_score_id, end_number, score_arrow1, score_arrow2, score_arrow3, score_arrow4, score_arrow5, score_arrow6) values ('1250', '209', '2', '9', '9', '6', '3', '2', '1');
insert into EndScores (end_id, range_score_id, end_number, score_arrow1, score_arrow2, score_arrow3, score_arrow4, score_arrow5, score_arrow6) values ('1251', '209', '3', '8', '6', '6', '5', '0', '0');
insert into EndScores (end_id, range_score_id, end_number, score_arrow1, score_arrow2, score_arrow3, score_arrow4, score_arrow5, score_arrow6) values ('1252', '209', '4', '8', '8', '8', '4', '3', '0');
insert into EndScores (end_id, range_score_id, end_number, score_arrow1, score_arrow2, score_arrow3, score_arrow4, score_arrow5, score_arrow6) values ('1253', '209', '5', '8', '7', '4', '4', '3', '0');
insert into EndScores (end_id, range_score_id, end_number, score_arrow1, score_arrow2, score_arrow3, score_arrow4, score_arrow5, score_arrow6) values ('1254', '209', '6', '9', '5', '5', '1', '1', '1');
insert into RangeScores (range_score_id, round_score_id, round_range_id) values ('210', '53', '10');
insert into EndScores (end_id, range_score_id, end_number, score_arrow1, score_arrow2, score_arrow3, score_arrow4, score_arrow5, score_arrow6) values ('1255', '210', '1', '9', '6', '6', '4', '1', '0');
insert into EndScores (end_id, range_score_id, end_number, score_arrow1, score_arrow2, score_arrow3, score_arrow4, score_arrow5, score_arrow6) values ('1256', '210', '2', '9', '8', '5', '4', '3', '0');
insert into EndScores (end_id, range_score_id, end_number, score_arrow1, score_arrow2, score_arrow3, score_arrow4, score_arrow5, score_arrow6) values ('1257', '210', '3', '8', '5', '5', '3', '2', '2');
insert into EndScores (end_id, range_score_id, end_number, score_arrow1, score_arrow2, score_arrow3, score_arrow4, score_arrow5, score_arrow6) values ('1258', '210', '4', '7', '3', '3', '3', '3', '0');
insert into EndScores (end_id, range_score_id, end_number, score_arrow1, score_arrow2, score_arrow3, score_arrow4, score_arrow5, score_arrow6) values ('1259', '210', '5', '9', '7', '6', '4', '2', '1');
insert into EndScores (end_id, range_score_id, end_number, score_arrow1, score_arrow2, score_arrow3, score_arrow4, score_arrow5, score_arrow6) values ('1260', '210', '6', '9', '9', '7', '6', '6', '4');
insert into RangeScores (range_score_id, round_score_id, round_range_id) values ('211', '53', '11');
insert into EndScores (end_id, range_score_id, end_number, score_arrow1, score_arrow2, score_arrow3, score_arrow4, score_arrow5, score_arrow6) values ('1261', '211', '1', '6', '4', '3', '2', '1', '0');
insert into EndScores (end_id, range_score_id, end_number, score_arrow1, score_arrow2, score_arrow3, score_arrow4, score_arrow5, score_arrow6) values ('1262', '211', '2', '9', '9', '6', '3', '3', '2');
insert into EndScores (end_id, range_score_id, end_number, score_arrow1, score_arrow2, score_arrow3, score_arrow4, score_arrow5, score_arrow6) values ('1263', '211', '3', '9', '6', '1', '1', '0', '0');
insert into EndScores (end_id, range_score_id, end_number, score_arrow1, score_arrow2, score_arrow3, score_arrow4, score_arrow5, score_arrow6) values ('1264', '211', '4', '9', '9', '7', '5', '4', '3');
insert into EndScores (end_id, range_score_id, end_number, score_arrow1, score_arrow2, score_arrow3, score_arrow4, score_arrow5, score_arrow6) values ('1265', '211', '5', '8', '8', '7', '3', '3', '0');
insert into EndScores (end_id, range_score_id, end_number, score_arrow1, score_arrow2, score_arrow3, score_arrow4, score_arrow5, score_arrow6) values ('1266', '211', '6', '7', '6', '6', '3', '2', '0');
insert into RangeScores (range_score_id, round_score_id, round_range_id) values ('212', '53', '12');
insert into EndScores (end_id, range_score_id, end_number, score_arrow1, score_arrow2, score_arrow3, score_arrow4, score_arrow5, score_arrow6) values ('1267', '212', '1', '7', '7', '4', '4', '3', '3');
insert into EndScores (end_id, range_score_id, end_number, score_arrow1, score_arrow2, score_arrow3, score_arrow4, score_arrow5, score_arrow6) values ('1268', '212', '2', '9', '5', '5', '4', '4', '2');
insert into EndScores (end_id, range_score_id, end_number, score_arrow1, score_arrow2, score_arrow3, score_arrow4, score_arrow5, score_arrow6) values ('1269', '212', '3', '8', '6', '4', '4', '1', '0');
insert into EndScores (end_id, range_score_id, end_number, score_arrow1, score_arrow2, score_arrow3, score_arrow4, score_arrow5, score_arrow6) values ('1270', '212', '4', '9', '6', '5', '2', '1', '1');
insert into EndScores (end_id, range_score_id, end_number, score_arrow1, score_arrow2, score_arrow3, score_arrow4, score_arrow5, score_arrow6) values ('1271', '212', '5', '6', '6', '5', '4', '2', '2');
insert into EndScores (end_id, range_score_id, end_number, score_arrow1, score_arrow2, score_arrow3, score_arrow4, score_arrow5, score_arrow6) values ('1272', '212', '6', '9', '7', '6', '4', '2', '0');
insert into CompetitionEnrolments (archer_id, competition_id) values ('56', '2');
insert into RoundScores (round_score_id, archer_id, competition_id, round_score_date_time, equipment_id, round_def_id, total_score, category_id) values ('54', '56', '2', '2023-04-23 18:53:29.755', 'C', '1', '622', '2');
insert into RangeScores (range_score_id, round_score_id, round_range_id) values ('213', '54', '1');
insert into EndScores (end_id, range_score_id, end_number, score_arrow1, score_arrow2, score_arrow3, score_arrow4, score_arrow5, score_arrow6) values ('1273', '213', '1', '5', '4', '4', '4', '3', '0');
insert into EndScores (end_id, range_score_id, end_number, score_arrow1, score_arrow2, score_arrow3, score_arrow4, score_arrow5, score_arrow6) values ('1274', '213', '2', '9', '9', '8', '5', '5', '2');
insert into EndScores (end_id, range_score_id, end_number, score_arrow1, score_arrow2, score_arrow3, score_arrow4, score_arrow5, score_arrow6) values ('1275', '213', '3', '8', '8', '6', '6', '6', '2');
insert into EndScores (end_id, range_score_id, end_number, score_arrow1, score_arrow2, score_arrow3, score_arrow4, score_arrow5, score_arrow6) values ('1276', '213', '4', '9', '9', '8', '7', '5', '2');
insert into EndScores (end_id, range_score_id, end_number, score_arrow1, score_arrow2, score_arrow3, score_arrow4, score_arrow5, score_arrow6) values ('1277', '213', '5', '9', '5', '4', '3', '2', '0');
insert into EndScores (end_id, range_score_id, end_number, score_arrow1, score_arrow2, score_arrow3, score_arrow4, score_arrow5, score_arrow6) values ('1278', '213', '6', '3', '2', '1', '1', '0', '0');
insert into RangeScores (range_score_id, round_score_id, round_range_id) values ('214', '54', '2');
insert into EndScores (end_id, range_score_id, end_number, score_arrow1, score_arrow2, score_arrow3, score_arrow4, score_arrow5, score_arrow6) values ('1279', '214', '1', '9', '6', '5', '3', '3', '0');
insert into EndScores (end_id, range_score_id, end_number, score_arrow1, score_arrow2, score_arrow3, score_arrow4, score_arrow5, score_arrow6) values ('1280', '214', '2', '9', '9', '6', '6', '5', '3');
insert into EndScores (end_id, range_score_id, end_number, score_arrow1, score_arrow2, score_arrow3, score_arrow4, score_arrow5, score_arrow6) values ('1281', '214', '3', '7', '7', '6', '2', '2', '1');
insert into EndScores (end_id, range_score_id, end_number, score_arrow1, score_arrow2, score_arrow3, score_arrow4, score_arrow5, score_arrow6) values ('1282', '214', '4', '8', '4', '3', '3', '0', '0');
insert into EndScores (end_id, range_score_id, end_number, score_arrow1, score_arrow2, score_arrow3, score_arrow4, score_arrow5, score_arrow6) values ('1283', '214', '5', '8', '7', '4', '3', '1', '1');
insert into EndScores (end_id, range_score_id, end_number, score_arrow1, score_arrow2, score_arrow3, score_arrow4, score_arrow5, score_arrow6) values ('1284', '214', '6', '9', '8', '4', '2', '0', '0');
insert into RangeScores (range_score_id, round_score_id, round_range_id) values ('215', '54', '3');
insert into EndScores (end_id, range_score_id, end_number, score_arrow1, score_arrow2, score_arrow3, score_arrow4, score_arrow5, score_arrow6) values ('1285', '215', '1', '7', '6', '5', '3', '2', '0');
insert into EndScores (end_id, range_score_id, end_number, score_arrow1, score_arrow2, score_arrow3, score_arrow4, score_arrow5, score_arrow6) values ('1286', '215', '2', '9', '8', '5', '1', '1', '0');
insert into EndScores (end_id, range_score_id, end_number, score_arrow1, score_arrow2, score_arrow3, score_arrow4, score_arrow5, score_arrow6) values ('1287', '215', '3', '8', '5', '3', '3', '3', '3');
insert into EndScores (end_id, range_score_id, end_number, score_arrow1, score_arrow2, score_arrow3, score_arrow4, score_arrow5, score_arrow6) values ('1288', '215', '4', '8', '7', '5', '4', '3', '3');
insert into EndScores (end_id, range_score_id, end_number, score_arrow1, score_arrow2, score_arrow3, score_arrow4, score_arrow5, score_arrow6) values ('1289', '215', '5', '6', '6', '5', '2', '2', '1');
insert into EndScores (end_id, range_score_id, end_number, score_arrow1, score_arrow2, score_arrow3, score_arrow4, score_arrow5, score_arrow6) values ('1290', '215', '6', '8', '7', '6', '5', '5', '3');
insert into RangeScores (range_score_id, round_score_id, round_range_id) values ('216', '54', '4');
insert into EndScores (end_id, range_score_id, end_number, score_arrow1, score_arrow2, score_arrow3, score_arrow4, score_arrow5, score_arrow6) values ('1291', '216', '1', '8', '8', '7', '7', '3', '3');
insert into EndScores (end_id, range_score_id, end_number, score_arrow1, score_arrow2, score_arrow3, score_arrow4, score_arrow5, score_arrow6) values ('1292', '216', '2', '9', '3', '2', '2', '0', '0');
insert into EndScores (end_id, range_score_id, end_number, score_arrow1, score_arrow2, score_arrow3, score_arrow4, score_arrow5, score_arrow6) values ('1293', '216', '3', '7', '7', '3', '2', '0', '0');
insert into EndScores (end_id, range_score_id, end_number, score_arrow1, score_arrow2, score_arrow3, score_arrow4, score_arrow5, score_arrow6) values ('1294', '216', '4', '7', '7', '5', '5', '3', '0');
insert into EndScores (end_id, range_score_id, end_number, score_arrow1, score_arrow2, score_arrow3, score_arrow4, score_arrow5, score_arrow6) values ('1295', '216', '5', '7', '6', '6', '6', '3', '1');
insert into EndScores (end_id, range_score_id, end_number, score_arrow1, score_arrow2, score_arrow3, score_arrow4, score_arrow5, score_arrow6) values ('1296', '216', '6', '6', '5', '3', '2', '2', '1');
insert into CompetitionEnrolments (archer_id, competition_id) values ('57', '26');
insert into RoundScores (round_score_id, archer_id, competition_id, round_score_date_time, equipment_id, round_def_id, total_score, category_id) values ('55', '57', '26', '2023-04-23 9:16:57.496', 'C', '3', '678', '26');
insert into RangeScores (range_score_id, round_score_id, round_range_id) values ('217', '55', '9');
insert into EndScores (end_id, range_score_id, end_number, score_arrow1, score_arrow2, score_arrow3, score_arrow4, score_arrow5, score_arrow6) values ('1297', '217', '1', '9', '6', '5', '3', '2', '0');
insert into EndScores (end_id, range_score_id, end_number, score_arrow1, score_arrow2, score_arrow3, score_arrow4, score_arrow5, score_arrow6) values ('1298', '217', '2', '8', '8', '5', '3', '0', '0');
insert into EndScores (end_id, range_score_id, end_number, score_arrow1, score_arrow2, score_arrow3, score_arrow4, score_arrow5, score_arrow6) values ('1299', '217', '3', '9', '9', '9', '5', '2', '0');
insert into EndScores (end_id, range_score_id, end_number, score_arrow1, score_arrow2, score_arrow3, score_arrow4, score_arrow5, score_arrow6) values ('1300', '217', '4', '8', '6', '4', '3', '1', '0');
insert into EndScores (end_id, range_score_id, end_number, score_arrow1, score_arrow2, score_arrow3, score_arrow4, score_arrow5, score_arrow6) values ('1301', '217', '5', '8', '8', '8', '7', '6', '3');
insert into EndScores (end_id, range_score_id, end_number, score_arrow1, score_arrow2, score_arrow3, score_arrow4, score_arrow5, score_arrow6) values ('1302', '217', '6', '9', '7', '6', '6', '3', '2');
insert into RangeScores (range_score_id, round_score_id, round_range_id) values ('218', '55', '10');
insert into EndScores (end_id, range_score_id, end_number, score_arrow1, score_arrow2, score_arrow3, score_arrow4, score_arrow5, score_arrow6) values ('1303', '218', '1', '9', '8', '3', '3', '2', '0');
insert into EndScores (end_id, range_score_id, end_number, score_arrow1, score_arrow2, score_arrow3, score_arrow4, score_arrow5, score_arrow6) values ('1304', '218', '2', '9', '8', '6', '2', '2', '1');
insert into EndScores (end_id, range_score_id, end_number, score_arrow1, score_arrow2, score_arrow3, score_arrow4, score_arrow5, score_arrow6) values ('1305', '218', '3', '9', '7', '3', '2', '2', '0');
insert into EndScores (end_id, range_score_id, end_number, score_arrow1, score_arrow2, score_arrow3, score_arrow4, score_arrow5, score_arrow6) values ('1306', '218', '4', '6', '6', '5', '3', '2', '0');
insert into EndScores (end_id, range_score_id, end_number, score_arrow1, score_arrow2, score_arrow3, score_arrow4, score_arrow5, score_arrow6) values ('1307', '218', '5', '8', '8', '8', '7', '4', '1');
insert into EndScores (end_id, range_score_id, end_number, score_arrow1, score_arrow2, score_arrow3, score_arrow4, score_arrow5, score_arrow6) values ('1308', '218', '6', '9', '8', '7', '7', '5', '1');
insert into RangeScores (range_score_id, round_score_id, round_range_id) values ('219', '55', '11');
insert into EndScores (end_id, range_score_id, end_number, score_arrow1, score_arrow2, score_arrow3, score_arrow4, score_arrow5, score_arrow6) values ('1309', '219', '1', '9', '7', '7', '6', '6', '3');
insert into EndScores (end_id, range_score_id, end_number, score_arrow1, score_arrow2, score_arrow3, score_arrow4, score_arrow5, score_arrow6) values ('1310', '219', '2', '7', '5', '5', '4', '1', '0');
insert into EndScores (end_id, range_score_id, end_number, score_arrow1, score_arrow2, score_arrow3, score_arrow4, score_arrow5, score_arrow6) values ('1311', '219', '3', '8', '6', '5', '5', '4', '1');
insert into EndScores (end_id, range_score_id, end_number, score_arrow1, score_arrow2, score_arrow3, score_arrow4, score_arrow5, score_arrow6) values ('1312', '219', '4', '9', '7', '4', '3', '3', '1');
insert into EndScores (end_id, range_score_id, end_number, score_arrow1, score_arrow2, score_arrow3, score_arrow4, score_arrow5, score_arrow6) values ('1313', '219', '5', '9', '7', '6', '5', '4', '2');
insert into EndScores (end_id, range_score_id, end_number, score_arrow1, score_arrow2, score_arrow3, score_arrow4, score_arrow5, score_arrow6) values ('1314', '219', '6', '9', '8', '7', '7', '6', '5');
insert into RangeScores (range_score_id, round_score_id, round_range_id) values ('220', '55', '12');
insert into EndScores (end_id, range_score_id, end_number, score_arrow1, score_arrow2, score_arrow3, score_arrow4, score_arrow5, score_arrow6) values ('1315', '220', '1', '7', '6', '5', '2', '1', '0');
insert into EndScores (end_id, range_score_id, end_number, score_arrow1, score_arrow2, score_arrow3, score_arrow4, score_arrow5, score_arrow6) values ('1316', '220', '2', '8', '6', '5', '4', '3', '2');
insert into EndScores (end_id, range_score_id, end_number, score_arrow1, score_arrow2, score_arrow3, score_arrow4, score_arrow5, score_arrow6) values ('1317', '220', '3', '8', '6', '4', '1', '0', '0');
insert into EndScores (end_id, range_score_id, end_number, score_arrow1, score_arrow2, score_arrow3, score_arrow4, score_arrow5, score_arrow6) values ('1318', '220', '4', '9', '6', '3', '2', '2', '0');
insert into EndScores (end_id, range_score_id, end_number, score_arrow1, score_arrow2, score_arrow3, score_arrow4, score_arrow5, score_arrow6) values ('1319', '220', '5', '8', '5', '2', '2', '0', '0');
insert into EndScores (end_id, range_score_id, end_number, score_arrow1, score_arrow2, score_arrow3, score_arrow4, score_arrow5, score_arrow6) values ('1320', '220', '6', '8', '7', '6', '5', '5', '0');
insert into CompetitionEnrolments (archer_id, competition_id) values ('58', '6');
insert into RoundScores (round_score_id, archer_id, competition_id, round_score_date_time, equipment_id, round_def_id, total_score, category_id) values ('56', '58', '6', '2023-04-23 16:16:27.379', 'C', '2', '606', '6');
insert into RangeScores (range_score_id, round_score_id, round_range_id) values ('221', '56', '5');
insert into EndScores (end_id, range_score_id, end_number, score_arrow1, score_arrow2, score_arrow3, score_arrow4, score_arrow5, score_arrow6) values ('1321', '221', '1', '8', '6', '3', '2', '1', '0');
insert into EndScores (end_id, range_score_id, end_number, score_arrow1, score_arrow2, score_arrow3, score_arrow4, score_arrow5, score_arrow6) values ('1322', '221', '2', '9', '5', '4', '3', '0', '0');
insert into EndScores (end_id, range_score_id, end_number, score_arrow1, score_arrow2, score_arrow3, score_arrow4, score_arrow5, score_arrow6) values ('1323', '221', '3', '8', '7', '4', '4', '3', '1');
insert into EndScores (end_id, range_score_id, end_number, score_arrow1, score_arrow2, score_arrow3, score_arrow4, score_arrow5, score_arrow6) values ('1324', '221', '4', '9', '5', '3', '1', '1', '0');
insert into EndScores (end_id, range_score_id, end_number, score_arrow1, score_arrow2, score_arrow3, score_arrow4, score_arrow5, score_arrow6) values ('1325', '221', '5', '9', '5', '2', '2', '1', '0');
insert into EndScores (end_id, range_score_id, end_number, score_arrow1, score_arrow2, score_arrow3, score_arrow4, score_arrow5, score_arrow6) values ('1326', '221', '6', '8', '7', '6', '5', '1', '0');
insert into RangeScores (range_score_id, round_score_id, round_range_id) values ('222', '56', '6');
insert into EndScores (end_id, range_score_id, end_number, score_arrow1, score_arrow2, score_arrow3, score_arrow4, score_arrow5, score_arrow6) values ('1327', '222', '1', '9', '7', '3', '1', '0', '0');
insert into EndScores (end_id, range_score_id, end_number, score_arrow1, score_arrow2, score_arrow3, score_arrow4, score_arrow5, score_arrow6) values ('1328', '222', '2', '9', '8', '5', '3', '1', '0');
insert into EndScores (end_id, range_score_id, end_number, score_arrow1, score_arrow2, score_arrow3, score_arrow4, score_arrow5, score_arrow6) values ('1329', '222', '3', '9', '9', '7', '5', '4', '3');
insert into EndScores (end_id, range_score_id, end_number, score_arrow1, score_arrow2, score_arrow3, score_arrow4, score_arrow5, score_arrow6) values ('1330', '222', '4', '9', '9', '9', '8', '5', '2');
insert into EndScores (end_id, range_score_id, end_number, score_arrow1, score_arrow2, score_arrow3, score_arrow4, score_arrow5, score_arrow6) values ('1331', '222', '5', '7', '6', '5', '4', '4', '3');
insert into EndScores (end_id, range_score_id, end_number, score_arrow1, score_arrow2, score_arrow3, score_arrow4, score_arrow5, score_arrow6) values ('1332', '222', '6', '9', '7', '7', '3', '3', '1');
insert into RangeScores (range_score_id, round_score_id, round_range_id) values ('223', '56', '7');
insert into EndScores (end_id, range_score_id, end_number, score_arrow1, score_arrow2, score_arrow3, score_arrow4, score_arrow5, score_arrow6) values ('1333', '223', '1', '7', '5', '3', '3', '3', '1');
insert into EndScores (end_id, range_score_id, end_number, score_arrow1, score_arrow2, score_arrow3, score_arrow4, score_arrow5, score_arrow6) values ('1334', '223', '2', '9', '9', '4', '3', '2', '0');
insert into EndScores (end_id, range_score_id, end_number, score_arrow1, score_arrow2, score_arrow3, score_arrow4, score_arrow5, score_arrow6) values ('1335', '223', '3', '7', '7', '6', '5', '3', '2');
insert into EndScores (end_id, range_score_id, end_number, score_arrow1, score_arrow2, score_arrow3, score_arrow4, score_arrow5, score_arrow6) values ('1336', '223', '4', '9', '9', '3', '2', '2', '0');
insert into EndScores (end_id, range_score_id, end_number, score_arrow1, score_arrow2, score_arrow3, score_arrow4, score_arrow5, score_arrow6) values ('1337', '223', '5', '8', '7', '6', '5', '1', '1');
insert into EndScores (end_id, range_score_id, end_number, score_arrow1, score_arrow2, score_arrow3, score_arrow4, score_arrow5, score_arrow6) values ('1338', '223', '6', '8', '6', '3', '2', '2', '0');
insert into RangeScores (range_score_id, round_score_id, round_range_id) values ('224', '56', '8');
insert into EndScores (end_id, range_score_id, end_number, score_arrow1, score_arrow2, score_arrow3, score_arrow4, score_arrow5, score_arrow6) values ('1339', '224', '1', '9', '4', '2', '1', '1', '1');
insert into EndScores (end_id, range_score_id, end_number, score_arrow1, score_arrow2, score_arrow3, score_arrow4, score_arrow5, score_arrow6) values ('1340', '224', '2', '6', '4', '3', '3', '2', '1');
insert into EndScores (end_id, range_score_id, end_number, score_arrow1, score_arrow2, score_arrow3, score_arrow4, score_arrow5, score_arrow6) values ('1341', '224', '3', '9', '8', '7', '6', '3', '1');
insert into EndScores (end_id, range_score_id, end_number, score_arrow1, score_arrow2, score_arrow3, score_arrow4, score_arrow5, score_arrow6) values ('1342', '224', '4', '8', '8', '2', '1', '1', '0');
insert into EndScores (end_id, range_score_id, end_number, score_arrow1, score_arrow2, score_arrow3, score_arrow4, score_arrow5, score_arrow6) values ('1343', '224', '5', '9', '4', '4', '2', '2', '1');
insert into EndScores (end_id, range_score_id, end_number, score_arrow1, score_arrow2, score_arrow3, score_arrow4, score_arrow5, score_arrow6) values ('1344', '224', '6', '9', '8', '4', '2', '0', '0');
insert into CompetitionEnrolments (archer_id, competition_id) values ('59', '28');
insert into RoundScores (round_score_id, archer_id, competition_id, round_score_date_time, equipment_id, round_def_id, total_score, category_id) values ('57', '59', '28', '2023-04-23 16:1:50.387', 'L', '4', '645', '28');
insert into RangeScores (range_score_id, round_score_id, round_range_id) values ('225', '57', '13');
insert into EndScores (end_id, range_score_id, end_number, score_arrow1, score_arrow2, score_arrow3, score_arrow4, score_arrow5, score_arrow6) values ('1345', '225', '1', '9', '5', '4', '2', '1', '0');
insert into EndScores (end_id, range_score_id, end_number, score_arrow1, score_arrow2, score_arrow3, score_arrow4, score_arrow5, score_arrow6) values ('1346', '225', '2', '9', '8', '6', '2', '2', '0');
insert into EndScores (end_id, range_score_id, end_number, score_arrow1, score_arrow2, score_arrow3, score_arrow4, score_arrow5, score_arrow6) values ('1347', '225', '3', '9', '8', '7', '3', '2', '0');
insert into EndScores (end_id, range_score_id, end_number, score_arrow1, score_arrow2, score_arrow3, score_arrow4, score_arrow5, score_arrow6) values ('1348', '225', '4', '9', '5', '4', '4', '4', '0');
insert into EndScores (end_id, range_score_id, end_number, score_arrow1, score_arrow2, score_arrow3, score_arrow4, score_arrow5, score_arrow6) values ('1349', '225', '5', '8', '8', '8', '7', '2', '1');
insert into EndScores (end_id, range_score_id, end_number, score_arrow1, score_arrow2, score_arrow3, score_arrow4, score_arrow5, score_arrow6) values ('1350', '225', '6', '6', '6', '6', '5', '2', '0');
insert into RangeScores (range_score_id, round_score_id, round_range_id) values ('226', '57', '14');
insert into EndScores (end_id, range_score_id, end_number, score_arrow1, score_arrow2, score_arrow3, score_arrow4, score_arrow5, score_arrow6) values ('1351', '226', '1', '7', '6', '4', '2', '1', '0');
insert into EndScores (end_id, range_score_id, end_number, score_arrow1, score_arrow2, score_arrow3, score_arrow4, score_arrow5, score_arrow6) values ('1352', '226', '2', '8', '6', '5', '2', '2', '1');
insert into EndScores (end_id, range_score_id, end_number, score_arrow1, score_arrow2, score_arrow3, score_arrow4, score_arrow5, score_arrow6) values ('1353', '226', '3', '8', '8', '3', '1', '1', '0');
insert into EndScores (end_id, range_score_id, end_number, score_arrow1, score_arrow2, score_arrow3, score_arrow4, score_arrow5, score_arrow6) values ('1354', '226', '4', '9', '4', '2', '0', '0', '0');
insert into EndScores (end_id, range_score_id, end_number, score_arrow1, score_arrow2, score_arrow3, score_arrow4, score_arrow5, score_arrow6) values ('1355', '226', '5', '8', '7', '6', '3', '2', '0');
insert into EndScores (end_id, range_score_id, end_number, score_arrow1, score_arrow2, score_arrow3, score_arrow4, score_arrow5, score_arrow6) values ('1356', '226', '6', '9', '9', '9', '8', '5', '2');
insert into RangeScores (range_score_id, round_score_id, round_range_id) values ('227', '57', '15');
insert into EndScores (end_id, range_score_id, end_number, score_arrow1, score_arrow2, score_arrow3, score_arrow4, score_arrow5, score_arrow6) values ('1357', '227', '1', '5', '5', '5', '4', '4', '4');
insert into EndScores (end_id, range_score_id, end_number, score_arrow1, score_arrow2, score_arrow3, score_arrow4, score_arrow5, score_arrow6) values ('1358', '227', '2', '9', '8', '6', '5', '4', '1');
insert into EndScores (end_id, range_score_id, end_number, score_arrow1, score_arrow2, score_arrow3, score_arrow4, score_arrow5, score_arrow6) values ('1359', '227', '3', '9', '9', '8', '8', '8', '5');
insert into EndScores (end_id, range_score_id, end_number, score_arrow1, score_arrow2, score_arrow3, score_arrow4, score_arrow5, score_arrow6) values ('1360', '227', '4', '5', '3', '2', '1', '1', '0');
insert into EndScores (end_id, range_score_id, end_number, score_arrow1, score_arrow2, score_arrow3, score_arrow4, score_arrow5, score_arrow6) values ('1361', '227', '5', '7', '5', '2', '2', '2', '1');
insert into EndScores (end_id, range_score_id, end_number, score_arrow1, score_arrow2, score_arrow3, score_arrow4, score_arrow5, score_arrow6) values ('1362', '227', '6', '6', '6', '4', '3', '1', '0');
insert into RangeScores (range_score_id, round_score_id, round_range_id) values ('228', '57', '16');
insert into EndScores (end_id, range_score_id, end_number, score_arrow1, score_arrow2, score_arrow3, score_arrow4, score_arrow5, score_arrow6) values ('1363', '228', '1', '8', '8', '8', '6', '3', '2');
insert into EndScores (end_id, range_score_id, end_number, score_arrow1, score_arrow2, score_arrow3, score_arrow4, score_arrow5, score_arrow6) values ('1364', '228', '2', '8', '7', '4', '3', '3', '3');
insert into EndScores (end_id, range_score_id, end_number, score_arrow1, score_arrow2, score_arrow3, score_arrow4, score_arrow5, score_arrow6) values ('1365', '228', '3', '8', '5', '5', '2', '2', '1');
insert into EndScores (end_id, range_score_id, end_number, score_arrow1, score_arrow2, score_arrow3, score_arrow4, score_arrow5, score_arrow6) values ('1366', '228', '4', '6', '5', '5', '2', '2', '1');
insert into EndScores (end_id, range_score_id, end_number, score_arrow1, score_arrow2, score_arrow3, score_arrow4, score_arrow5, score_arrow6) values ('1367', '228', '5', '9', '7', '7', '5', '4', '3');
insert into EndScores (end_id, range_score_id, end_number, score_arrow1, score_arrow2, score_arrow3, score_arrow4, score_arrow5, score_arrow6) values ('1368', '228', '6', '8', '7', '7', '6', '5', '2');
insert into CompetitionEnrolments (archer_id, competition_id) values ('60', '29');
insert into RoundScores (round_score_id, archer_id, competition_id, round_score_date_time, equipment_id, round_def_id, total_score, category_id) values ('58', '60', '29', '2023-04-23 16:26:40.975', 'R', '4', '573', '29');
insert into RangeScores (range_score_id, round_score_id, round_range_id) values ('229', '58', '13');
insert into EndScores (end_id, range_score_id, end_number, score_arrow1, score_arrow2, score_arrow3, score_arrow4, score_arrow5, score_arrow6) values ('1369', '229', '1', '9', '6', '6', '5', '2', '0');
insert into EndScores (end_id, range_score_id, end_number, score_arrow1, score_arrow2, score_arrow3, score_arrow4, score_arrow5, score_arrow6) values ('1370', '229', '2', '7', '6', '4', '4', '1', '0');
insert into EndScores (end_id, range_score_id, end_number, score_arrow1, score_arrow2, score_arrow3, score_arrow4, score_arrow5, score_arrow6) values ('1371', '229', '3', '7', '3', '3', '2', '0', '0');
insert into EndScores (end_id, range_score_id, end_number, score_arrow1, score_arrow2, score_arrow3, score_arrow4, score_arrow5, score_arrow6) values ('1372', '229', '4', '8', '6', '4', '2', '2', '1');
insert into EndScores (end_id, range_score_id, end_number, score_arrow1, score_arrow2, score_arrow3, score_arrow4, score_arrow5, score_arrow6) values ('1373', '229', '5', '9', '8', '7', '5', '1', '0');
insert into EndScores (end_id, range_score_id, end_number, score_arrow1, score_arrow2, score_arrow3, score_arrow4, score_arrow5, score_arrow6) values ('1374', '229', '6', '9', '8', '4', '3', '3', '1');
insert into RangeScores (range_score_id, round_score_id, round_range_id) values ('230', '58', '14');
insert into EndScores (end_id, range_score_id, end_number, score_arrow1, score_arrow2, score_arrow3, score_arrow4, score_arrow5, score_arrow6) values ('1375', '230', '1', '5', '4', '2', '2', '1', '0');
insert into EndScores (end_id, range_score_id, end_number, score_arrow1, score_arrow2, score_arrow3, score_arrow4, score_arrow5, score_arrow6) values ('1376', '230', '2', '7', '6', '6', '5', '4', '1');
insert into EndScores (end_id, range_score_id, end_number, score_arrow1, score_arrow2, score_arrow3, score_arrow4, score_arrow5, score_arrow6) values ('1377', '230', '3', '9', '8', '5', '5', '3', '0');
insert into EndScores (end_id, range_score_id, end_number, score_arrow1, score_arrow2, score_arrow3, score_arrow4, score_arrow5, score_arrow6) values ('1378', '230', '4', '9', '8', '7', '6', '4', '0');
insert into EndScores (end_id, range_score_id, end_number, score_arrow1, score_arrow2, score_arrow3, score_arrow4, score_arrow5, score_arrow6) values ('1379', '230', '5', '7', '7', '7', '5', '4', '0');
insert into EndScores (end_id, range_score_id, end_number, score_arrow1, score_arrow2, score_arrow3, score_arrow4, score_arrow5, score_arrow6) values ('1380', '230', '6', '9', '8', '4', '2', '1', '0');
insert into RangeScores (range_score_id, round_score_id, round_range_id) values ('231', '58', '15');
insert into EndScores (end_id, range_score_id, end_number, score_arrow1, score_arrow2, score_arrow3, score_arrow4, score_arrow5, score_arrow6) values ('1381', '231', '1', '5', '4', '3', '1', '0', '0');
insert into EndScores (end_id, range_score_id, end_number, score_arrow1, score_arrow2, score_arrow3, score_arrow4, score_arrow5, score_arrow6) values ('1382', '231', '2', '8', '7', '7', '5', '3', '0');
insert into EndScores (end_id, range_score_id, end_number, score_arrow1, score_arrow2, score_arrow3, score_arrow4, score_arrow5, score_arrow6) values ('1383', '231', '3', '9', '7', '7', '6', '5', '2');
insert into EndScores (end_id, range_score_id, end_number, score_arrow1, score_arrow2, score_arrow3, score_arrow4, score_arrow5, score_arrow6) values ('1384', '231', '4', '3', '2', '1', '1', '0', '0');
insert into EndScores (end_id, range_score_id, end_number, score_arrow1, score_arrow2, score_arrow3, score_arrow4, score_arrow5, score_arrow6) values ('1385', '231', '5', '7', '6', '6', '3', '2', '0');
insert into EndScores (end_id, range_score_id, end_number, score_arrow1, score_arrow2, score_arrow3, score_arrow4, score_arrow5, score_arrow6) values ('1386', '231', '6', '9', '9', '7', '4', '1', '1');
insert into RangeScores (range_score_id, round_score_id, round_range_id) values ('232', '58', '16');
insert into EndScores (end_id, range_score_id, end_number, score_arrow1, score_arrow2, score_arrow3, score_arrow4, score_arrow5, score_arrow6) values ('1387', '232', '1', '4', '3', '3', '1', '1', '0');
insert into EndScores (end_id, range_score_id, end_number, score_arrow1, score_arrow2, score_arrow3, score_arrow4, score_arrow5, score_arrow6) values ('1388', '232', '2', '8', '3', '2', '1', '1', '0');
insert into EndScores (end_id, range_score_id, end_number, score_arrow1, score_arrow2, score_arrow3, score_arrow4, score_arrow5, score_arrow6) values ('1389', '232', '3', '9', '8', '6', '4', '2', '0');
insert into EndScores (end_id, range_score_id, end_number, score_arrow1, score_arrow2, score_arrow3, score_arrow4, score_arrow5, score_arrow6) values ('1390', '232', '4', '7', '6', '5', '3', '3', '2');
insert into EndScores (end_id, range_score_id, end_number, score_arrow1, score_arrow2, score_arrow3, score_arrow4, score_arrow5, score_arrow6) values ('1391', '232', '5', '9', '3', '3', '2', '1', '0');
insert into EndScores (end_id, range_score_id, end_number, score_arrow1, score_arrow2, score_arrow3, score_arrow4, score_arrow5, score_arrow6) values ('1392', '232', '6', '9', '6', '4', '3', '2', '1');
insert into CompetitionEnrolments (archer_id, competition_id) values ('61', '60');
insert into RoundScores (round_score_id, archer_id, competition_id, round_score_date_time, equipment_id, round_def_id, total_score, category_id) values ('59', '61', '60', '2023-04-23 10:36:29.127', 'L', '5', '671', '60');
insert into RangeScores (range_score_id, round_score_id, round_range_id) values ('233', '59', '17');
insert into EndScores (end_id, range_score_id, end_number, score_arrow1, score_arrow2, score_arrow3, score_arrow4, score_arrow5, score_arrow6) values ('1393', '233', '1', '7', '4', '4', '4', '3', '0');
insert into EndScores (end_id, range_score_id, end_number, score_arrow1, score_arrow2, score_arrow3, score_arrow4, score_arrow5, score_arrow6) values ('1394', '233', '2', '7', '7', '6', '4', '3', '2');
insert into EndScores (end_id, range_score_id, end_number, score_arrow1, score_arrow2, score_arrow3, score_arrow4, score_arrow5, score_arrow6) values ('1395', '233', '3', '9', '8', '4', '3', '3', '0');
insert into EndScores (end_id, range_score_id, end_number, score_arrow1, score_arrow2, score_arrow3, score_arrow4, score_arrow5, score_arrow6) values ('1396', '233', '4', '8', '8', '6', '5', '2', '0');
insert into EndScores (end_id, range_score_id, end_number, score_arrow1, score_arrow2, score_arrow3, score_arrow4, score_arrow5, score_arrow6) values ('1397', '233', '5', '9', '9', '7', '7', '5', '5');
insert into EndScores (end_id, range_score_id, end_number, score_arrow1, score_arrow2, score_arrow3, score_arrow4, score_arrow5, score_arrow6) values ('1398', '233', '6', '8', '4', '3', '3', '2', '1');
insert into RangeScores (range_score_id, round_score_id, round_range_id) values ('234', '59', '18');
insert into EndScores (end_id, range_score_id, end_number, score_arrow1, score_arrow2, score_arrow3, score_arrow4, score_arrow5, score_arrow6) values ('1399', '234', '1', '9', '8', '5', '1', '1', '0');
insert into EndScores (end_id, range_score_id, end_number, score_arrow1, score_arrow2, score_arrow3, score_arrow4, score_arrow5, score_arrow6) values ('1400', '234', '2', '6', '5', '4', '3', '1', '0');
insert into EndScores (end_id, range_score_id, end_number, score_arrow1, score_arrow2, score_arrow3, score_arrow4, score_arrow5, score_arrow6) values ('1401', '234', '3', '7', '6', '5', '2', '1', '0');
insert into EndScores (end_id, range_score_id, end_number, score_arrow1, score_arrow2, score_arrow3, score_arrow4, score_arrow5, score_arrow6) values ('1402', '234', '4', '8', '7', '6', '5', '4', '0');
insert into EndScores (end_id, range_score_id, end_number, score_arrow1, score_arrow2, score_arrow3, score_arrow4, score_arrow5, score_arrow6) values ('1403', '234', '5', '9', '7', '2', '2', '1', '1');
insert into EndScores (end_id, range_score_id, end_number, score_arrow1, score_arrow2, score_arrow3, score_arrow4, score_arrow5, score_arrow6) values ('1404', '234', '6', '8', '7', '7', '5', '3', '1');
insert into RangeScores (range_score_id, round_score_id, round_range_id) values ('235', '59', '19');
insert into EndScores (end_id, range_score_id, end_number, score_arrow1, score_arrow2, score_arrow3, score_arrow4, score_arrow5, score_arrow6) values ('1405', '235', '1', '6', '4', '4', '4', '3', '1');
insert into EndScores (end_id, range_score_id, end_number, score_arrow1, score_arrow2, score_arrow3, score_arrow4, score_arrow5, score_arrow6) values ('1406', '235', '2', '9', '9', '8', '8', '5', '1');
insert into EndScores (end_id, range_score_id, end_number, score_arrow1, score_arrow2, score_arrow3, score_arrow4, score_arrow5, score_arrow6) values ('1407', '235', '3', '5', '2', '2', '1', '0', '0');
insert into EndScores (end_id, range_score_id, end_number, score_arrow1, score_arrow2, score_arrow3, score_arrow4, score_arrow5, score_arrow6) values ('1408', '235', '4', '9', '8', '8', '7', '6', '1');
insert into EndScores (end_id, range_score_id, end_number, score_arrow1, score_arrow2, score_arrow3, score_arrow4, score_arrow5, score_arrow6) values ('1409', '235', '5', '9', '8', '8', '8', '6', '3');
insert into EndScores (end_id, range_score_id, end_number, score_arrow1, score_arrow2, score_arrow3, score_arrow4, score_arrow5, score_arrow6) values ('1410', '235', '6', '8', '7', '6', '6', '3', '2');
insert into RangeScores (range_score_id, round_score_id, round_range_id) values ('236', '59', '20');
insert into EndScores (end_id, range_score_id, end_number, score_arrow1, score_arrow2, score_arrow3, score_arrow4, score_arrow5, score_arrow6) values ('1411', '236', '1', '8', '6', '4', '1', '1', '0');
insert into EndScores (end_id, range_score_id, end_number, score_arrow1, score_arrow2, score_arrow3, score_arrow4, score_arrow5, score_arrow6) values ('1412', '236', '2', '9', '8', '7', '7', '7', '5');
insert into EndScores (end_id, range_score_id, end_number, score_arrow1, score_arrow2, score_arrow3, score_arrow4, score_arrow5, score_arrow6) values ('1413', '236', '3', '8', '6', '6', '4', '4', '3');
insert into EndScores (end_id, range_score_id, end_number, score_arrow1, score_arrow2, score_arrow3, score_arrow4, score_arrow5, score_arrow6) values ('1414', '236', '4', '6', '4', '4', '3', '1', '0');
insert into EndScores (end_id, range_score_id, end_number, score_arrow1, score_arrow2, score_arrow3, score_arrow4, score_arrow5, score_arrow6) values ('1415', '236', '5', '9', '8', '6', '6', '5', '3');
insert into EndScores (end_id, range_score_id, end_number, score_arrow1, score_arrow2, score_arrow3, score_arrow4, score_arrow5, score_arrow6) values ('1416', '236', '6', '7', '5', '5', '2', '1', '0');
insert into CompetitionEnrolments (archer_id, competition_id) values ('62', '8');
insert into RoundScores (round_score_id, archer_id, competition_id, round_score_date_time, equipment_id, round_def_id, total_score, category_id) values ('60', '62', '8', '2023-04-23 13:12:34.896', 'L', '4', '655', '8');
insert into RangeScores (range_score_id, round_score_id, round_range_id) values ('237', '60', '13');
insert into EndScores (end_id, range_score_id, end_number, score_arrow1, score_arrow2, score_arrow3, score_arrow4, score_arrow5, score_arrow6) values ('1417', '237', '1', '9', '6', '4', '4', '2', '0');
insert into EndScores (end_id, range_score_id, end_number, score_arrow1, score_arrow2, score_arrow3, score_arrow4, score_arrow5, score_arrow6) values ('1418', '237', '2', '7', '6', '4', '3', '2', '1');
insert into EndScores (end_id, range_score_id, end_number, score_arrow1, score_arrow2, score_arrow3, score_arrow4, score_arrow5, score_arrow6) values ('1419', '237', '3', '9', '8', '7', '5', '3', '3');
insert into EndScores (end_id, range_score_id, end_number, score_arrow1, score_arrow2, score_arrow3, score_arrow4, score_arrow5, score_arrow6) values ('1420', '237', '4', '5', '4', '3', '3', '3', '2');
insert into EndScores (end_id, range_score_id, end_number, score_arrow1, score_arrow2, score_arrow3, score_arrow4, score_arrow5, score_arrow6) values ('1421', '237', '5', '7', '7', '6', '5', '3', '0');
insert into EndScores (end_id, range_score_id, end_number, score_arrow1, score_arrow2, score_arrow3, score_arrow4, score_arrow5, score_arrow6) values ('1422', '237', '6', '9', '9', '9', '5', '1', '0');
insert into RangeScores (range_score_id, round_score_id, round_range_id) values ('238', '60', '14');
insert into EndScores (end_id, range_score_id, end_number, score_arrow1, score_arrow2, score_arrow3, score_arrow4, score_arrow5, score_arrow6) values ('1423', '238', '1', '5', '3', '3', '1', '1', '0');
insert into EndScores (end_id, range_score_id, end_number, score_arrow1, score_arrow2, score_arrow3, score_arrow4, score_arrow5, score_arrow6) values ('1424', '238', '2', '9', '9', '8', '7', '5', '0');
insert into EndScores (end_id, range_score_id, end_number, score_arrow1, score_arrow2, score_arrow3, score_arrow4, score_arrow5, score_arrow6) values ('1425', '238', '3', '4', '4', '3', '2', '1', '0');
insert into EndScores (end_id, range_score_id, end_number, score_arrow1, score_arrow2, score_arrow3, score_arrow4, score_arrow5, score_arrow6) values ('1426', '238', '4', '9', '7', '6', '4', '4', '3');
insert into EndScores (end_id, range_score_id, end_number, score_arrow1, score_arrow2, score_arrow3, score_arrow4, score_arrow5, score_arrow6) values ('1427', '238', '5', '8', '5', '4', '3', '2', '0');
insert into EndScores (end_id, range_score_id, end_number, score_arrow1, score_arrow2, score_arrow3, score_arrow4, score_arrow5, score_arrow6) values ('1428', '238', '6', '9', '7', '4', '3', '0', '0');
insert into RangeScores (range_score_id, round_score_id, round_range_id) values ('239', '60', '15');
insert into EndScores (end_id, range_score_id, end_number, score_arrow1, score_arrow2, score_arrow3, score_arrow4, score_arrow5, score_arrow6) values ('1429', '239', '1', '8', '8', '5', '5', '5', '3');
insert into EndScores (end_id, range_score_id, end_number, score_arrow1, score_arrow2, score_arrow3, score_arrow4, score_arrow5, score_arrow6) values ('1430', '239', '2', '9', '8', '6', '5', '3', '2');
insert into EndScores (end_id, range_score_id, end_number, score_arrow1, score_arrow2, score_arrow3, score_arrow4, score_arrow5, score_arrow6) values ('1431', '239', '3', '9', '8', '6', '6', '5', '0');
insert into EndScores (end_id, range_score_id, end_number, score_arrow1, score_arrow2, score_arrow3, score_arrow4, score_arrow5, score_arrow6) values ('1432', '239', '4', '8', '8', '6', '6', '5', '2');
insert into EndScores (end_id, range_score_id, end_number, score_arrow1, score_arrow2, score_arrow3, score_arrow4, score_arrow5, score_arrow6) values ('1433', '239', '5', '9', '5', '4', '3', '3', '0');
insert into EndScores (end_id, range_score_id, end_number, score_arrow1, score_arrow2, score_arrow3, score_arrow4, score_arrow5, score_arrow6) values ('1434', '239', '6', '8', '7', '7', '6', '0', '0');
insert into RangeScores (range_score_id, round_score_id, round_range_id) values ('240', '60', '16');
insert into EndScores (end_id, range_score_id, end_number, score_arrow1, score_arrow2, score_arrow3, score_arrow4, score_arrow5, score_arrow6) values ('1435', '240', '1', '9', '9', '9', '8', '5', '4');
insert into EndScores (end_id, range_score_id, end_number, score_arrow1, score_arrow2, score_arrow3, score_arrow4, score_arrow5, score_arrow6) values ('1436', '240', '2', '9', '8', '5', '3', '0', '0');
insert into EndScores (end_id, range_score_id, end_number, score_arrow1, score_arrow2, score_arrow3, score_arrow4, score_arrow5, score_arrow6) values ('1437', '240', '3', '6', '5', '3', '3', '1', '0');
insert into EndScores (end_id, range_score_id, end_number, score_arrow1, score_arrow2, score_arrow3, score_arrow4, score_arrow5, score_arrow6) values ('1438', '240', '4', '6', '5', '5', '2', '2', '1');
insert into EndScores (end_id, range_score_id, end_number, score_arrow1, score_arrow2, score_arrow3, score_arrow4, score_arrow5, score_arrow6) values ('1439', '240', '5', '7', '6', '5', '4', '2', '1');
insert into EndScores (end_id, range_score_id, end_number, score_arrow1, score_arrow2, score_arrow3, score_arrow4, score_arrow5, score_arrow6) values ('1440', '240', '6', '9', '8', '4', '3', '2', '1');
insert into CompetitionEnrolments (archer_id, competition_id) values ('63', '4');
insert into RoundScores (round_score_id, archer_id, competition_id, round_score_date_time, equipment_id, round_def_id, total_score, category_id) values ('61', '63', '4', '2023-04-23 17:17:45.610', 'L', '3', '607', '4');
insert into RangeScores (range_score_id, round_score_id, round_range_id) values ('241', '61', '9');
insert into EndScores (end_id, range_score_id, end_number, score_arrow1, score_arrow2, score_arrow3, score_arrow4, score_arrow5, score_arrow6) values ('1441', '241', '1', '9', '9', '8', '2', '1', '1');
insert into EndScores (end_id, range_score_id, end_number, score_arrow1, score_arrow2, score_arrow3, score_arrow4, score_arrow5, score_arrow6) values ('1442', '241', '2', '9', '6', '4', '2', '2', '1');
insert into EndScores (end_id, range_score_id, end_number, score_arrow1, score_arrow2, score_arrow3, score_arrow4, score_arrow5, score_arrow6) values ('1443', '241', '3', '9', '7', '4', '3', '1', '0');
insert into EndScores (end_id, range_score_id, end_number, score_arrow1, score_arrow2, score_arrow3, score_arrow4, score_arrow5, score_arrow6) values ('1444', '241', '4', '6', '6', '5', '5', '4', '1');
insert into EndScores (end_id, range_score_id, end_number, score_arrow1, score_arrow2, score_arrow3, score_arrow4, score_arrow5, score_arrow6) values ('1445', '241', '5', '8', '6', '5', '4', '0', '0');
insert into EndScores (end_id, range_score_id, end_number, score_arrow1, score_arrow2, score_arrow3, score_arrow4, score_arrow5, score_arrow6) values ('1446', '241', '6', '8', '7', '6', '4', '3', '3');
insert into RangeScores (range_score_id, round_score_id, round_range_id) values ('242', '61', '10');
insert into EndScores (end_id, range_score_id, end_number, score_arrow1, score_arrow2, score_arrow3, score_arrow4, score_arrow5, score_arrow6) values ('1447', '242', '1', '8', '5', '4', '2', '1', '1');
insert into EndScores (end_id, range_score_id, end_number, score_arrow1, score_arrow2, score_arrow3, score_arrow4, score_arrow5, score_arrow6) values ('1448', '242', '2', '5', '3', '3', '3', '2', '2');
insert into EndScores (end_id, range_score_id, end_number, score_arrow1, score_arrow2, score_arrow3, score_arrow4, score_arrow5, score_arrow6) values ('1449', '242', '3', '6', '5', '4', '2', '1', '0');
insert into EndScores (end_id, range_score_id, end_number, score_arrow1, score_arrow2, score_arrow3, score_arrow4, score_arrow5, score_arrow6) values ('1450', '242', '4', '9', '4', '4', '4', '3', '1');
insert into EndScores (end_id, range_score_id, end_number, score_arrow1, score_arrow2, score_arrow3, score_arrow4, score_arrow5, score_arrow6) values ('1451', '242', '5', '9', '8', '7', '3', '3', '3');
insert into EndScores (end_id, range_score_id, end_number, score_arrow1, score_arrow2, score_arrow3, score_arrow4, score_arrow5, score_arrow6) values ('1452', '242', '6', '9', '8', '7', '6', '5', '1');
insert into RangeScores (range_score_id, round_score_id, round_range_id) values ('243', '61', '11');
insert into EndScores (end_id, range_score_id, end_number, score_arrow1, score_arrow2, score_arrow3, score_arrow4, score_arrow5, score_arrow6) values ('1453', '243', '1', '9', '7', '6', '5', '2', '2');
insert into EndScores (end_id, range_score_id, end_number, score_arrow1, score_arrow2, score_arrow3, score_arrow4, score_arrow5, score_arrow6) values ('1454', '243', '2', '7', '5', '5', '4', '0', '0');
insert into EndScores (end_id, range_score_id, end_number, score_arrow1, score_arrow2, score_arrow3, score_arrow4, score_arrow5, score_arrow6) values ('1455', '243', '3', '7', '4', '4', '3', '0', '0');
insert into EndScores (end_id, range_score_id, end_number, score_arrow1, score_arrow2, score_arrow3, score_arrow4, score_arrow5, score_arrow6) values ('1456', '243', '4', '9', '8', '2', '2', '1', '0');
insert into EndScores (end_id, range_score_id, end_number, score_arrow1, score_arrow2, score_arrow3, score_arrow4, score_arrow5, score_arrow6) values ('1457', '243', '5', '5', '2', '2', '1', '1', '1');
insert into EndScores (end_id, range_score_id, end_number, score_arrow1, score_arrow2, score_arrow3, score_arrow4, score_arrow5, score_arrow6) values ('1458', '243', '6', '7', '6', '5', '4', '4', '0');
insert into RangeScores (range_score_id, round_score_id, round_range_id) values ('244', '61', '12');
insert into EndScores (end_id, range_score_id, end_number, score_arrow1, score_arrow2, score_arrow3, score_arrow4, score_arrow5, score_arrow6) values ('1459', '244', '1', '9', '8', '5', '1', '1', '0');
insert into EndScores (end_id, range_score_id, end_number, score_arrow1, score_arrow2, score_arrow3, score_arrow4, score_arrow5, score_arrow6) values ('1460', '244', '2', '9', '8', '7', '2', '0', '0');
insert into EndScores (end_id, range_score_id, end_number, score_arrow1, score_arrow2, score_arrow3, score_arrow4, score_arrow5, score_arrow6) values ('1461', '244', '3', '8', '7', '6', '5', '4', '3');
insert into EndScores (end_id, range_score_id, end_number, score_arrow1, score_arrow2, score_arrow3, score_arrow4, score_arrow5, score_arrow6) values ('1462', '244', '4', '8', '8', '7', '4', '1', '0');
insert into EndScores (end_id, range_score_id, end_number, score_arrow1, score_arrow2, score_arrow3, score_arrow4, score_arrow5, score_arrow6) values ('1463', '244', '5', '9', '6', '2', '0', '0', '0');
insert into EndScores (end_id, range_score_id, end_number, score_arrow1, score_arrow2, score_arrow3, score_arrow4, score_arrow5, score_arrow6) values ('1464', '244', '6', '9', '9', '8', '5', '5', '3');
insert into CompetitionEnrolments (archer_id, competition_id) values ('64', '7');
insert into RoundScores (round_score_id, archer_id, competition_id, round_score_date_time, equipment_id, round_def_id, total_score, category_id) values ('62', '64', '7', '2023-04-23 14:3:41.344', 'B', '3', '613', '7');
insert into RangeScores (range_score_id, round_score_id, round_range_id) values ('245', '62', '9');
insert into EndScores (end_id, range_score_id, end_number, score_arrow1, score_arrow2, score_arrow3, score_arrow4, score_arrow5, score_arrow6) values ('1465', '245', '1', '7', '6', '5', '4', '1', '0');
insert into EndScores (end_id, range_score_id, end_number, score_arrow1, score_arrow2, score_arrow3, score_arrow4, score_arrow5, score_arrow6) values ('1466', '245', '2', '9', '6', '3', '2', '0', '0');
insert into EndScores (end_id, range_score_id, end_number, score_arrow1, score_arrow2, score_arrow3, score_arrow4, score_arrow5, score_arrow6) values ('1467', '245', '3', '7', '6', '4', '4', '1', '0');
insert into EndScores (end_id, range_score_id, end_number, score_arrow1, score_arrow2, score_arrow3, score_arrow4, score_arrow5, score_arrow6) values ('1468', '245', '4', '9', '8', '6', '3', '2', '1');
insert into EndScores (end_id, range_score_id, end_number, score_arrow1, score_arrow2, score_arrow3, score_arrow4, score_arrow5, score_arrow6) values ('1469', '245', '5', '8', '8', '8', '6', '1', '0');
insert into EndScores (end_id, range_score_id, end_number, score_arrow1, score_arrow2, score_arrow3, score_arrow4, score_arrow5, score_arrow6) values ('1470', '245', '6', '7', '7', '4', '2', '1', '0');
insert into RangeScores (range_score_id, round_score_id, round_range_id) values ('246', '62', '10');
insert into EndScores (end_id, range_score_id, end_number, score_arrow1, score_arrow2, score_arrow3, score_arrow4, score_arrow5, score_arrow6) values ('1471', '246', '1', '9', '8', '8', '7', '5', '2');
insert into EndScores (end_id, range_score_id, end_number, score_arrow1, score_arrow2, score_arrow3, score_arrow4, score_arrow5, score_arrow6) values ('1472', '246', '2', '9', '8', '4', '3', '1', '0');
insert into EndScores (end_id, range_score_id, end_number, score_arrow1, score_arrow2, score_arrow3, score_arrow4, score_arrow5, score_arrow6) values ('1473', '246', '3', '5', '4', '2', '1', '1', '1');
insert into EndScores (end_id, range_score_id, end_number, score_arrow1, score_arrow2, score_arrow3, score_arrow4, score_arrow5, score_arrow6) values ('1474', '246', '4', '6', '5', '3', '1', '1', '1');
insert into EndScores (end_id, range_score_id, end_number, score_arrow1, score_arrow2, score_arrow3, score_arrow4, score_arrow5, score_arrow6) values ('1475', '246', '5', '6', '6', '1', '1', '1', '0');
insert into EndScores (end_id, range_score_id, end_number, score_arrow1, score_arrow2, score_arrow3, score_arrow4, score_arrow5, score_arrow6) values ('1476', '246', '6', '9', '4', '3', '3', '3', '0');
insert into RangeScores (range_score_id, round_score_id, round_range_id) values ('247', '62', '11');
insert into EndScores (end_id, range_score_id, end_number, score_arrow1, score_arrow2, score_arrow3, score_arrow4, score_arrow5, score_arrow6) values ('1477', '247', '1', '9', '9', '4', '4', '4', '3');
insert into EndScores (end_id, range_score_id, end_number, score_arrow1, score_arrow2, score_arrow3, score_arrow4, score_arrow5, score_arrow6) values ('1478', '247', '2', '9', '8', '8', '3', '1', '0');
insert into EndScores (end_id, range_score_id, end_number, score_arrow1, score_arrow2, score_arrow3, score_arrow4, score_arrow5, score_arrow6) values ('1479', '247', '3', '9', '9', '8', '5', '2', '0');
insert into EndScores (end_id, range_score_id, end_number, score_arrow1, score_arrow2, score_arrow3, score_arrow4, score_arrow5, score_arrow6) values ('1480', '247', '4', '9', '8', '6', '6', '3', '2');
insert into EndScores (end_id, range_score_id, end_number, score_arrow1, score_arrow2, score_arrow3, score_arrow4, score_arrow5, score_arrow6) values ('1481', '247', '5', '9', '8', '8', '6', '2', '2');
insert into EndScores (end_id, range_score_id, end_number, score_arrow1, score_arrow2, score_arrow3, score_arrow4, score_arrow5, score_arrow6) values ('1482', '247', '6', '6', '5', '5', '4', '2', '0');
insert into RangeScores (range_score_id, round_score_id, round_range_id) values ('248', '62', '12');
insert into EndScores (end_id, range_score_id, end_number, score_arrow1, score_arrow2, score_arrow3, score_arrow4, score_arrow5, score_arrow6) values ('1483', '248', '1', '8', '6', '5', '4', '3', '0');
insert into EndScores (end_id, range_score_id, end_number, score_arrow1, score_arrow2, score_arrow3, score_arrow4, score_arrow5, score_arrow6) values ('1484', '248', '2', '8', '6', '5', '3', '3', '3');
insert into EndScores (end_id, range_score_id, end_number, score_arrow1, score_arrow2, score_arrow3, score_arrow4, score_arrow5, score_arrow6) values ('1485', '248', '3', '8', '6', '4', '3', '0', '0');
insert into EndScores (end_id, range_score_id, end_number, score_arrow1, score_arrow2, score_arrow3, score_arrow4, score_arrow5, score_arrow6) values ('1486', '248', '4', '9', '7', '5', '2', '0', '0');
insert into EndScores (end_id, range_score_id, end_number, score_arrow1, score_arrow2, score_arrow3, score_arrow4, score_arrow5, score_arrow6) values ('1487', '248', '5', '9', '9', '6', '3', '2', '1');
insert into EndScores (end_id, range_score_id, end_number, score_arrow1, score_arrow2, score_arrow3, score_arrow4, score_arrow5, score_arrow6) values ('1488', '248', '6', '7', '5', '5', '2', '2', '0');
insert into CompetitionEnrolments (archer_id, competition_id) values ('65', '2');
insert into RoundScores (round_score_id, archer_id, competition_id, round_score_date_time, equipment_id, round_def_id, total_score, category_id) values ('63', '65', '2', '2023-04-23 11:26:7.14', 'C', '1', '596', '2');
insert into RangeScores (range_score_id, round_score_id, round_range_id) values ('249', '63', '1');
insert into EndScores (end_id, range_score_id, end_number, score_arrow1, score_arrow2, score_arrow3, score_arrow4, score_arrow5, score_arrow6) values ('1489', '249', '1', '6', '5', '5', '2', '2', '1');
insert into EndScores (end_id, range_score_id, end_number, score_arrow1, score_arrow2, score_arrow3, score_arrow4, score_arrow5, score_arrow6) values ('1490', '249', '2', '9', '8', '8', '5', '3', '0');
insert into EndScores (end_id, range_score_id, end_number, score_arrow1, score_arrow2, score_arrow3, score_arrow4, score_arrow5, score_arrow6) values ('1491', '249', '3', '8', '7', '7', '1', '0', '0');
insert into EndScores (end_id, range_score_id, end_number, score_arrow1, score_arrow2, score_arrow3, score_arrow4, score_arrow5, score_arrow6) values ('1492', '249', '4', '6', '5', '5', '2', '2', '1');
insert into EndScores (end_id, range_score_id, end_number, score_arrow1, score_arrow2, score_arrow3, score_arrow4, score_arrow5, score_arrow6) values ('1493', '249', '5', '5', '5', '4', '2', '0', '0');
insert into EndScores (end_id, range_score_id, end_number, score_arrow1, score_arrow2, score_arrow3, score_arrow4, score_arrow5, score_arrow6) values ('1494', '249', '6', '8', '8', '6', '3', '1', '1');
insert into RangeScores (range_score_id, round_score_id, round_range_id) values ('250', '63', '2');
insert into EndScores (end_id, range_score_id, end_number, score_arrow1, score_arrow2, score_arrow3, score_arrow4, score_arrow5, score_arrow6) values ('1495', '250', '1', '9', '9', '7', '4', '2', '2');
insert into EndScores (end_id, range_score_id, end_number, score_arrow1, score_arrow2, score_arrow3, score_arrow4, score_arrow5, score_arrow6) values ('1496', '250', '2', '7', '3', '3', '3', '2', '0');
insert into EndScores (end_id, range_score_id, end_number, score_arrow1, score_arrow2, score_arrow3, score_arrow4, score_arrow5, score_arrow6) values ('1497', '250', '3', '8', '7', '7', '6', '4', '0');
insert into EndScores (end_id, range_score_id, end_number, score_arrow1, score_arrow2, score_arrow3, score_arrow4, score_arrow5, score_arrow6) values ('1498', '250', '4', '9', '9', '5', '3', '3', '2');
insert into EndScores (end_id, range_score_id, end_number, score_arrow1, score_arrow2, score_arrow3, score_arrow4, score_arrow5, score_arrow6) values ('1499', '250', '5', '6', '6', '6', '5', '3', '1');
insert into EndScores (end_id, range_score_id, end_number, score_arrow1, score_arrow2, score_arrow3, score_arrow4, score_arrow5, score_arrow6) values ('1500', '250', '6', '7', '5', '5', '4', '3', '1');
insert into RangeScores (range_score_id, round_score_id, round_range_id) values ('251', '63', '3');
insert into EndScores (end_id, range_score_id, end_number, score_arrow1, score_arrow2, score_arrow3, score_arrow4, score_arrow5, score_arrow6) values ('1501', '251', '1', '7', '4', '4', '3', '2', '0');
insert into EndScores (end_id, range_score_id, end_number, score_arrow1, score_arrow2, score_arrow3, score_arrow4, score_arrow5, score_arrow6) values ('1502', '251', '2', '8', '5', '3', '3', '0', '0');
insert into EndScores (end_id, range_score_id, end_number, score_arrow1, score_arrow2, score_arrow3, score_arrow4, score_arrow5, score_arrow6) values ('1503', '251', '3', '7', '6', '5', '3', '1', '1');
insert into EndScores (end_id, range_score_id, end_number, score_arrow1, score_arrow2, score_arrow3, score_arrow4, score_arrow5, score_arrow6) values ('1504', '251', '4', '8', '8', '7', '6', '3', '0');
insert into EndScores (end_id, range_score_id, end_number, score_arrow1, score_arrow2, score_arrow3, score_arrow4, score_arrow5, score_arrow6) values ('1505', '251', '5', '7', '3', '3', '1', '1', '0');
insert into EndScores (end_id, range_score_id, end_number, score_arrow1, score_arrow2, score_arrow3, score_arrow4, score_arrow5, score_arrow6) values ('1506', '251', '6', '9', '4', '4', '2', '1', '1');
insert into RangeScores (range_score_id, round_score_id, round_range_id) values ('252', '63', '4');
insert into EndScores (end_id, range_score_id, end_number, score_arrow1, score_arrow2, score_arrow3, score_arrow4, score_arrow5, score_arrow6) values ('1507', '252', '1', '9', '7', '6', '4', '2', '2');
insert into EndScores (end_id, range_score_id, end_number, score_arrow1, score_arrow2, score_arrow3, score_arrow4, score_arrow5, score_arrow6) values ('1508', '252', '2', '9', '8', '5', '4', '4', '3');
insert into EndScores (end_id, range_score_id, end_number, score_arrow1, score_arrow2, score_arrow3, score_arrow4, score_arrow5, score_arrow6) values ('1509', '252', '3', '8', '7', '5', '2', '2', '0');
insert into EndScores (end_id, range_score_id, end_number, score_arrow1, score_arrow2, score_arrow3, score_arrow4, score_arrow5, score_arrow6) values ('1510', '252', '4', '5', '5', '5', '4', '3', '1');
insert into EndScores (end_id, range_score_id, end_number, score_arrow1, score_arrow2, score_arrow3, score_arrow4, score_arrow5, score_arrow6) values ('1511', '252', '5', '7', '7', '4', '3', '2', '0');
insert into EndScores (end_id, range_score_id, end_number, score_arrow1, score_arrow2, score_arrow3, score_arrow4, score_arrow5, score_arrow6) values ('1512', '252', '6', '9', '5', '5', '5', '1', '1');
insert into CompetitionEnrolments (archer_id, competition_id) values ('66', '32');
insert into RoundScores (round_score_id, archer_id, competition_id, round_score_date_time, equipment_id, round_def_id, total_score, category_id) values ('64', '66', '32', '2023-04-23 16:50:50.906', 'L', '4', '613', '32');
insert into RangeScores (range_score_id, round_score_id, round_range_id) values ('253', '64', '13');
insert into EndScores (end_id, range_score_id, end_number, score_arrow1, score_arrow2, score_arrow3, score_arrow4, score_arrow5, score_arrow6) values ('1513', '253', '1', '6', '5', '2', '2', '0', '0');
insert into EndScores (end_id, range_score_id, end_number, score_arrow1, score_arrow2, score_arrow3, score_arrow4, score_arrow5, score_arrow6) values ('1514', '253', '2', '9', '7', '5', '3', '2', '0');
insert into EndScores (end_id, range_score_id, end_number, score_arrow1, score_arrow2, score_arrow3, score_arrow4, score_arrow5, score_arrow6) values ('1515', '253', '3', '9', '5', '4', '4', '3', '2');
insert into EndScores (end_id, range_score_id, end_number, score_arrow1, score_arrow2, score_arrow3, score_arrow4, score_arrow5, score_arrow6) values ('1516', '253', '4', '5', '4', '3', '3', '2', '2');
insert into EndScores (end_id, range_score_id, end_number, score_arrow1, score_arrow2, score_arrow3, score_arrow4, score_arrow5, score_arrow6) values ('1517', '253', '5', '9', '3', '2', '2', '1', '0');
insert into EndScores (end_id, range_score_id, end_number, score_arrow1, score_arrow2, score_arrow3, score_arrow4, score_arrow5, score_arrow6) values ('1518', '253', '6', '9', '9', '9', '9', '3', '0');
insert into RangeScores (range_score_id, round_score_id, round_range_id) values ('254', '64', '14');
insert into EndScores (end_id, range_score_id, end_number, score_arrow1, score_arrow2, score_arrow3, score_arrow4, score_arrow5, score_arrow6) values ('1519', '254', '1', '8', '8', '7', '6', '2', '2');
insert into EndScores (end_id, range_score_id, end_number, score_arrow1, score_arrow2, score_arrow3, score_arrow4, score_arrow5, score_arrow6) values ('1520', '254', '2', '9', '5', '1', '1', '1', '0');
insert into EndScores (end_id, range_score_id, end_number, score_arrow1, score_arrow2, score_arrow3, score_arrow4, score_arrow5, score_arrow6) values ('1521', '254', '3', '8', '8', '7', '7', '6', '6');
insert into EndScores (end_id, range_score_id, end_number, score_arrow1, score_arrow2, score_arrow3, score_arrow4, score_arrow5, score_arrow6) values ('1522', '254', '4', '7', '4', '3', '2', '1', '1');
insert into EndScores (end_id, range_score_id, end_number, score_arrow1, score_arrow2, score_arrow3, score_arrow4, score_arrow5, score_arrow6) values ('1523', '254', '5', '9', '7', '3', '1', '1', '0');
insert into EndScores (end_id, range_score_id, end_number, score_arrow1, score_arrow2, score_arrow3, score_arrow4, score_arrow5, score_arrow6) values ('1524', '254', '6', '9', '9', '6', '5', '4', '4');
insert into RangeScores (range_score_id, round_score_id, round_range_id) values ('255', '64', '15');
insert into EndScores (end_id, range_score_id, end_number, score_arrow1, score_arrow2, score_arrow3, score_arrow4, score_arrow5, score_arrow6) values ('1525', '255', '1', '7', '4', '4', '3', '3', '1');
insert into EndScores (end_id, range_score_id, end_number, score_arrow1, score_arrow2, score_arrow3, score_arrow4, score_arrow5, score_arrow6) values ('1526', '255', '2', '8', '4', '4', '2', '1', '0');
insert into EndScores (end_id, range_score_id, end_number, score_arrow1, score_arrow2, score_arrow3, score_arrow4, score_arrow5, score_arrow6) values ('1527', '255', '3', '9', '9', '7', '5', '1', '0');
insert into EndScores (end_id, range_score_id, end_number, score_arrow1, score_arrow2, score_arrow3, score_arrow4, score_arrow5, score_arrow6) values ('1528', '255', '4', '9', '6', '2', '2', '1', '0');
insert into EndScores (end_id, range_score_id, end_number, score_arrow1, score_arrow2, score_arrow3, score_arrow4, score_arrow5, score_arrow6) values ('1529', '255', '5', '8', '7', '4', '2', '2', '0');
insert into EndScores (end_id, range_score_id, end_number, score_arrow1, score_arrow2, score_arrow3, score_arrow4, score_arrow5, score_arrow6) values ('1530', '255', '6', '9', '7', '7', '7', '5', '2');
insert into RangeScores (range_score_id, round_score_id, round_range_id) values ('256', '64', '16');
insert into EndScores (end_id, range_score_id, end_number, score_arrow1, score_arrow2, score_arrow3, score_arrow4, score_arrow5, score_arrow6) values ('1531', '256', '1', '8', '4', '3', '3', '2', '2');
insert into EndScores (end_id, range_score_id, end_number, score_arrow1, score_arrow2, score_arrow3, score_arrow4, score_arrow5, score_arrow6) values ('1532', '256', '2', '8', '6', '5', '5', '3', '1');
insert into EndScores (end_id, range_score_id, end_number, score_arrow1, score_arrow2, score_arrow3, score_arrow4, score_arrow5, score_arrow6) values ('1533', '256', '3', '8', '8', '2', '1', '1', '0');
insert into EndScores (end_id, range_score_id, end_number, score_arrow1, score_arrow2, score_arrow3, score_arrow4, score_arrow5, score_arrow6) values ('1534', '256', '4', '8', '6', '6', '5', '5', '3');
insert into EndScores (end_id, range_score_id, end_number, score_arrow1, score_arrow2, score_arrow3, score_arrow4, score_arrow5, score_arrow6) values ('1535', '256', '5', '8', '5', '4', '3', '2', '0');
insert into EndScores (end_id, range_score_id, end_number, score_arrow1, score_arrow2, score_arrow3, score_arrow4, score_arrow5, score_arrow6) values ('1536', '256', '6', '8', '7', '5', '3', '1', '1');
insert into CompetitionEnrolments (archer_id, competition_id) values ('67', '63');
insert into RoundScores (round_score_id, archer_id, competition_id, round_score_date_time, equipment_id, round_def_id, total_score, category_id) values ('65', '67', '63', '2023-04-23 13:19:31.899', 'B', '5', '616', '63');
insert into RangeScores (range_score_id, round_score_id, round_range_id) values ('257', '65', '17');
insert into EndScores (end_id, range_score_id, end_number, score_arrow1, score_arrow2, score_arrow3, score_arrow4, score_arrow5, score_arrow6) values ('1537', '257', '1', '9', '8', '5', '4', '3', '3');
insert into EndScores (end_id, range_score_id, end_number, score_arrow1, score_arrow2, score_arrow3, score_arrow4, score_arrow5, score_arrow6) values ('1538', '257', '2', '8', '7', '5', '3', '1', '0');
insert into EndScores (end_id, range_score_id, end_number, score_arrow1, score_arrow2, score_arrow3, score_arrow4, score_arrow5, score_arrow6) values ('1539', '257', '3', '9', '7', '6', '5', '2', '1');
insert into EndScores (end_id, range_score_id, end_number, score_arrow1, score_arrow2, score_arrow3, score_arrow4, score_arrow5, score_arrow6) values ('1540', '257', '4', '7', '6', '4', '3', '1', '0');
insert into EndScores (end_id, range_score_id, end_number, score_arrow1, score_arrow2, score_arrow3, score_arrow4, score_arrow5, score_arrow6) values ('1541', '257', '5', '8', '7', '6', '6', '5', '1');
insert into EndScores (end_id, range_score_id, end_number, score_arrow1, score_arrow2, score_arrow3, score_arrow4, score_arrow5, score_arrow6) values ('1542', '257', '6', '7', '6', '4', '2', '1', '1');
insert into RangeScores (range_score_id, round_score_id, round_range_id) values ('258', '65', '18');
insert into EndScores (end_id, range_score_id, end_number, score_arrow1, score_arrow2, score_arrow3, score_arrow4, score_arrow5, score_arrow6) values ('1543', '258', '1', '5', '4', '2', '2', '2', '0');
insert into EndScores (end_id, range_score_id, end_number, score_arrow1, score_arrow2, score_arrow3, score_arrow4, score_arrow5, score_arrow6) values ('1544', '258', '2', '7', '4', '3', '3', '2', '0');
insert into EndScores (end_id, range_score_id, end_number, score_arrow1, score_arrow2, score_arrow3, score_arrow4, score_arrow5, score_arrow6) values ('1545', '258', '3', '9', '8', '6', '5', '1', '1');
insert into EndScores (end_id, range_score_id, end_number, score_arrow1, score_arrow2, score_arrow3, score_arrow4, score_arrow5, score_arrow6) values ('1546', '258', '4', '9', '9', '8', '7', '5', '3');
insert into EndScores (end_id, range_score_id, end_number, score_arrow1, score_arrow2, score_arrow3, score_arrow4, score_arrow5, score_arrow6) values ('1547', '258', '5', '9', '7', '5', '5', '5', '0');
insert into EndScores (end_id, range_score_id, end_number, score_arrow1, score_arrow2, score_arrow3, score_arrow4, score_arrow5, score_arrow6) values ('1548', '258', '6', '7', '7', '6', '6', '5', '3');
insert into RangeScores (range_score_id, round_score_id, round_range_id) values ('259', '65', '19');
insert into EndScores (end_id, range_score_id, end_number, score_arrow1, score_arrow2, score_arrow3, score_arrow4, score_arrow5, score_arrow6) values ('1549', '259', '1', '7', '3', '3', '2', '2', '2');
insert into EndScores (end_id, range_score_id, end_number, score_arrow1, score_arrow2, score_arrow3, score_arrow4, score_arrow5, score_arrow6) values ('1550', '259', '2', '5', '4', '4', '4', '2', '0');
insert into EndScores (end_id, range_score_id, end_number, score_arrow1, score_arrow2, score_arrow3, score_arrow4, score_arrow5, score_arrow6) values ('1551', '259', '3', '9', '8', '5', '4', '3', '1');
insert into EndScores (end_id, range_score_id, end_number, score_arrow1, score_arrow2, score_arrow3, score_arrow4, score_arrow5, score_arrow6) values ('1552', '259', '4', '7', '6', '3', '3', '3', '0');
insert into EndScores (end_id, range_score_id, end_number, score_arrow1, score_arrow2, score_arrow3, score_arrow4, score_arrow5, score_arrow6) values ('1553', '259', '5', '4', '3', '1', '1', '0', '0');
insert into EndScores (end_id, range_score_id, end_number, score_arrow1, score_arrow2, score_arrow3, score_arrow4, score_arrow5, score_arrow6) values ('1554', '259', '6', '9', '9', '8', '5', '4', '1');
insert into RangeScores (range_score_id, round_score_id, round_range_id) values ('260', '65', '20');
insert into EndScores (end_id, range_score_id, end_number, score_arrow1, score_arrow2, score_arrow3, score_arrow4, score_arrow5, score_arrow6) values ('1555', '260', '1', '9', '6', '4', '3', '2', '0');
insert into EndScores (end_id, range_score_id, end_number, score_arrow1, score_arrow2, score_arrow3, score_arrow4, score_arrow5, score_arrow6) values ('1556', '260', '2', '8', '7', '4', '4', '2', '1');
insert into EndScores (end_id, range_score_id, end_number, score_arrow1, score_arrow2, score_arrow3, score_arrow4, score_arrow5, score_arrow6) values ('1557', '260', '3', '8', '8', '7', '5', '3', '0');
insert into EndScores (end_id, range_score_id, end_number, score_arrow1, score_arrow2, score_arrow3, score_arrow4, score_arrow5, score_arrow6) values ('1558', '260', '4', '5', '4', '3', '3', '2', '1');
insert into EndScores (end_id, range_score_id, end_number, score_arrow1, score_arrow2, score_arrow3, score_arrow4, score_arrow5, score_arrow6) values ('1559', '260', '5', '7', '6', '3', '3', '1', '1');
insert into EndScores (end_id, range_score_id, end_number, score_arrow1, score_arrow2, score_arrow3, score_arrow4, score_arrow5, score_arrow6) values ('1560', '260', '6', '9', '9', '7', '3', '2', '0');
insert into CompetitionEnrolments (archer_id, competition_id) values ('68', '58');
insert into RoundScores (round_score_id, archer_id, competition_id, round_score_date_time, equipment_id, round_def_id, total_score, category_id) values ('66', '68', '58', '2023-04-23 16:19:39.11', 'C', '5', '725', '58');
insert into RangeScores (range_score_id, round_score_id, round_range_id) values ('261', '66', '17');
insert into EndScores (end_id, range_score_id, end_number, score_arrow1, score_arrow2, score_arrow3, score_arrow4, score_arrow5, score_arrow6) values ('1561', '261', '1', '6', '6', '3', '2', '2', '0');
insert into EndScores (end_id, range_score_id, end_number, score_arrow1, score_arrow2, score_arrow3, score_arrow4, score_arrow5, score_arrow6) values ('1562', '261', '2', '9', '9', '5', '5', '5', '0');
insert into EndScores (end_id, range_score_id, end_number, score_arrow1, score_arrow2, score_arrow3, score_arrow4, score_arrow5, score_arrow6) values ('1563', '261', '3', '9', '9', '5', '3', '2', '0');
insert into EndScores (end_id, range_score_id, end_number, score_arrow1, score_arrow2, score_arrow3, score_arrow4, score_arrow5, score_arrow6) values ('1564', '261', '4', '9', '9', '8', '6', '5', '3');
insert into EndScores (end_id, range_score_id, end_number, score_arrow1, score_arrow2, score_arrow3, score_arrow4, score_arrow5, score_arrow6) values ('1565', '261', '5', '9', '9', '9', '8', '4', '2');
insert into EndScores (end_id, range_score_id, end_number, score_arrow1, score_arrow2, score_arrow3, score_arrow4, score_arrow5, score_arrow6) values ('1566', '261', '6', '9', '9', '8', '6', '5', '1');
insert into RangeScores (range_score_id, round_score_id, round_range_id) values ('262', '66', '18');
insert into EndScores (end_id, range_score_id, end_number, score_arrow1, score_arrow2, score_arrow3, score_arrow4, score_arrow5, score_arrow6) values ('1567', '262', '1', '9', '7', '7', '6', '2', '0');
insert into EndScores (end_id, range_score_id, end_number, score_arrow1, score_arrow2, score_arrow3, score_arrow4, score_arrow5, score_arrow6) values ('1568', '262', '2', '8', '8', '8', '5', '4', '3');
insert into EndScores (end_id, range_score_id, end_number, score_arrow1, score_arrow2, score_arrow3, score_arrow4, score_arrow5, score_arrow6) values ('1569', '262', '3', '9', '6', '3', '1', '1', '0');
insert into EndScores (end_id, range_score_id, end_number, score_arrow1, score_arrow2, score_arrow3, score_arrow4, score_arrow5, score_arrow6) values ('1570', '262', '4', '9', '8', '5', '3', '1', '0');
insert into EndScores (end_id, range_score_id, end_number, score_arrow1, score_arrow2, score_arrow3, score_arrow4, score_arrow5, score_arrow6) values ('1571', '262', '5', '8', '5', '3', '3', '1', '0');
insert into EndScores (end_id, range_score_id, end_number, score_arrow1, score_arrow2, score_arrow3, score_arrow4, score_arrow5, score_arrow6) values ('1572', '262', '6', '8', '8', '8', '4', '4', '0');
insert into RangeScores (range_score_id, round_score_id, round_range_id) values ('263', '66', '19');
insert into EndScores (end_id, range_score_id, end_number, score_arrow1, score_arrow2, score_arrow3, score_arrow4, score_arrow5, score_arrow6) values ('1573', '263', '1', '9', '9', '9', '6', '4', '1');
insert into EndScores (end_id, range_score_id, end_number, score_arrow1, score_arrow2, score_arrow3, score_arrow4, score_arrow5, score_arrow6) values ('1574', '263', '2', '9', '8', '6', '4', '3', '0');
insert into EndScores (end_id, range_score_id, end_number, score_arrow1, score_arrow2, score_arrow3, score_arrow4, score_arrow5, score_arrow6) values ('1575', '263', '3', '6', '6', '4', '3', '2', '1');
insert into EndScores (end_id, range_score_id, end_number, score_arrow1, score_arrow2, score_arrow3, score_arrow4, score_arrow5, score_arrow6) values ('1576', '263', '4', '9', '8', '8', '7', '4', '2');
insert into EndScores (end_id, range_score_id, end_number, score_arrow1, score_arrow2, score_arrow3, score_arrow4, score_arrow5, score_arrow6) values ('1577', '263', '5', '9', '8', '7', '7', '3', '2');
insert into EndScores (end_id, range_score_id, end_number, score_arrow1, score_arrow2, score_arrow3, score_arrow4, score_arrow5, score_arrow6) values ('1578', '263', '6', '7', '6', '6', '6', '2', '2');
insert into RangeScores (range_score_id, round_score_id, round_range_id) values ('264', '66', '20');
insert into EndScores (end_id, range_score_id, end_number, score_arrow1, score_arrow2, score_arrow3, score_arrow4, score_arrow5, score_arrow6) values ('1579', '264', '1', '8', '7', '5', '5', '2', '2');
insert into EndScores (end_id, range_score_id, end_number, score_arrow1, score_arrow2, score_arrow3, score_arrow4, score_arrow5, score_arrow6) values ('1580', '264', '2', '7', '6', '5', '4', '2', '0');
insert into EndScores (end_id, range_score_id, end_number, score_arrow1, score_arrow2, score_arrow3, score_arrow4, score_arrow5, score_arrow6) values ('1581', '264', '3', '8', '7', '7', '5', '2', '0');
insert into EndScores (end_id, range_score_id, end_number, score_arrow1, score_arrow2, score_arrow3, score_arrow4, score_arrow5, score_arrow6) values ('1582', '264', '4', '8', '6', '6', '5', '4', '2');
insert into EndScores (end_id, range_score_id, end_number, score_arrow1, score_arrow2, score_arrow3, score_arrow4, score_arrow5, score_arrow6) values ('1583', '264', '5', '6', '5', '4', '4', '3', '1');
insert into EndScores (end_id, range_score_id, end_number, score_arrow1, score_arrow2, score_arrow3, score_arrow4, score_arrow5, score_arrow6) values ('1584', '264', '6', '9', '8', '6', '4', '3', '2');
insert into CompetitionEnrolments (archer_id, competition_id) values ('69', '64');
insert into RoundScores (round_score_id, archer_id, competition_id, round_score_date_time, equipment_id, round_def_id, total_score, category_id) values ('67', '69', '64', '2023-04-23 15:46:39.428', 'L', '5', '664', '64');
insert into RangeScores (range_score_id, round_score_id, round_range_id) values ('265', '67', '17');
insert into EndScores (end_id, range_score_id, end_number, score_arrow1, score_arrow2, score_arrow3, score_arrow4, score_arrow5, score_arrow6) values ('1585', '265', '1', '5', '5', '4', '3', '3', '1');
insert into EndScores (end_id, range_score_id, end_number, score_arrow1, score_arrow2, score_arrow3, score_arrow4, score_arrow5, score_arrow6) values ('1586', '265', '2', '7', '4', '2', '1', '0', '0');
insert into EndScores (end_id, range_score_id, end_number, score_arrow1, score_arrow2, score_arrow3, score_arrow4, score_arrow5, score_arrow6) values ('1587', '265', '3', '9', '8', '4', '1', '1', '0');
insert into EndScores (end_id, range_score_id, end_number, score_arrow1, score_arrow2, score_arrow3, score_arrow4, score_arrow5, score_arrow6) values ('1588', '265', '4', '9', '9', '7', '7', '2', '1');
insert into EndScores (end_id, range_score_id, end_number, score_arrow1, score_arrow2, score_arrow3, score_arrow4, score_arrow5, score_arrow6) values ('1589', '265', '5', '9', '2', '1', '1', '1', '1');
insert into EndScores (end_id, range_score_id, end_number, score_arrow1, score_arrow2, score_arrow3, score_arrow4, score_arrow5, score_arrow6) values ('1590', '265', '6', '9', '8', '5', '5', '4', '3');
insert into RangeScores (range_score_id, round_score_id, round_range_id) values ('266', '67', '18');
insert into EndScores (end_id, range_score_id, end_number, score_arrow1, score_arrow2, score_arrow3, score_arrow4, score_arrow5, score_arrow6) values ('1591', '266', '1', '9', '7', '7', '6', '0', '0');
insert into EndScores (end_id, range_score_id, end_number, score_arrow1, score_arrow2, score_arrow3, score_arrow4, score_arrow5, score_arrow6) values ('1592', '266', '2', '9', '4', '4', '2', '2', '1');
insert into EndScores (end_id, range_score_id, end_number, score_arrow1, score_arrow2, score_arrow3, score_arrow4, score_arrow5, score_arrow6) values ('1593', '266', '3', '9', '9', '8', '8', '3', '1');
insert into EndScores (end_id, range_score_id, end_number, score_arrow1, score_arrow2, score_arrow3, score_arrow4, score_arrow5, score_arrow6) values ('1594', '266', '4', '8', '7', '6', '2', '2', '1');
insert into EndScores (end_id, range_score_id, end_number, score_arrow1, score_arrow2, score_arrow3, score_arrow4, score_arrow5, score_arrow6) values ('1595', '266', '5', '8', '7', '4', '4', '2', '1');
insert into EndScores (end_id, range_score_id, end_number, score_arrow1, score_arrow2, score_arrow3, score_arrow4, score_arrow5, score_arrow6) values ('1596', '266', '6', '9', '9', '6', '4', '3', '0');
insert into RangeScores (range_score_id, round_score_id, round_range_id) values ('267', '67', '19');
insert into EndScores (end_id, range_score_id, end_number, score_arrow1, score_arrow2, score_arrow3, score_arrow4, score_arrow5, score_arrow6) values ('1597', '267', '1', '8', '5', '5', '5', '4', '2');
insert into EndScores (end_id, range_score_id, end_number, score_arrow1, score_arrow2, score_arrow3, score_arrow4, score_arrow5, score_arrow6) values ('1598', '267', '2', '9', '8', '8', '3', '2', '1');
insert into EndScores (end_id, range_score_id, end_number, score_arrow1, score_arrow2, score_arrow3, score_arrow4, score_arrow5, score_arrow6) values ('1599', '267', '3', '9', '6', '4', '2', '2', '1');
insert into EndScores (end_id, range_score_id, end_number, score_arrow1, score_arrow2, score_arrow3, score_arrow4, score_arrow5, score_arrow6) values ('1600', '267', '4', '9', '6', '6', '5', '4', '2');
insert into EndScores (end_id, range_score_id, end_number, score_arrow1, score_arrow2, score_arrow3, score_arrow4, score_arrow5, score_arrow6) values ('1601', '267', '5', '9', '7', '7', '5', '4', '3');
insert into EndScores (end_id, range_score_id, end_number, score_arrow1, score_arrow2, score_arrow3, score_arrow4, score_arrow5, score_arrow6) values ('1602', '267', '6', '7', '7', '4', '2', '1', '0');
insert into RangeScores (range_score_id, round_score_id, round_range_id) values ('268', '67', '20');
insert into EndScores (end_id, range_score_id, end_number, score_arrow1, score_arrow2, score_arrow3, score_arrow4, score_arrow5, score_arrow6) values ('1603', '268', '1', '8', '7', '4', '4', '4', '0');
insert into EndScores (end_id, range_score_id, end_number, score_arrow1, score_arrow2, score_arrow3, score_arrow4, score_arrow5, score_arrow6) values ('1604', '268', '2', '9', '7', '6', '6', '4', '0');
insert into EndScores (end_id, range_score_id, end_number, score_arrow1, score_arrow2, score_arrow3, score_arrow4, score_arrow5, score_arrow6) values ('1605', '268', '3', '9', '8', '8', '7', '6', '5');
insert into EndScores (end_id, range_score_id, end_number, score_arrow1, score_arrow2, score_arrow3, score_arrow4, score_arrow5, score_arrow6) values ('1606', '268', '4', '9', '9', '8', '5', '1', '0');
insert into EndScores (end_id, range_score_id, end_number, score_arrow1, score_arrow2, score_arrow3, score_arrow4, score_arrow5, score_arrow6) values ('1607', '268', '5', '5', '4', '4', '3', '2', '0');
insert into EndScores (end_id, range_score_id, end_number, score_arrow1, score_arrow2, score_arrow3, score_arrow4, score_arrow5, score_arrow6) values ('1608', '268', '6', '9', '7', '6', '3', '1', '0');
insert into CompetitionEnrolments (archer_id, competition_id) values ('70', '31');
insert into RoundScores (round_score_id, archer_id, competition_id, round_score_date_time, equipment_id, round_def_id, total_score, category_id) values ('68', '70', '31', '2023-04-23 16:10:53.473', 'B', '4', '669', '31');
insert into RangeScores (range_score_id, round_score_id, round_range_id) values ('269', '68', '13');
insert into EndScores (end_id, range_score_id, end_number, score_arrow1, score_arrow2, score_arrow3, score_arrow4, score_arrow5, score_arrow6) values ('1609', '269', '1', '9', '6', '4', '4', '2', '2');
insert into EndScores (end_id, range_score_id, end_number, score_arrow1, score_arrow2, score_arrow3, score_arrow4, score_arrow5, score_arrow6) values ('1610', '269', '2', '9', '8', '8', '4', '0', '0');
insert into EndScores (end_id, range_score_id, end_number, score_arrow1, score_arrow2, score_arrow3, score_arrow4, score_arrow5, score_arrow6) values ('1611', '269', '3', '5', '3', '2', '2', '1', '0');
insert into EndScores (end_id, range_score_id, end_number, score_arrow1, score_arrow2, score_arrow3, score_arrow4, score_arrow5, score_arrow6) values ('1612', '269', '4', '6', '6', '5', '4', '3', '1');
insert into EndScores (end_id, range_score_id, end_number, score_arrow1, score_arrow2, score_arrow3, score_arrow4, score_arrow5, score_arrow6) values ('1613', '269', '5', '8', '7', '5', '4', '2', '0');
insert into EndScores (end_id, range_score_id, end_number, score_arrow1, score_arrow2, score_arrow3, score_arrow4, score_arrow5, score_arrow6) values ('1614', '269', '6', '9', '8', '6', '4', '3', '0');
insert into RangeScores (range_score_id, round_score_id, round_range_id) values ('270', '68', '14');
insert into EndScores (end_id, range_score_id, end_number, score_arrow1, score_arrow2, score_arrow3, score_arrow4, score_arrow5, score_arrow6) values ('1615', '270', '1', '8', '6', '5', '3', '3', '0');
insert into EndScores (end_id, range_score_id, end_number, score_arrow1, score_arrow2, score_arrow3, score_arrow4, score_arrow5, score_arrow6) values ('1616', '270', '2', '9', '8', '6', '6', '2', '1');
insert into EndScores (end_id, range_score_id, end_number, score_arrow1, score_arrow2, score_arrow3, score_arrow4, score_arrow5, score_arrow6) values ('1617', '270', '3', '9', '8', '5', '4', '3', '1');
insert into EndScores (end_id, range_score_id, end_number, score_arrow1, score_arrow2, score_arrow3, score_arrow4, score_arrow5, score_arrow6) values ('1618', '270', '4', '8', '5', '5', '4', '4', '3');
insert into EndScores (end_id, range_score_id, end_number, score_arrow1, score_arrow2, score_arrow3, score_arrow4, score_arrow5, score_arrow6) values ('1619', '270', '5', '6', '6', '5', '4', '4', '1');
insert into EndScores (end_id, range_score_id, end_number, score_arrow1, score_arrow2, score_arrow3, score_arrow4, score_arrow5, score_arrow6) values ('1620', '270', '6', '9', '9', '8', '5', '5', '2');
insert into RangeScores (range_score_id, round_score_id, round_range_id) values ('271', '68', '15');
insert into EndScores (end_id, range_score_id, end_number, score_arrow1, score_arrow2, score_arrow3, score_arrow4, score_arrow5, score_arrow6) values ('1621', '271', '1', '8', '8', '8', '5', '4', '1');
insert into EndScores (end_id, range_score_id, end_number, score_arrow1, score_arrow2, score_arrow3, score_arrow4, score_arrow5, score_arrow6) values ('1622', '271', '2', '8', '8', '4', '4', '1', '0');
insert into EndScores (end_id, range_score_id, end_number, score_arrow1, score_arrow2, score_arrow3, score_arrow4, score_arrow5, score_arrow6) values ('1623', '271', '3', '8', '7', '7', '2', '0', '0');
insert into EndScores (end_id, range_score_id, end_number, score_arrow1, score_arrow2, score_arrow3, score_arrow4, score_arrow5, score_arrow6) values ('1624', '271', '4', '9', '8', '6', '4', '1', '1');
insert into EndScores (end_id, range_score_id, end_number, score_arrow1, score_arrow2, score_arrow3, score_arrow4, score_arrow5, score_arrow6) values ('1625', '271', '5', '8', '5', '4', '4', '3', '0');
insert into EndScores (end_id, range_score_id, end_number, score_arrow1, score_arrow2, score_arrow3, score_arrow4, score_arrow5, score_arrow6) values ('1626', '271', '6', '9', '9', '8', '7', '6', '3');
insert into RangeScores (range_score_id, round_score_id, round_range_id) values ('272', '68', '16');
insert into EndScores (end_id, range_score_id, end_number, score_arrow1, score_arrow2, score_arrow3, score_arrow4, score_arrow5, score_arrow6) values ('1627', '272', '1', '8', '7', '6', '4', '3', '3');
insert into EndScores (end_id, range_score_id, end_number, score_arrow1, score_arrow2, score_arrow3, score_arrow4, score_arrow5, score_arrow6) values ('1628', '272', '2', '9', '6', '6', '6', '5', '4');
insert into EndScores (end_id, range_score_id, end_number, score_arrow1, score_arrow2, score_arrow3, score_arrow4, score_arrow5, score_arrow6) values ('1629', '272', '3', '9', '7', '7', '6', '5', '0');
insert into EndScores (end_id, range_score_id, end_number, score_arrow1, score_arrow2, score_arrow3, score_arrow4, score_arrow5, score_arrow6) values ('1630', '272', '4', '7', '5', '5', '3', '2', '0');
insert into EndScores (end_id, range_score_id, end_number, score_arrow1, score_arrow2, score_arrow3, score_arrow4, score_arrow5, score_arrow6) values ('1631', '272', '5', '7', '4', '3', '2', '1', '0');
insert into EndScores (end_id, range_score_id, end_number, score_arrow1, score_arrow2, score_arrow3, score_arrow4, score_arrow5, score_arrow6) values ('1632', '272', '6', '7', '6', '3', '3', '2', '0');
insert into CompetitionEnrolments (archer_id, competition_id) values ('71', '62');
insert into RoundScores (round_score_id, archer_id, competition_id, round_score_date_time, equipment_id, round_def_id, total_score, category_id) values ('69', '71', '62', '2023-04-23 18:47:48.109', 'C', '5', '656', '62');
insert into RangeScores (range_score_id, round_score_id, round_range_id) values ('273', '69', '17');
insert into EndScores (end_id, range_score_id, end_number, score_arrow1, score_arrow2, score_arrow3, score_arrow4, score_arrow5, score_arrow6) values ('1633', '273', '1', '9', '8', '8', '7', '1', '0');
insert into EndScores (end_id, range_score_id, end_number, score_arrow1, score_arrow2, score_arrow3, score_arrow4, score_arrow5, score_arrow6) values ('1634', '273', '2', '7', '5', '5', '5', '4', '4');
insert into EndScores (end_id, range_score_id, end_number, score_arrow1, score_arrow2, score_arrow3, score_arrow4, score_arrow5, score_arrow6) values ('1635', '273', '3', '8', '8', '5', '1', '0', '0');
insert into EndScores (end_id, range_score_id, end_number, score_arrow1, score_arrow2, score_arrow3, score_arrow4, score_arrow5, score_arrow6) values ('1636', '273', '4', '9', '8', '7', '3', '3', '1');
insert into EndScores (end_id, range_score_id, end_number, score_arrow1, score_arrow2, score_arrow3, score_arrow4, score_arrow5, score_arrow6) values ('1637', '273', '5', '6', '4', '4', '4', '3', '3');
insert into EndScores (end_id, range_score_id, end_number, score_arrow1, score_arrow2, score_arrow3, score_arrow4, score_arrow5, score_arrow6) values ('1638', '273', '6', '8', '7', '6', '6', '6', '0');
insert into RangeScores (range_score_id, round_score_id, round_range_id) values ('274', '69', '18');
insert into EndScores (end_id, range_score_id, end_number, score_arrow1, score_arrow2, score_arrow3, score_arrow4, score_arrow5, score_arrow6) values ('1639', '274', '1', '7', '4', '3', '3', '3', '2');
insert into EndScores (end_id, range_score_id, end_number, score_arrow1, score_arrow2, score_arrow3, score_arrow4, score_arrow5, score_arrow6) values ('1640', '274', '2', '9', '9', '5', '3', '2', '0');
insert into EndScores (end_id, range_score_id, end_number, score_arrow1, score_arrow2, score_arrow3, score_arrow4, score_arrow5, score_arrow6) values ('1641', '274', '3', '8', '6', '5', '5', '1', '0');
insert into EndScores (end_id, range_score_id, end_number, score_arrow1, score_arrow2, score_arrow3, score_arrow4, score_arrow5, score_arrow6) values ('1642', '274', '4', '8', '8', '6', '5', '0', '0');
insert into EndScores (end_id, range_score_id, end_number, score_arrow1, score_arrow2, score_arrow3, score_arrow4, score_arrow5, score_arrow6) values ('1643', '274', '5', '9', '8', '3', '2', '1', '1');
insert into EndScores (end_id, range_score_id, end_number, score_arrow1, score_arrow2, score_arrow3, score_arrow4, score_arrow5, score_arrow6) values ('1644', '274', '6', '8', '7', '5', '5', '4', '1');
insert into RangeScores (range_score_id, round_score_id, round_range_id) values ('275', '69', '19');
insert into EndScores (end_id, range_score_id, end_number, score_arrow1, score_arrow2, score_arrow3, score_arrow4, score_arrow5, score_arrow6) values ('1645', '275', '1', '8', '4', '4', '3', '3', '0');
insert into EndScores (end_id, range_score_id, end_number, score_arrow1, score_arrow2, score_arrow3, score_arrow4, score_arrow5, score_arrow6) values ('1646', '275', '2', '8', '8', '3', '2', '2', '1');
insert into EndScores (end_id, range_score_id, end_number, score_arrow1, score_arrow2, score_arrow3, score_arrow4, score_arrow5, score_arrow6) values ('1647', '275', '3', '7', '4', '3', '2', '1', '0');
insert into EndScores (end_id, range_score_id, end_number, score_arrow1, score_arrow2, score_arrow3, score_arrow4, score_arrow5, score_arrow6) values ('1648', '275', '4', '9', '8', '8', '6', '4', '4');
insert into EndScores (end_id, range_score_id, end_number, score_arrow1, score_arrow2, score_arrow3, score_arrow4, score_arrow5, score_arrow6) values ('1649', '275', '5', '7', '6', '2', '2', '1', '0');
insert into EndScores (end_id, range_score_id, end_number, score_arrow1, score_arrow2, score_arrow3, score_arrow4, score_arrow5, score_arrow6) values ('1650', '275', '6', '9', '7', '7', '6', '3', '3');
insert into RangeScores (range_score_id, round_score_id, round_range_id) values ('276', '69', '20');
insert into EndScores (end_id, range_score_id, end_number, score_arrow1, score_arrow2, score_arrow3, score_arrow4, score_arrow5, score_arrow6) values ('1651', '276', '1', '9', '8', '7', '6', '1', '0');
insert into EndScores (end_id, range_score_id, end_number, score_arrow1, score_arrow2, score_arrow3, score_arrow4, score_arrow5, score_arrow6) values ('1652', '276', '2', '9', '8', '7', '4', '0', '0');
insert into EndScores (end_id, range_score_id, end_number, score_arrow1, score_arrow2, score_arrow3, score_arrow4, score_arrow5, score_arrow6) values ('1653', '276', '3', '8', '7', '7', '7', '6', '4');
insert into EndScores (end_id, range_score_id, end_number, score_arrow1, score_arrow2, score_arrow3, score_arrow4, score_arrow5, score_arrow6) values ('1654', '276', '4', '8', '8', '5', '5', '3', '0');
insert into EndScores (end_id, range_score_id, end_number, score_arrow1, score_arrow2, score_arrow3, score_arrow4, score_arrow5, score_arrow6) values ('1655', '276', '5', '6', '5', '5', '4', '3', '2');
insert into EndScores (end_id, range_score_id, end_number, score_arrow1, score_arrow2, score_arrow3, score_arrow4, score_arrow5, score_arrow6) values ('1656', '276', '6', '9', '6', '3', '1', '1', '0');
insert into CompetitionEnrolments (archer_id, competition_id) values ('72', '19');
insert into RoundScores (round_score_id, archer_id, competition_id, round_score_date_time, equipment_id, round_def_id, total_score, category_id) values ('70', '72', '19', '2023-04-23 9:32:46.509', 'B', '3', '682', '19');
insert into RangeScores (range_score_id, round_score_id, round_range_id) values ('277', '70', '9');
insert into EndScores (end_id, range_score_id, end_number, score_arrow1, score_arrow2, score_arrow3, score_arrow4, score_arrow5, score_arrow6) values ('1657', '277', '1', '7', '7', '6', '4', '2', '1');
insert into EndScores (end_id, range_score_id, end_number, score_arrow1, score_arrow2, score_arrow3, score_arrow4, score_arrow5, score_arrow6) values ('1658', '277', '2', '8', '8', '7', '4', '2', '0');
insert into EndScores (end_id, range_score_id, end_number, score_arrow1, score_arrow2, score_arrow3, score_arrow4, score_arrow5, score_arrow6) values ('1659', '277', '3', '9', '5', '4', '4', '4', '2');
insert into EndScores (end_id, range_score_id, end_number, score_arrow1, score_arrow2, score_arrow3, score_arrow4, score_arrow5, score_arrow6) values ('1660', '277', '4', '9', '9', '9', '9', '5', '3');
insert into EndScores (end_id, range_score_id, end_number, score_arrow1, score_arrow2, score_arrow3, score_arrow4, score_arrow5, score_arrow6) values ('1661', '277', '5', '9', '2', '2', '1', '1', '0');
insert into EndScores (end_id, range_score_id, end_number, score_arrow1, score_arrow2, score_arrow3, score_arrow4, score_arrow5, score_arrow6) values ('1662', '277', '6', '8', '6', '4', '3', '0', '0');
insert into RangeScores (range_score_id, round_score_id, round_range_id) values ('278', '70', '10');
insert into EndScores (end_id, range_score_id, end_number, score_arrow1, score_arrow2, score_arrow3, score_arrow4, score_arrow5, score_arrow6) values ('1663', '278', '1', '7', '6', '6', '4', '4', '1');
insert into EndScores (end_id, range_score_id, end_number, score_arrow1, score_arrow2, score_arrow3, score_arrow4, score_arrow5, score_arrow6) values ('1664', '278', '2', '8', '8', '8', '8', '5', '2');
insert into EndScores (end_id, range_score_id, end_number, score_arrow1, score_arrow2, score_arrow3, score_arrow4, score_arrow5, score_arrow6) values ('1665', '278', '3', '7', '6', '4', '2', '1', '0');
insert into EndScores (end_id, range_score_id, end_number, score_arrow1, score_arrow2, score_arrow3, score_arrow4, score_arrow5, score_arrow6) values ('1666', '278', '4', '7', '6', '2', '2', '2', '0');
insert into EndScores (end_id, range_score_id, end_number, score_arrow1, score_arrow2, score_arrow3, score_arrow4, score_arrow5, score_arrow6) values ('1667', '278', '5', '9', '7', '7', '6', '3', '1');
insert into EndScores (end_id, range_score_id, end_number, score_arrow1, score_arrow2, score_arrow3, score_arrow4, score_arrow5, score_arrow6) values ('1668', '278', '6', '8', '7', '7', '6', '4', '3');
insert into RangeScores (range_score_id, round_score_id, round_range_id) values ('279', '70', '11');
insert into EndScores (end_id, range_score_id, end_number, score_arrow1, score_arrow2, score_arrow3, score_arrow4, score_arrow5, score_arrow6) values ('1669', '279', '1', '7', '6', '5', '3', '1', '0');
insert into EndScores (end_id, range_score_id, end_number, score_arrow1, score_arrow2, score_arrow3, score_arrow4, score_arrow5, score_arrow6) values ('1670', '279', '2', '6', '6', '5', '4', '0', '0');
insert into EndScores (end_id, range_score_id, end_number, score_arrow1, score_arrow2, score_arrow3, score_arrow4, score_arrow5, score_arrow6) values ('1671', '279', '3', '9', '9', '9', '7', '4', '1');
insert into EndScores (end_id, range_score_id, end_number, score_arrow1, score_arrow2, score_arrow3, score_arrow4, score_arrow5, score_arrow6) values ('1672', '279', '4', '9', '9', '8', '7', '6', '0');
insert into EndScores (end_id, range_score_id, end_number, score_arrow1, score_arrow2, score_arrow3, score_arrow4, score_arrow5, score_arrow6) values ('1673', '279', '5', '9', '8', '8', '8', '6', '1');
insert into EndScores (end_id, range_score_id, end_number, score_arrow1, score_arrow2, score_arrow3, score_arrow4, score_arrow5, score_arrow6) values ('1674', '279', '6', '5', '5', '3', '2', '1', '0');
insert into RangeScores (range_score_id, round_score_id, round_range_id) values ('280', '70', '12');
insert into EndScores (end_id, range_score_id, end_number, score_arrow1, score_arrow2, score_arrow3, score_arrow4, score_arrow5, score_arrow6) values ('1675', '280', '1', '9', '6', '6', '5', '1', '0');
insert into EndScores (end_id, range_score_id, end_number, score_arrow1, score_arrow2, score_arrow3, score_arrow4, score_arrow5, score_arrow6) values ('1676', '280', '2', '9', '9', '7', '7', '6', '2');
insert into EndScores (end_id, range_score_id, end_number, score_arrow1, score_arrow2, score_arrow3, score_arrow4, score_arrow5, score_arrow6) values ('1677', '280', '3', '7', '7', '5', '4', '0', '0');
insert into EndScores (end_id, range_score_id, end_number, score_arrow1, score_arrow2, score_arrow3, score_arrow4, score_arrow5, score_arrow6) values ('1678', '280', '4', '8', '8', '7', '7', '4', '1');
insert into EndScores (end_id, range_score_id, end_number, score_arrow1, score_arrow2, score_arrow3, score_arrow4, score_arrow5, score_arrow6) values ('1679', '280', '5', '9', '8', '8', '0', '0', '0');
insert into EndScores (end_id, range_score_id, end_number, score_arrow1, score_arrow2, score_arrow3, score_arrow4, score_arrow5, score_arrow6) values ('1680', '280', '6', '5', '4', '3', '2', '2', '1');
insert into CompetitionEnrolments (archer_id, competition_id) values ('73', '8');
insert into RoundScores (round_score_id, archer_id, competition_id, round_score_date_time, equipment_id, round_def_id, total_score, category_id) values ('71', '73', '8', '2023-04-23 13:39:18.367', 'L', '4', '626', '8');
insert into RangeScores (range_score_id, round_score_id, round_range_id) values ('281', '71', '13');
insert into EndScores (end_id, range_score_id, end_number, score_arrow1, score_arrow2, score_arrow3, score_arrow4, score_arrow5, score_arrow6) values ('1681', '281', '1', '9', '9', '4', '4', '3', '1');
insert into EndScores (end_id, range_score_id, end_number, score_arrow1, score_arrow2, score_arrow3, score_arrow4, score_arrow5, score_arrow6) values ('1682', '281', '2', '6', '6', '5', '3', '3', '0');
insert into EndScores (end_id, range_score_id, end_number, score_arrow1, score_arrow2, score_arrow3, score_arrow4, score_arrow5, score_arrow6) values ('1683', '281', '3', '8', '8', '8', '6', '3', '2');
insert into EndScores (end_id, range_score_id, end_number, score_arrow1, score_arrow2, score_arrow3, score_arrow4, score_arrow5, score_arrow6) values ('1684', '281', '4', '9', '8', '8', '7', '6', '4');
insert into EndScores (end_id, range_score_id, end_number, score_arrow1, score_arrow2, score_arrow3, score_arrow4, score_arrow5, score_arrow6) values ('1685', '281', '5', '9', '8', '5', '4', '2', '2');
insert into EndScores (end_id, range_score_id, end_number, score_arrow1, score_arrow2, score_arrow3, score_arrow4, score_arrow5, score_arrow6) values ('1686', '281', '6', '9', '5', '3', '3', '2', '0');
insert into RangeScores (range_score_id, round_score_id, round_range_id) values ('282', '71', '14');
insert into EndScores (end_id, range_score_id, end_number, score_arrow1, score_arrow2, score_arrow3, score_arrow4, score_arrow5, score_arrow6) values ('1687', '282', '1', '9', '6', '5', '5', '1', '0');
insert into EndScores (end_id, range_score_id, end_number, score_arrow1, score_arrow2, score_arrow3, score_arrow4, score_arrow5, score_arrow6) values ('1688', '282', '2', '9', '6', '1', '1', '0', '0');
insert into EndScores (end_id, range_score_id, end_number, score_arrow1, score_arrow2, score_arrow3, score_arrow4, score_arrow5, score_arrow6) values ('1689', '282', '3', '8', '7', '7', '5', '1', '0');
insert into EndScores (end_id, range_score_id, end_number, score_arrow1, score_arrow2, score_arrow3, score_arrow4, score_arrow5, score_arrow6) values ('1690', '282', '4', '9', '9', '8', '6', '1', '1');
insert into EndScores (end_id, range_score_id, end_number, score_arrow1, score_arrow2, score_arrow3, score_arrow4, score_arrow5, score_arrow6) values ('1691', '282', '5', '7', '6', '4', '4', '3', '2');
insert into EndScores (end_id, range_score_id, end_number, score_arrow1, score_arrow2, score_arrow3, score_arrow4, score_arrow5, score_arrow6) values ('1692', '282', '6', '7', '4', '4', '1', '0', '0');
insert into RangeScores (range_score_id, round_score_id, round_range_id) values ('283', '71', '15');
insert into EndScores (end_id, range_score_id, end_number, score_arrow1, score_arrow2, score_arrow3, score_arrow4, score_arrow5, score_arrow6) values ('1693', '283', '1', '6', '5', '3', '1', '0', '0');
insert into EndScores (end_id, range_score_id, end_number, score_arrow1, score_arrow2, score_arrow3, score_arrow4, score_arrow5, score_arrow6) values ('1694', '283', '2', '8', '5', '4', '2', '1', '0');
insert into EndScores (end_id, range_score_id, end_number, score_arrow1, score_arrow2, score_arrow3, score_arrow4, score_arrow5, score_arrow6) values ('1695', '283', '3', '7', '7', '4', '1', '1', '0');
insert into EndScores (end_id, range_score_id, end_number, score_arrow1, score_arrow2, score_arrow3, score_arrow4, score_arrow5, score_arrow6) values ('1696', '283', '4', '9', '9', '7', '4', '1', '1');
insert into EndScores (end_id, range_score_id, end_number, score_arrow1, score_arrow2, score_arrow3, score_arrow4, score_arrow5, score_arrow6) values ('1697', '283', '5', '9', '8', '7', '6', '3', '1');
insert into EndScores (end_id, range_score_id, end_number, score_arrow1, score_arrow2, score_arrow3, score_arrow4, score_arrow5, score_arrow6) values ('1698', '283', '6', '4', '3', '1', '1', '0', '0');
insert into RangeScores (range_score_id, round_score_id, round_range_id) values ('284', '71', '16');
insert into EndScores (end_id, range_score_id, end_number, score_arrow1, score_arrow2, score_arrow3, score_arrow4, score_arrow5, score_arrow6) values ('1699', '284', '1', '8', '6', '4', '3', '2', '0');
insert into EndScores (end_id, range_score_id, end_number, score_arrow1, score_arrow2, score_arrow3, score_arrow4, score_arrow5, score_arrow6) values ('1700', '284', '2', '9', '9', '9', '5', '4', '0');
insert into EndScores (end_id, range_score_id, end_number, score_arrow1, score_arrow2, score_arrow3, score_arrow4, score_arrow5, score_arrow6) values ('1701', '284', '3', '7', '7', '5', '2', '2', '0');
insert into EndScores (end_id, range_score_id, end_number, score_arrow1, score_arrow2, score_arrow3, score_arrow4, score_arrow5, score_arrow6) values ('1702', '284', '4', '8', '8', '7', '5', '3', '2');
insert into EndScores (end_id, range_score_id, end_number, score_arrow1, score_arrow2, score_arrow3, score_arrow4, score_arrow5, score_arrow6) values ('1703', '284', '5', '6', '6', '5', '4', '4', '1');
insert into EndScores (end_id, range_score_id, end_number, score_arrow1, score_arrow2, score_arrow3, score_arrow4, score_arrow5, score_arrow6) values ('1704', '284', '6', '9', '7', '5', '3', '2', '1');
insert into CompetitionEnrolments (archer_id, competition_id) values ('74', '5');
insert into RoundScores (round_score_id, archer_id, competition_id, round_score_date_time, equipment_id, round_def_id, total_score, category_id) values ('72', '74', '5', '2023-04-23 15:24:26.770', 'R', '2', '625', '5');
insert into RangeScores (range_score_id, round_score_id, round_range_id) values ('285', '72', '5');
insert into EndScores (end_id, range_score_id, end_number, score_arrow1, score_arrow2, score_arrow3, score_arrow4, score_arrow5, score_arrow6) values ('1705', '285', '1', '9', '4', '4', '3', '1', '0');
insert into EndScores (end_id, range_score_id, end_number, score_arrow1, score_arrow2, score_arrow3, score_arrow4, score_arrow5, score_arrow6) values ('1706', '285', '2', '8', '7', '3', '3', '1', '0');
insert into EndScores (end_id, range_score_id, end_number, score_arrow1, score_arrow2, score_arrow3, score_arrow4, score_arrow5, score_arrow6) values ('1707', '285', '3', '6', '5', '5', '3', '1', '0');
insert into EndScores (end_id, range_score_id, end_number, score_arrow1, score_arrow2, score_arrow3, score_arrow4, score_arrow5, score_arrow6) values ('1708', '285', '4', '6', '4', '4', '3', '3', '0');
insert into EndScores (end_id, range_score_id, end_number, score_arrow1, score_arrow2, score_arrow3, score_arrow4, score_arrow5, score_arrow6) values ('1709', '285', '5', '6', '4', '3', '2', '2', '0');
insert into EndScores (end_id, range_score_id, end_number, score_arrow1, score_arrow2, score_arrow3, score_arrow4, score_arrow5, score_arrow6) values ('1710', '285', '6', '6', '6', '5', '3', '0', '0');
insert into RangeScores (range_score_id, round_score_id, round_range_id) values ('286', '72', '6');
insert into EndScores (end_id, range_score_id, end_number, score_arrow1, score_arrow2, score_arrow3, score_arrow4, score_arrow5, score_arrow6) values ('1711', '286', '1', '7', '6', '6', '4', '1', '0');
insert into EndScores (end_id, range_score_id, end_number, score_arrow1, score_arrow2, score_arrow3, score_arrow4, score_arrow5, score_arrow6) values ('1712', '286', '2', '9', '7', '7', '5', '3', '1');
insert into EndScores (end_id, range_score_id, end_number, score_arrow1, score_arrow2, score_arrow3, score_arrow4, score_arrow5, score_arrow6) values ('1713', '286', '3', '8', '7', '6', '4', '0', '0');
insert into EndScores (end_id, range_score_id, end_number, score_arrow1, score_arrow2, score_arrow3, score_arrow4, score_arrow5, score_arrow6) values ('1714', '286', '4', '8', '8', '7', '7', '2', '0');
insert into EndScores (end_id, range_score_id, end_number, score_arrow1, score_arrow2, score_arrow3, score_arrow4, score_arrow5, score_arrow6) values ('1715', '286', '5', '9', '6', '5', '5', '5', '4');
insert into EndScores (end_id, range_score_id, end_number, score_arrow1, score_arrow2, score_arrow3, score_arrow4, score_arrow5, score_arrow6) values ('1716', '286', '6', '9', '9', '5', '2', '1', '1');
insert into RangeScores (range_score_id, round_score_id, round_range_id) values ('287', '72', '7');
insert into EndScores (end_id, range_score_id, end_number, score_arrow1, score_arrow2, score_arrow3, score_arrow4, score_arrow5, score_arrow6) values ('1717', '287', '1', '9', '7', '2', '2', '2', '0');
insert into EndScores (end_id, range_score_id, end_number, score_arrow1, score_arrow2, score_arrow3, score_arrow4, score_arrow5, score_arrow6) values ('1718', '287', '2', '9', '9', '6', '2', '1', '0');
insert into EndScores (end_id, range_score_id, end_number, score_arrow1, score_arrow2, score_arrow3, score_arrow4, score_arrow5, score_arrow6) values ('1719', '287', '3', '9', '9', '7', '4', '4', '1');
insert into EndScores (end_id, range_score_id, end_number, score_arrow1, score_arrow2, score_arrow3, score_arrow4, score_arrow5, score_arrow6) values ('1720', '287', '4', '9', '9', '7', '5', '5', '2');
insert into EndScores (end_id, range_score_id, end_number, score_arrow1, score_arrow2, score_arrow3, score_arrow4, score_arrow5, score_arrow6) values ('1721', '287', '5', '6', '5', '3', '2', '1', '1');
insert into EndScores (end_id, range_score_id, end_number, score_arrow1, score_arrow2, score_arrow3, score_arrow4, score_arrow5, score_arrow6) values ('1722', '287', '6', '9', '7', '5', '4', '1', '0');
insert into RangeScores (range_score_id, round_score_id, round_range_id) values ('288', '72', '8');
insert into EndScores (end_id, range_score_id, end_number, score_arrow1, score_arrow2, score_arrow3, score_arrow4, score_arrow5, score_arrow6) values ('1723', '288', '1', '9', '8', '6', '6', '4', '1');
insert into EndScores (end_id, range_score_id, end_number, score_arrow1, score_arrow2, score_arrow3, score_arrow4, score_arrow5, score_arrow6) values ('1724', '288', '2', '7', '6', '3', '1', '1', '0');
insert into EndScores (end_id, range_score_id, end_number, score_arrow1, score_arrow2, score_arrow3, score_arrow4, score_arrow5, score_arrow6) values ('1725', '288', '3', '7', '7', '4', '4', '1', '0');
insert into EndScores (end_id, range_score_id, end_number, score_arrow1, score_arrow2, score_arrow3, score_arrow4, score_arrow5, score_arrow6) values ('1726', '288', '4', '8', '7', '5', '3', '3', '2');
insert into EndScores (end_id, range_score_id, end_number, score_arrow1, score_arrow2, score_arrow3, score_arrow4, score_arrow5, score_arrow6) values ('1727', '288', '5', '9', '9', '9', '4', '3', '2');
insert into EndScores (end_id, range_score_id, end_number, score_arrow1, score_arrow2, score_arrow3, score_arrow4, score_arrow5, score_arrow6) values ('1728', '288', '6', '9', '9', '7', '2', '1', '0');
insert into CompetitionEnrolments (archer_id, competition_id) values ('75', '28');
insert into RoundScores (round_score_id, archer_id, competition_id, round_score_date_time, equipment_id, round_def_id, total_score, category_id) values ('73', '75', '28', '2023-04-23 13:43:41.16', 'L', '4', '707', '28');
insert into RangeScores (range_score_id, round_score_id, round_range_id) values ('289', '73', '13');
insert into EndScores (end_id, range_score_id, end_number, score_arrow1, score_arrow2, score_arrow3, score_arrow4, score_arrow5, score_arrow6) values ('1729', '289', '1', '9', '8', '8', '7', '7', '7');
insert into EndScores (end_id, range_score_id, end_number, score_arrow1, score_arrow2, score_arrow3, score_arrow4, score_arrow5, score_arrow6) values ('1730', '289', '2', '9', '8', '6', '5', '5', '4');
insert into EndScores (end_id, range_score_id, end_number, score_arrow1, score_arrow2, score_arrow3, score_arrow4, score_arrow5, score_arrow6) values ('1731', '289', '3', '9', '7', '6', '5', '3', '0');
insert into EndScores (end_id, range_score_id, end_number, score_arrow1, score_arrow2, score_arrow3, score_arrow4, score_arrow5, score_arrow6) values ('1732', '289', '4', '9', '8', '5', '4', '3', '0');
insert into EndScores (end_id, range_score_id, end_number, score_arrow1, score_arrow2, score_arrow3, score_arrow4, score_arrow5, score_arrow6) values ('1733', '289', '5', '9', '9', '6', '3', '3', '0');
insert into EndScores (end_id, range_score_id, end_number, score_arrow1, score_arrow2, score_arrow3, score_arrow4, score_arrow5, score_arrow6) values ('1734', '289', '6', '9', '6', '1', '0', '0', '0');
insert into RangeScores (range_score_id, round_score_id, round_range_id) values ('290', '73', '14');
insert into EndScores (end_id, range_score_id, end_number, score_arrow1, score_arrow2, score_arrow3, score_arrow4, score_arrow5, score_arrow6) values ('1735', '290', '1', '9', '7', '4', '1', '1', '0');
insert into EndScores (end_id, range_score_id, end_number, score_arrow1, score_arrow2, score_arrow3, score_arrow4, score_arrow5, score_arrow6) values ('1736', '290', '2', '9', '9', '4', '4', '3', '0');
insert into EndScores (end_id, range_score_id, end_number, score_arrow1, score_arrow2, score_arrow3, score_arrow4, score_arrow5, score_arrow6) values ('1737', '290', '3', '9', '4', '2', '2', '0', '0');
insert into EndScores (end_id, range_score_id, end_number, score_arrow1, score_arrow2, score_arrow3, score_arrow4, score_arrow5, score_arrow6) values ('1738', '290', '4', '7', '5', '4', '4', '4', '3');
insert into EndScores (end_id, range_score_id, end_number, score_arrow1, score_arrow2, score_arrow3, score_arrow4, score_arrow5, score_arrow6) values ('1739', '290', '5', '9', '8', '8', '7', '3', '2');
insert into EndScores (end_id, range_score_id, end_number, score_arrow1, score_arrow2, score_arrow3, score_arrow4, score_arrow5, score_arrow6) values ('1740', '290', '6', '6', '5', '5', '3', '2', '2');
insert into RangeScores (range_score_id, round_score_id, round_range_id) values ('291', '73', '15');
insert into EndScores (end_id, range_score_id, end_number, score_arrow1, score_arrow2, score_arrow3, score_arrow4, score_arrow5, score_arrow6) values ('1741', '291', '1', '9', '9', '6', '6', '3', '2');
insert into EndScores (end_id, range_score_id, end_number, score_arrow1, score_arrow2, score_arrow3, score_arrow4, score_arrow5, score_arrow6) values ('1742', '291', '2', '9', '8', '7', '3', '2', '1');
insert into EndScores (end_id, range_score_id, end_number, score_arrow1, score_arrow2, score_arrow3, score_arrow4, score_arrow5, score_arrow6) values ('1743', '291', '3', '9', '8', '7', '1', '1', '1');
insert into EndScores (end_id, range_score_id, end_number, score_arrow1, score_arrow2, score_arrow3, score_arrow4, score_arrow5, score_arrow6) values ('1744', '291', '4', '8', '7', '5', '4', '3', '0');
insert into EndScores (end_id, range_score_id, end_number, score_arrow1, score_arrow2, score_arrow3, score_arrow4, score_arrow5, score_arrow6) values ('1745', '291', '5', '9', '9', '6', '3', '2', '2');
insert into EndScores (end_id, range_score_id, end_number, score_arrow1, score_arrow2, score_arrow3, score_arrow4, score_arrow5, score_arrow6) values ('1746', '291', '6', '9', '9', '7', '5', '4', '0');
insert into RangeScores (range_score_id, round_score_id, round_range_id) values ('292', '73', '16');
insert into EndScores (end_id, range_score_id, end_number, score_arrow1, score_arrow2, score_arrow3, score_arrow4, score_arrow5, score_arrow6) values ('1747', '292', '1', '6', '5', '5', '3', '1', '1');
insert into EndScores (end_id, range_score_id, end_number, score_arrow1, score_arrow2, score_arrow3, score_arrow4, score_arrow5, score_arrow6) values ('1748', '292', '2', '7', '6', '6', '6', '6', '2');
insert into EndScores (end_id, range_score_id, end_number, score_arrow1, score_arrow2, score_arrow3, score_arrow4, score_arrow5, score_arrow6) values ('1749', '292', '3', '6', '6', '3', '3', '2', '2');
insert into EndScores (end_id, range_score_id, end_number, score_arrow1, score_arrow2, score_arrow3, score_arrow4, score_arrow5, score_arrow6) values ('1750', '292', '4', '9', '7', '5', '4', '3', '2');
insert into EndScores (end_id, range_score_id, end_number, score_arrow1, score_arrow2, score_arrow3, score_arrow4, score_arrow5, score_arrow6) values ('1751', '292', '5', '9', '9', '8', '5', '3', '2');
insert into EndScores (end_id, range_score_id, end_number, score_arrow1, score_arrow2, score_arrow3, score_arrow4, score_arrow5, score_arrow6) values ('1752', '292', '6', '9', '9', '7', '6', '5', '2');
insert into CompetitionEnrolments (archer_id, competition_id) values ('76', '19');
insert into RoundScores (round_score_id, archer_id, competition_id, round_score_date_time, equipment_id, round_def_id, total_score, category_id) values ('74', '76', '19', '2023-04-23 17:22:56.507', 'B', '3', '657', '19');
insert into RangeScores (range_score_id, round_score_id, round_range_id) values ('293', '74', '9');
insert into EndScores (end_id, range_score_id, end_number, score_arrow1, score_arrow2, score_arrow3, score_arrow4, score_arrow5, score_arrow6) values ('1753', '293', '1', '9', '7', '7', '4', '3', '2');
insert into EndScores (end_id, range_score_id, end_number, score_arrow1, score_arrow2, score_arrow3, score_arrow4, score_arrow5, score_arrow6) values ('1754', '293', '2', '9', '8', '7', '6', '4', '1');
insert into EndScores (end_id, range_score_id, end_number, score_arrow1, score_arrow2, score_arrow3, score_arrow4, score_arrow5, score_arrow6) values ('1755', '293', '3', '9', '7', '6', '5', '2', '2');
insert into EndScores (end_id, range_score_id, end_number, score_arrow1, score_arrow2, score_arrow3, score_arrow4, score_arrow5, score_arrow6) values ('1756', '293', '4', '9', '8', '7', '2', '1', '1');
insert into EndScores (end_id, range_score_id, end_number, score_arrow1, score_arrow2, score_arrow3, score_arrow4, score_arrow5, score_arrow6) values ('1757', '293', '5', '9', '8', '7', '7', '6', '3');
insert into EndScores (end_id, range_score_id, end_number, score_arrow1, score_arrow2, score_arrow3, score_arrow4, score_arrow5, score_arrow6) values ('1758', '293', '6', '8', '6', '5', '3', '2', '0');
insert into RangeScores (range_score_id, round_score_id, round_range_id) values ('294', '74', '10');
insert into EndScores (end_id, range_score_id, end_number, score_arrow1, score_arrow2, score_arrow3, score_arrow4, score_arrow5, score_arrow6) values ('1759', '294', '1', '9', '9', '8', '8', '5', '1');
insert into EndScores (end_id, range_score_id, end_number, score_arrow1, score_arrow2, score_arrow3, score_arrow4, score_arrow5, score_arrow6) values ('1760', '294', '2', '9', '9', '7', '5', '5', '4');
insert into EndScores (end_id, range_score_id, end_number, score_arrow1, score_arrow2, score_arrow3, score_arrow4, score_arrow5, score_arrow6) values ('1761', '294', '3', '8', '2', '1', '1', '0', '0');
insert into EndScores (end_id, range_score_id, end_number, score_arrow1, score_arrow2, score_arrow3, score_arrow4, score_arrow5, score_arrow6) values ('1762', '294', '4', '9', '8', '7', '6', '2', '0');
insert into EndScores (end_id, range_score_id, end_number, score_arrow1, score_arrow2, score_arrow3, score_arrow4, score_arrow5, score_arrow6) values ('1763', '294', '5', '8', '4', '4', '3', '3', '0');
insert into EndScores (end_id, range_score_id, end_number, score_arrow1, score_arrow2, score_arrow3, score_arrow4, score_arrow5, score_arrow6) values ('1764', '294', '6', '7', '6', '5', '3', '2', '1');
insert into RangeScores (range_score_id, round_score_id, round_range_id) values ('295', '74', '11');
insert into EndScores (end_id, range_score_id, end_number, score_arrow1, score_arrow2, score_arrow3, score_arrow4, score_arrow5, score_arrow6) values ('1765', '295', '1', '5', '4', '2', '2', '0', '0');
insert into EndScores (end_id, range_score_id, end_number, score_arrow1, score_arrow2, score_arrow3, score_arrow4, score_arrow5, score_arrow6) values ('1766', '295', '2', '9', '9', '9', '8', '4', '1');
insert into EndScores (end_id, range_score_id, end_number, score_arrow1, score_arrow2, score_arrow3, score_arrow4, score_arrow5, score_arrow6) values ('1767', '295', '3', '6', '6', '5', '3', '2', '0');
insert into EndScores (end_id, range_score_id, end_number, score_arrow1, score_arrow2, score_arrow3, score_arrow4, score_arrow5, score_arrow6) values ('1768', '295', '4', '9', '8', '8', '4', '4', '3');
insert into EndScores (end_id, range_score_id, end_number, score_arrow1, score_arrow2, score_arrow3, score_arrow4, score_arrow5, score_arrow6) values ('1769', '295', '5', '7', '7', '5', '2', '1', '0');
insert into EndScores (end_id, range_score_id, end_number, score_arrow1, score_arrow2, score_arrow3, score_arrow4, score_arrow5, score_arrow6) values ('1770', '295', '6', '8', '3', '3', '1', '1', '0');
insert into RangeScores (range_score_id, round_score_id, round_range_id) values ('296', '74', '12');
insert into EndScores (end_id, range_score_id, end_number, score_arrow1, score_arrow2, score_arrow3, score_arrow4, score_arrow5, score_arrow6) values ('1771', '296', '1', '9', '9', '9', '5', '2', '1');
insert into EndScores (end_id, range_score_id, end_number, score_arrow1, score_arrow2, score_arrow3, score_arrow4, score_arrow5, score_arrow6) values ('1772', '296', '2', '5', '4', '4', '3', '2', '0');
insert into EndScores (end_id, range_score_id, end_number, score_arrow1, score_arrow2, score_arrow3, score_arrow4, score_arrow5, score_arrow6) values ('1773', '296', '3', '8', '4', '2', '2', '1', '0');
insert into EndScores (end_id, range_score_id, end_number, score_arrow1, score_arrow2, score_arrow3, score_arrow4, score_arrow5, score_arrow6) values ('1774', '296', '4', '6', '6', '3', '3', '2', '2');
insert into EndScores (end_id, range_score_id, end_number, score_arrow1, score_arrow2, score_arrow3, score_arrow4, score_arrow5, score_arrow6) values ('1775', '296', '5', '9', '9', '8', '7', '5', '0');
insert into EndScores (end_id, range_score_id, end_number, score_arrow1, score_arrow2, score_arrow3, score_arrow4, score_arrow5, score_arrow6) values ('1776', '296', '6', '9', '5', '3', '2', '0', '0');
insert into CompetitionEnrolments (archer_id, competition_id) values ('77', '60');
insert into RoundScores (round_score_id, archer_id, competition_id, round_score_date_time, equipment_id, round_def_id, total_score, category_id) values ('75', '77', '60', '2023-04-23 14:0:11.625', 'L', '5', '584', '60');
insert into RangeScores (range_score_id, round_score_id, round_range_id) values ('297', '75', '17');
insert into EndScores (end_id, range_score_id, end_number, score_arrow1, score_arrow2, score_arrow3, score_arrow4, score_arrow5, score_arrow6) values ('1777', '297', '1', '5', '4', '2', '2', '0', '0');
insert into EndScores (end_id, range_score_id, end_number, score_arrow1, score_arrow2, score_arrow3, score_arrow4, score_arrow5, score_arrow6) values ('1778', '297', '2', '9', '4', '3', '3', '0', '0');
insert into EndScores (end_id, range_score_id, end_number, score_arrow1, score_arrow2, score_arrow3, score_arrow4, score_arrow5, score_arrow6) values ('1779', '297', '3', '9', '7', '6', '6', '3', '1');
insert into EndScores (end_id, range_score_id, end_number, score_arrow1, score_arrow2, score_arrow3, score_arrow4, score_arrow5, score_arrow6) values ('1780', '297', '4', '9', '9', '6', '3', '2', '0');
insert into EndScores (end_id, range_score_id, end_number, score_arrow1, score_arrow2, score_arrow3, score_arrow4, score_arrow5, score_arrow6) values ('1781', '297', '5', '9', '8', '7', '1', '1', '0');
insert into EndScores (end_id, range_score_id, end_number, score_arrow1, score_arrow2, score_arrow3, score_arrow4, score_arrow5, score_arrow6) values ('1782', '297', '6', '7', '7', '6', '5', '3', '0');
insert into RangeScores (range_score_id, round_score_id, round_range_id) values ('298', '75', '18');
insert into EndScores (end_id, range_score_id, end_number, score_arrow1, score_arrow2, score_arrow3, score_arrow4, score_arrow5, score_arrow6) values ('1783', '298', '1', '8', '8', '3', '2', '1', '0');
insert into EndScores (end_id, range_score_id, end_number, score_arrow1, score_arrow2, score_arrow3, score_arrow4, score_arrow5, score_arrow6) values ('1784', '298', '2', '8', '7', '5', '4', '3', '0');
insert into EndScores (end_id, range_score_id, end_number, score_arrow1, score_arrow2, score_arrow3, score_arrow4, score_arrow5, score_arrow6) values ('1785', '298', '3', '7', '7', '6', '2', '1', '0');
insert into EndScores (end_id, range_score_id, end_number, score_arrow1, score_arrow2, score_arrow3, score_arrow4, score_arrow5, score_arrow6) values ('1786', '298', '4', '9', '5', '5', '4', '1', '1');
insert into EndScores (end_id, range_score_id, end_number, score_arrow1, score_arrow2, score_arrow3, score_arrow4, score_arrow5, score_arrow6) values ('1787', '298', '5', '7', '6', '3', '2', '1', '0');
insert into EndScores (end_id, range_score_id, end_number, score_arrow1, score_arrow2, score_arrow3, score_arrow4, score_arrow5, score_arrow6) values ('1788', '298', '6', '9', '8', '5', '3', '1', '0');
insert into RangeScores (range_score_id, round_score_id, round_range_id) values ('299', '75', '19');
insert into EndScores (end_id, range_score_id, end_number, score_arrow1, score_arrow2, score_arrow3, score_arrow4, score_arrow5, score_arrow6) values ('1789', '299', '1', '8', '6', '5', '4', '2', '2');
insert into EndScores (end_id, range_score_id, end_number, score_arrow1, score_arrow2, score_arrow3, score_arrow4, score_arrow5, score_arrow6) values ('1790', '299', '2', '9', '8', '6', '5', '1', '0');
insert into EndScores (end_id, range_score_id, end_number, score_arrow1, score_arrow2, score_arrow3, score_arrow4, score_arrow5, score_arrow6) values ('1791', '299', '3', '6', '6', '5', '4', '3', '1');
insert into EndScores (end_id, range_score_id, end_number, score_arrow1, score_arrow2, score_arrow3, score_arrow4, score_arrow5, score_arrow6) values ('1792', '299', '4', '7', '7', '4', '2', '1', '0');
insert into EndScores (end_id, range_score_id, end_number, score_arrow1, score_arrow2, score_arrow3, score_arrow4, score_arrow5, score_arrow6) values ('1793', '299', '5', '8', '6', '6', '6', '5', '2');
insert into EndScores (end_id, range_score_id, end_number, score_arrow1, score_arrow2, score_arrow3, score_arrow4, score_arrow5, score_arrow6) values ('1794', '299', '6', '9', '5', '1', '1', '0', '0');
insert into RangeScores (range_score_id, round_score_id, round_range_id) values ('300', '75', '20');
insert into EndScores (end_id, range_score_id, end_number, score_arrow1, score_arrow2, score_arrow3, score_arrow4, score_arrow5, score_arrow6) values ('1795', '300', '1', '9', '7', '2', '2', '1', '0');
insert into EndScores (end_id, range_score_id, end_number, score_arrow1, score_arrow2, score_arrow3, score_arrow4, score_arrow5, score_arrow6) values ('1796', '300', '2', '9', '8', '8', '2', '2', '2');
insert into EndScores (end_id, range_score_id, end_number, score_arrow1, score_arrow2, score_arrow3, score_arrow4, score_arrow5, score_arrow6) values ('1797', '300', '3', '6', '4', '2', '1', '1', '1');
insert into EndScores (end_id, range_score_id, end_number, score_arrow1, score_arrow2, score_arrow3, score_arrow4, score_arrow5, score_arrow6) values ('1798', '300', '4', '7', '3', '3', '0', '0', '0');
insert into EndScores (end_id, range_score_id, end_number, score_arrow1, score_arrow2, score_arrow3, score_arrow4, score_arrow5, score_arrow6) values ('1799', '300', '5', '9', '7', '7', '6', '3', '3');
insert into EndScores (end_id, range_score_id, end_number, score_arrow1, score_arrow2, score_arrow3, score_arrow4, score_arrow5, score_arrow6) values ('1800', '300', '6', '8', '6', '5', '5', '3', '2');
insert into CompetitionEnrolments (archer_id, competition_id) values ('78', '2');
insert into RoundScores (round_score_id, archer_id, competition_id, round_score_date_time, equipment_id, round_def_id, total_score, category_id) values ('76', '78', '2', '2023-04-23 12:34:47.357', 'C', '1', '623', '2');
insert into RangeScores (range_score_id, round_score_id, round_range_id) values ('301', '76', '1');
insert into EndScores (end_id, range_score_id, end_number, score_arrow1, score_arrow2, score_arrow3, score_arrow4, score_arrow5, score_arrow6) values ('1801', '301', '1', '8', '5', '4', '3', '3', '3');
insert into EndScores (end_id, range_score_id, end_number, score_arrow1, score_arrow2, score_arrow3, score_arrow4, score_arrow5, score_arrow6) values ('1802', '301', '2', '9', '9', '6', '5', '4', '0');
insert into EndScores (end_id, range_score_id, end_number, score_arrow1, score_arrow2, score_arrow3, score_arrow4, score_arrow5, score_arrow6) values ('1803', '301', '3', '7', '6', '5', '4', '4', '1');
insert into EndScores (end_id, range_score_id, end_number, score_arrow1, score_arrow2, score_arrow3, score_arrow4, score_arrow5, score_arrow6) values ('1804', '301', '4', '7', '7', '6', '5', '4', '2');
insert into EndScores (end_id, range_score_id, end_number, score_arrow1, score_arrow2, score_arrow3, score_arrow4, score_arrow5, score_arrow6) values ('1805', '301', '5', '9', '6', '1', '1', '1', '0');
insert into EndScores (end_id, range_score_id, end_number, score_arrow1, score_arrow2, score_arrow3, score_arrow4, score_arrow5, score_arrow6) values ('1806', '301', '6', '8', '7', '7', '5', '5', '2');
insert into RangeScores (range_score_id, round_score_id, round_range_id) values ('302', '76', '2');
insert into EndScores (end_id, range_score_id, end_number, score_arrow1, score_arrow2, score_arrow3, score_arrow4, score_arrow5, score_arrow6) values ('1807', '302', '1', '9', '8', '6', '4', '2', '0');
insert into EndScores (end_id, range_score_id, end_number, score_arrow1, score_arrow2, score_arrow3, score_arrow4, score_arrow5, score_arrow6) values ('1808', '302', '2', '7', '4', '3', '1', '0', '0');
insert into EndScores (end_id, range_score_id, end_number, score_arrow1, score_arrow2, score_arrow3, score_arrow4, score_arrow5, score_arrow6) values ('1809', '302', '3', '9', '8', '8', '8', '4', '2');
insert into EndScores (end_id, range_score_id, end_number, score_arrow1, score_arrow2, score_arrow3, score_arrow4, score_arrow5, score_arrow6) values ('1810', '302', '4', '8', '7', '3', '2', '1', '1');
insert into EndScores (end_id, range_score_id, end_number, score_arrow1, score_arrow2, score_arrow3, score_arrow4, score_arrow5, score_arrow6) values ('1811', '302', '5', '6', '4', '3', '3', '2', '1');
insert into EndScores (end_id, range_score_id, end_number, score_arrow1, score_arrow2, score_arrow3, score_arrow4, score_arrow5, score_arrow6) values ('1812', '302', '6', '8', '5', '5', '2', '2', '2');
insert into RangeScores (range_score_id, round_score_id, round_range_id) values ('303', '76', '3');
insert into EndScores (end_id, range_score_id, end_number, score_arrow1, score_arrow2, score_arrow3, score_arrow4, score_arrow5, score_arrow6) values ('1813', '303', '1', '9', '8', '8', '3', '1', '0');
insert into EndScores (end_id, range_score_id, end_number, score_arrow1, score_arrow2, score_arrow3, score_arrow4, score_arrow5, score_arrow6) values ('1814', '303', '2', '8', '3', '3', '1', '0', '0');
insert into EndScores (end_id, range_score_id, end_number, score_arrow1, score_arrow2, score_arrow3, score_arrow4, score_arrow5, score_arrow6) values ('1815', '303', '3', '7', '6', '6', '3', '2', '0');
insert into EndScores (end_id, range_score_id, end_number, score_arrow1, score_arrow2, score_arrow3, score_arrow4, score_arrow5, score_arrow6) values ('1816', '303', '4', '9', '8', '7', '6', '4', '2');
insert into EndScores (end_id, range_score_id, end_number, score_arrow1, score_arrow2, score_arrow3, score_arrow4, score_arrow5, score_arrow6) values ('1817', '303', '5', '7', '7', '3', '3', '0', '0');
insert into EndScores (end_id, range_score_id, end_number, score_arrow1, score_arrow2, score_arrow3, score_arrow4, score_arrow5, score_arrow6) values ('1818', '303', '6', '6', '5', '5', '2', '1', '0');
insert into RangeScores (range_score_id, round_score_id, round_range_id) values ('304', '76', '4');
insert into EndScores (end_id, range_score_id, end_number, score_arrow1, score_arrow2, score_arrow3, score_arrow4, score_arrow5, score_arrow6) values ('1819', '304', '1', '8', '6', '6', '5', '4', '2');
insert into EndScores (end_id, range_score_id, end_number, score_arrow1, score_arrow2, score_arrow3, score_arrow4, score_arrow5, score_arrow6) values ('1820', '304', '2', '9', '8', '4', '2', '1', '0');
insert into EndScores (end_id, range_score_id, end_number, score_arrow1, score_arrow2, score_arrow3, score_arrow4, score_arrow5, score_arrow6) values ('1821', '304', '3', '9', '4', '2', '1', '1', '0');
insert into EndScores (end_id, range_score_id, end_number, score_arrow1, score_arrow2, score_arrow3, score_arrow4, score_arrow5, score_arrow6) values ('1822', '304', '4', '8', '8', '7', '4', '1', '0');
insert into EndScores (end_id, range_score_id, end_number, score_arrow1, score_arrow2, score_arrow3, score_arrow4, score_arrow5, score_arrow6) values ('1823', '304', '5', '8', '7', '5', '4', '2', '2');
insert into EndScores (end_id, range_score_id, end_number, score_arrow1, score_arrow2, score_arrow3, score_arrow4, score_arrow5, score_arrow6) values ('1824', '304', '6', '8', '8', '7', '6', '5', '1');
insert into CompetitionEnrolments (archer_id, competition_id) values ('79', '4');
insert into RoundScores (round_score_id, archer_id, competition_id, round_score_date_time, equipment_id, round_def_id, total_score, category_id) values ('77', '79', '4', '2023-04-23 10:50:50.492', 'L', '3', '695', '4');
insert into RangeScores (range_score_id, round_score_id, round_range_id) values ('305', '77', '9');
insert into EndScores (end_id, range_score_id, end_number, score_arrow1, score_arrow2, score_arrow3, score_arrow4, score_arrow5, score_arrow6) values ('1825', '305', '1', '8', '8', '7', '6', '4', '4');
insert into EndScores (end_id, range_score_id, end_number, score_arrow1, score_arrow2, score_arrow3, score_arrow4, score_arrow5, score_arrow6) values ('1826', '305', '2', '8', '8', '7', '3', '3', '1');
insert into EndScores (end_id, range_score_id, end_number, score_arrow1, score_arrow2, score_arrow3, score_arrow4, score_arrow5, score_arrow6) values ('1827', '305', '3', '8', '8', '7', '2', '2', '1');
insert into EndScores (end_id, range_score_id, end_number, score_arrow1, score_arrow2, score_arrow3, score_arrow4, score_arrow5, score_arrow6) values ('1828', '305', '4', '8', '7', '7', '5', '2', '1');
insert into EndScores (end_id, range_score_id, end_number, score_arrow1, score_arrow2, score_arrow3, score_arrow4, score_arrow5, score_arrow6) values ('1829', '305', '5', '9', '8', '6', '6', '6', '4');
insert into EndScores (end_id, range_score_id, end_number, score_arrow1, score_arrow2, score_arrow3, score_arrow4, score_arrow5, score_arrow6) values ('1830', '305', '6', '9', '9', '4', '2', '1', '0');
insert into RangeScores (range_score_id, round_score_id, round_range_id) values ('306', '77', '10');
insert into EndScores (end_id, range_score_id, end_number, score_arrow1, score_arrow2, score_arrow3, score_arrow4, score_arrow5, score_arrow6) values ('1831', '306', '1', '9', '6', '3', '1', '1', '0');
insert into EndScores (end_id, range_score_id, end_number, score_arrow1, score_arrow2, score_arrow3, score_arrow4, score_arrow5, score_arrow6) values ('1832', '306', '2', '8', '7', '6', '6', '2', '0');
insert into EndScores (end_id, range_score_id, end_number, score_arrow1, score_arrow2, score_arrow3, score_arrow4, score_arrow5, score_arrow6) values ('1833', '306', '3', '8', '7', '5', '4', '4', '2');
insert into EndScores (end_id, range_score_id, end_number, score_arrow1, score_arrow2, score_arrow3, score_arrow4, score_arrow5, score_arrow6) values ('1834', '306', '4', '9', '4', '3', '1', '1', '0');
insert into EndScores (end_id, range_score_id, end_number, score_arrow1, score_arrow2, score_arrow3, score_arrow4, score_arrow5, score_arrow6) values ('1835', '306', '5', '8', '7', '6', '1', '1', '1');
insert into EndScores (end_id, range_score_id, end_number, score_arrow1, score_arrow2, score_arrow3, score_arrow4, score_arrow5, score_arrow6) values ('1836', '306', '6', '8', '8', '7', '6', '2', '0');
insert into RangeScores (range_score_id, round_score_id, round_range_id) values ('307', '77', '11');
insert into EndScores (end_id, range_score_id, end_number, score_arrow1, score_arrow2, score_arrow3, score_arrow4, score_arrow5, score_arrow6) values ('1837', '307', '1', '9', '8', '6', '3', '1', '1');
insert into EndScores (end_id, range_score_id, end_number, score_arrow1, score_arrow2, score_arrow3, score_arrow4, score_arrow5, score_arrow6) values ('1838', '307', '2', '9', '9', '8', '6', '5', '3');
insert into EndScores (end_id, range_score_id, end_number, score_arrow1, score_arrow2, score_arrow3, score_arrow4, score_arrow5, score_arrow6) values ('1839', '307', '3', '9', '9', '8', '4', '3', '3');
insert into EndScores (end_id, range_score_id, end_number, score_arrow1, score_arrow2, score_arrow3, score_arrow4, score_arrow5, score_arrow6) values ('1840', '307', '4', '9', '9', '9', '4', '3', '3');
insert into EndScores (end_id, range_score_id, end_number, score_arrow1, score_arrow2, score_arrow3, score_arrow4, score_arrow5, score_arrow6) values ('1841', '307', '5', '9', '8', '7', '6', '6', '4');
insert into EndScores (end_id, range_score_id, end_number, score_arrow1, score_arrow2, score_arrow3, score_arrow4, score_arrow5, score_arrow6) values ('1842', '307', '6', '8', '7', '7', '5', '1', '1');
insert into RangeScores (range_score_id, round_score_id, round_range_id) values ('308', '77', '12');
insert into EndScores (end_id, range_score_id, end_number, score_arrow1, score_arrow2, score_arrow3, score_arrow4, score_arrow5, score_arrow6) values ('1843', '308', '1', '9', '8', '6', '5', '3', '0');
insert into EndScores (end_id, range_score_id, end_number, score_arrow1, score_arrow2, score_arrow3, score_arrow4, score_arrow5, score_arrow6) values ('1844', '308', '2', '9', '3', '3', '1', '0', '0');
insert into EndScores (end_id, range_score_id, end_number, score_arrow1, score_arrow2, score_arrow3, score_arrow4, score_arrow5, score_arrow6) values ('1845', '308', '3', '8', '8', '6', '5', '3', '0');
insert into EndScores (end_id, range_score_id, end_number, score_arrow1, score_arrow2, score_arrow3, score_arrow4, score_arrow5, score_arrow6) values ('1846', '308', '4', '7', '6', '6', '3', '2', '1');
insert into EndScores (end_id, range_score_id, end_number, score_arrow1, score_arrow2, score_arrow3, score_arrow4, score_arrow5, score_arrow6) values ('1847', '308', '5', '6', '3', '3', '1', '1', '1');
insert into EndScores (end_id, range_score_id, end_number, score_arrow1, score_arrow2, score_arrow3, score_arrow4, score_arrow5, score_arrow6) values ('1848', '308', '6', '8', '6', '6', '4', '2', '1');
insert into CompetitionEnrolments (archer_id, competition_id) values ('80', '25');
insert into RoundScores (round_score_id, archer_id, competition_id, round_score_date_time, equipment_id, round_def_id, total_score, category_id) values ('78', '80', '25', '2023-04-23 9:41:52.872', 'R', '3', '654', '25');
insert into RangeScores (range_score_id, round_score_id, round_range_id) values ('309', '78', '9');
insert into EndScores (end_id, range_score_id, end_number, score_arrow1, score_arrow2, score_arrow3, score_arrow4, score_arrow5, score_arrow6) values ('1849', '309', '1', '8', '7', '7', '5', '5', '1');
insert into EndScores (end_id, range_score_id, end_number, score_arrow1, score_arrow2, score_arrow3, score_arrow4, score_arrow5, score_arrow6) values ('1850', '309', '2', '9', '9', '8', '3', '3', '0');
insert into EndScores (end_id, range_score_id, end_number, score_arrow1, score_arrow2, score_arrow3, score_arrow4, score_arrow5, score_arrow6) values ('1851', '309', '3', '7', '6', '4', '3', '3', '0');
insert into EndScores (end_id, range_score_id, end_number, score_arrow1, score_arrow2, score_arrow3, score_arrow4, score_arrow5, score_arrow6) values ('1852', '309', '4', '9', '8', '6', '3', '2', '1');
insert into EndScores (end_id, range_score_id, end_number, score_arrow1, score_arrow2, score_arrow3, score_arrow4, score_arrow5, score_arrow6) values ('1853', '309', '5', '8', '7', '7', '5', '5', '1');
insert into EndScores (end_id, range_score_id, end_number, score_arrow1, score_arrow2, score_arrow3, score_arrow4, score_arrow5, score_arrow6) values ('1854', '309', '6', '7', '4', '2', '2', '1', '0');
insert into RangeScores (range_score_id, round_score_id, round_range_id) values ('310', '78', '10');
insert into EndScores (end_id, range_score_id, end_number, score_arrow1, score_arrow2, score_arrow3, score_arrow4, score_arrow5, score_arrow6) values ('1855', '310', '1', '9', '9', '7', '6', '6', '2');
insert into EndScores (end_id, range_score_id, end_number, score_arrow1, score_arrow2, score_arrow3, score_arrow4, score_arrow5, score_arrow6) values ('1856', '310', '2', '9', '8', '7', '6', '5', '1');
insert into EndScores (end_id, range_score_id, end_number, score_arrow1, score_arrow2, score_arrow3, score_arrow4, score_arrow5, score_arrow6) values ('1857', '310', '3', '8', '6', '6', '3', '1', '0');
insert into EndScores (end_id, range_score_id, end_number, score_arrow1, score_arrow2, score_arrow3, score_arrow4, score_arrow5, score_arrow6) values ('1858', '310', '4', '9', '9', '5', '2', '2', '1');
insert into EndScores (end_id, range_score_id, end_number, score_arrow1, score_arrow2, score_arrow3, score_arrow4, score_arrow5, score_arrow6) values ('1859', '310', '5', '7', '4', '2', '2', '2', '0');
insert into EndScores (end_id, range_score_id, end_number, score_arrow1, score_arrow2, score_arrow3, score_arrow4, score_arrow5, score_arrow6) values ('1860', '310', '6', '7', '7', '6', '5', '3', '0');
insert into RangeScores (range_score_id, round_score_id, round_range_id) values ('311', '78', '11');
insert into EndScores (end_id, range_score_id, end_number, score_arrow1, score_arrow2, score_arrow3, score_arrow4, score_arrow5, score_arrow6) values ('1861', '311', '1', '6', '5', '4', '3', '0', '0');
insert into EndScores (end_id, range_score_id, end_number, score_arrow1, score_arrow2, score_arrow3, score_arrow4, score_arrow5, score_arrow6) values ('1862', '311', '2', '8', '7', '4', '3', '0', '0');
insert into EndScores (end_id, range_score_id, end_number, score_arrow1, score_arrow2, score_arrow3, score_arrow4, score_arrow5, score_arrow6) values ('1863', '311', '3', '9', '9', '8', '5', '5', '4');
insert into EndScores (end_id, range_score_id, end_number, score_arrow1, score_arrow2, score_arrow3, score_arrow4, score_arrow5, score_arrow6) values ('1864', '311', '4', '8', '8', '7', '6', '5', '0');
insert into EndScores (end_id, range_score_id, end_number, score_arrow1, score_arrow2, score_arrow3, score_arrow4, score_arrow5, score_arrow6) values ('1865', '311', '5', '8', '7', '7', '4', '3', '0');
insert into EndScores (end_id, range_score_id, end_number, score_arrow1, score_arrow2, score_arrow3, score_arrow4, score_arrow5, score_arrow6) values ('1866', '311', '6', '8', '7', '7', '3', '1', '1');
insert into RangeScores (range_score_id, round_score_id, round_range_id) values ('312', '78', '12');
insert into EndScores (end_id, range_score_id, end_number, score_arrow1, score_arrow2, score_arrow3, score_arrow4, score_arrow5, score_arrow6) values ('1867', '312', '1', '9', '8', '8', '4', '1', '0');
insert into EndScores (end_id, range_score_id, end_number, score_arrow1, score_arrow2, score_arrow3, score_arrow4, score_arrow5, score_arrow6) values ('1868', '312', '2', '9', '4', '2', '1', '1', '0');
insert into EndScores (end_id, range_score_id, end_number, score_arrow1, score_arrow2, score_arrow3, score_arrow4, score_arrow5, score_arrow6) values ('1869', '312', '3', '7', '4', '4', '3', '1', '0');
insert into EndScores (end_id, range_score_id, end_number, score_arrow1, score_arrow2, score_arrow3, score_arrow4, score_arrow5, score_arrow6) values ('1870', '312', '4', '9', '7', '7', '6', '4', '0');
insert into EndScores (end_id, range_score_id, end_number, score_arrow1, score_arrow2, score_arrow3, score_arrow4, score_arrow5, score_arrow6) values ('1871', '312', '5', '9', '4', '4', '2', '2', '1');
insert into EndScores (end_id, range_score_id, end_number, score_arrow1, score_arrow2, score_arrow3, score_arrow4, score_arrow5, score_arrow6) values ('1872', '312', '6', '8', '6', '4', '3', '3', '1');
insert into CompetitionEnrolments (archer_id, competition_id) values ('81', '28');
insert into RoundScores (round_score_id, archer_id, competition_id, round_score_date_time, equipment_id, round_def_id, total_score, category_id) values ('79', '81', '28', '2023-04-23 10:12:38.198', 'L', '4', '688', '28');
insert into RangeScores (range_score_id, round_score_id, round_range_id) values ('313', '79', '13');
insert into EndScores (end_id, range_score_id, end_number, score_arrow1, score_arrow2, score_arrow3, score_arrow4, score_arrow5, score_arrow6) values ('1873', '313', '1', '8', '6', '5', '3', '2', '2');
insert into EndScores (end_id, range_score_id, end_number, score_arrow1, score_arrow2, score_arrow3, score_arrow4, score_arrow5, score_arrow6) values ('1874', '313', '2', '7', '7', '6', '4', '4', '0');
insert into EndScores (end_id, range_score_id, end_number, score_arrow1, score_arrow2, score_arrow3, score_arrow4, score_arrow5, score_arrow6) values ('1875', '313', '3', '9', '8', '7', '7', '5', '1');
insert into EndScores (end_id, range_score_id, end_number, score_arrow1, score_arrow2, score_arrow3, score_arrow4, score_arrow5, score_arrow6) values ('1876', '313', '4', '9', '8', '7', '6', '5', '5');
insert into EndScores (end_id, range_score_id, end_number, score_arrow1, score_arrow2, score_arrow3, score_arrow4, score_arrow5, score_arrow6) values ('1877', '313', '5', '9', '8', '5', '4', '3', '3');
insert into EndScores (end_id, range_score_id, end_number, score_arrow1, score_arrow2, score_arrow3, score_arrow4, score_arrow5, score_arrow6) values ('1878', '313', '6', '8', '7', '7', '6', '4', '3');
insert into RangeScores (range_score_id, round_score_id, round_range_id) values ('314', '79', '14');
insert into EndScores (end_id, range_score_id, end_number, score_arrow1, score_arrow2, score_arrow3, score_arrow4, score_arrow5, score_arrow6) values ('1879', '314', '1', '9', '7', '5', '0', '0', '0');
insert into EndScores (end_id, range_score_id, end_number, score_arrow1, score_arrow2, score_arrow3, score_arrow4, score_arrow5, score_arrow6) values ('1880', '314', '2', '5', '4', '3', '3', '3', '1');
insert into EndScores (end_id, range_score_id, end_number, score_arrow1, score_arrow2, score_arrow3, score_arrow4, score_arrow5, score_arrow6) values ('1881', '314', '3', '9', '8', '7', '5', '1', '1');
insert into EndScores (end_id, range_score_id, end_number, score_arrow1, score_arrow2, score_arrow3, score_arrow4, score_arrow5, score_arrow6) values ('1882', '314', '4', '8', '8', '7', '2', '2', '1');
insert into EndScores (end_id, range_score_id, end_number, score_arrow1, score_arrow2, score_arrow3, score_arrow4, score_arrow5, score_arrow6) values ('1883', '314', '5', '8', '3', '3', '2', '0', '0');
insert into EndScores (end_id, range_score_id, end_number, score_arrow1, score_arrow2, score_arrow3, score_arrow4, score_arrow5, score_arrow6) values ('1884', '314', '6', '8', '7', '7', '3', '1', '0');
insert into RangeScores (range_score_id, round_score_id, round_range_id) values ('315', '79', '15');
insert into EndScores (end_id, range_score_id, end_number, score_arrow1, score_arrow2, score_arrow3, score_arrow4, score_arrow5, score_arrow6) values ('1885', '315', '1', '9', '7', '6', '5', '4', '2');
insert into EndScores (end_id, range_score_id, end_number, score_arrow1, score_arrow2, score_arrow3, score_arrow4, score_arrow5, score_arrow6) values ('1886', '315', '2', '9', '7', '7', '6', '5', '2');
insert into EndScores (end_id, range_score_id, end_number, score_arrow1, score_arrow2, score_arrow3, score_arrow4, score_arrow5, score_arrow6) values ('1887', '315', '3', '9', '8', '5', '5', '4', '0');
insert into EndScores (end_id, range_score_id, end_number, score_arrow1, score_arrow2, score_arrow3, score_arrow4, score_arrow5, score_arrow6) values ('1888', '315', '4', '9', '8', '6', '6', '2', '1');
insert into EndScores (end_id, range_score_id, end_number, score_arrow1, score_arrow2, score_arrow3, score_arrow4, score_arrow5, score_arrow6) values ('1889', '315', '5', '8', '6', '4', '3', '1', '0');
insert into EndScores (end_id, range_score_id, end_number, score_arrow1, score_arrow2, score_arrow3, score_arrow4, score_arrow5, score_arrow6) values ('1890', '315', '6', '9', '6', '5', '4', '3', '1');
insert into RangeScores (range_score_id, round_score_id, round_range_id) values ('316', '79', '16');
insert into EndScores (end_id, range_score_id, end_number, score_arrow1, score_arrow2, score_arrow3, score_arrow4, score_arrow5, score_arrow6) values ('1891', '316', '1', '8', '8', '6', '3', '3', '2');
insert into EndScores (end_id, range_score_id, end_number, score_arrow1, score_arrow2, score_arrow3, score_arrow4, score_arrow5, score_arrow6) values ('1892', '316', '2', '9', '5', '2', '2', '1', '0');
insert into EndScores (end_id, range_score_id, end_number, score_arrow1, score_arrow2, score_arrow3, score_arrow4, score_arrow5, score_arrow6) values ('1893', '316', '3', '8', '6', '4', '1', '1', '1');
insert into EndScores (end_id, range_score_id, end_number, score_arrow1, score_arrow2, score_arrow3, score_arrow4, score_arrow5, score_arrow6) values ('1894', '316', '4', '6', '6', '5', '4', '1', '1');
insert into EndScores (end_id, range_score_id, end_number, score_arrow1, score_arrow2, score_arrow3, score_arrow4, score_arrow5, score_arrow6) values ('1895', '316', '5', '9', '9', '7', '7', '7', '0');
insert into EndScores (end_id, range_score_id, end_number, score_arrow1, score_arrow2, score_arrow3, score_arrow4, score_arrow5, score_arrow6) values ('1896', '316', '6', '9', '7', '6', '6', '5', '2');
insert into CompetitionEnrolments (archer_id, competition_id) values ('82', '3');
insert into RoundScores (round_score_id, archer_id, competition_id, round_score_date_time, equipment_id, round_def_id, total_score, category_id) values ('80', '82', '3', '2023-04-23 11:39:6.683', 'B', '2', '578', '3');
insert into RangeScores (range_score_id, round_score_id, round_range_id) values ('317', '80', '5');
insert into EndScores (end_id, range_score_id, end_number, score_arrow1, score_arrow2, score_arrow3, score_arrow4, score_arrow5, score_arrow6) values ('1897', '317', '1', '8', '5', '3', '2', '1', '0');
insert into EndScores (end_id, range_score_id, end_number, score_arrow1, score_arrow2, score_arrow3, score_arrow4, score_arrow5, score_arrow6) values ('1898', '317', '2', '8', '5', '4', '2', '1', '0');
insert into EndScores (end_id, range_score_id, end_number, score_arrow1, score_arrow2, score_arrow3, score_arrow4, score_arrow5, score_arrow6) values ('1899', '317', '3', '7', '6', '5', '5', '2', '1');
insert into EndScores (end_id, range_score_id, end_number, score_arrow1, score_arrow2, score_arrow3, score_arrow4, score_arrow5, score_arrow6) values ('1900', '317', '4', '8', '8', '6', '6', '4', '0');
insert into EndScores (end_id, range_score_id, end_number, score_arrow1, score_arrow2, score_arrow3, score_arrow4, score_arrow5, score_arrow6) values ('1901', '317', '5', '8', '6', '5', '4', '2', '0');
insert into EndScores (end_id, range_score_id, end_number, score_arrow1, score_arrow2, score_arrow3, score_arrow4, score_arrow5, score_arrow6) values ('1902', '317', '6', '4', '3', '3', '3', '1', '0');
insert into RangeScores (range_score_id, round_score_id, round_range_id) values ('318', '80', '6');
insert into EndScores (end_id, range_score_id, end_number, score_arrow1, score_arrow2, score_arrow3, score_arrow4, score_arrow5, score_arrow6) values ('1903', '318', '1', '5', '3', '2', '1', '0', '0');
insert into EndScores (end_id, range_score_id, end_number, score_arrow1, score_arrow2, score_arrow3, score_arrow4, score_arrow5, score_arrow6) values ('1904', '318', '2', '6', '3', '1', '1', '1', '0');
insert into EndScores (end_id, range_score_id, end_number, score_arrow1, score_arrow2, score_arrow3, score_arrow4, score_arrow5, score_arrow6) values ('1905', '318', '3', '9', '8', '3', '1', '1', '0');
insert into EndScores (end_id, range_score_id, end_number, score_arrow1, score_arrow2, score_arrow3, score_arrow4, score_arrow5, score_arrow6) values ('1906', '318', '4', '6', '4', '3', '2', '0', '0');
insert into EndScores (end_id, range_score_id, end_number, score_arrow1, score_arrow2, score_arrow3, score_arrow4, score_arrow5, score_arrow6) values ('1907', '318', '5', '9', '8', '4', '3', '2', '2');
insert into EndScores (end_id, range_score_id, end_number, score_arrow1, score_arrow2, score_arrow3, score_arrow4, score_arrow5, score_arrow6) values ('1908', '318', '6', '9', '8', '7', '5', '4', '0');
insert into RangeScores (range_score_id, round_score_id, round_range_id) values ('319', '80', '7');
insert into EndScores (end_id, range_score_id, end_number, score_arrow1, score_arrow2, score_arrow3, score_arrow4, score_arrow5, score_arrow6) values ('1909', '319', '1', '6', '5', '3', '3', '2', '2');
insert into EndScores (end_id, range_score_id, end_number, score_arrow1, score_arrow2, score_arrow3, score_arrow4, score_arrow5, score_arrow6) values ('1910', '319', '2', '9', '6', '6', '5', '2', '1');
insert into EndScores (end_id, range_score_id, end_number, score_arrow1, score_arrow2, score_arrow3, score_arrow4, score_arrow5, score_arrow6) values ('1911', '319', '3', '8', '5', '3', '3', '2', '1');
insert into EndScores (end_id, range_score_id, end_number, score_arrow1, score_arrow2, score_arrow3, score_arrow4, score_arrow5, score_arrow6) values ('1912', '319', '4', '9', '8', '6', '3', '2', '1');
insert into EndScores (end_id, range_score_id, end_number, score_arrow1, score_arrow2, score_arrow3, score_arrow4, score_arrow5, score_arrow6) values ('1913', '319', '5', '8', '5', '4', '3', '1', '0');
insert into EndScores (end_id, range_score_id, end_number, score_arrow1, score_arrow2, score_arrow3, score_arrow4, score_arrow5, score_arrow6) values ('1914', '319', '6', '8', '7', '7', '2', '1', '0');
insert into RangeScores (range_score_id, round_score_id, round_range_id) values ('320', '80', '8');
insert into EndScores (end_id, range_score_id, end_number, score_arrow1, score_arrow2, score_arrow3, score_arrow4, score_arrow5, score_arrow6) values ('1915', '320', '1', '8', '6', '6', '6', '2', '1');
insert into EndScores (end_id, range_score_id, end_number, score_arrow1, score_arrow2, score_arrow3, score_arrow4, score_arrow5, score_arrow6) values ('1916', '320', '2', '8', '7', '5', '4', '3', '1');
insert into EndScores (end_id, range_score_id, end_number, score_arrow1, score_arrow2, score_arrow3, score_arrow4, score_arrow5, score_arrow6) values ('1917', '320', '3', '9', '9', '7', '5', '2', '1');
insert into EndScores (end_id, range_score_id, end_number, score_arrow1, score_arrow2, score_arrow3, score_arrow4, score_arrow5, score_arrow6) values ('1918', '320', '4', '9', '5', '5', '3', '2', '1');
insert into EndScores (end_id, range_score_id, end_number, score_arrow1, score_arrow2, score_arrow3, score_arrow4, score_arrow5, score_arrow6) values ('1919', '320', '5', '8', '8', '6', '5', '1', '0');
insert into EndScores (end_id, range_score_id, end_number, score_arrow1, score_arrow2, score_arrow3, score_arrow4, score_arrow5, score_arrow6) values ('1920', '320', '6', '9', '8', '8', '5', '1', '0');
insert into CompetitionEnrolments (archer_id, competition_id) values ('83', '8');
insert into RoundScores (round_score_id, archer_id, competition_id, round_score_date_time, equipment_id, round_def_id, total_score, category_id) values ('81', '83', '8', '2023-04-23 18:33:29.760', 'L', '4', '651', '8');
insert into RangeScores (range_score_id, round_score_id, round_range_id) values ('321', '81', '13');
insert into EndScores (end_id, range_score_id, end_number, score_arrow1, score_arrow2, score_arrow3, score_arrow4, score_arrow5, score_arrow6) values ('1921', '321', '1', '7', '5', '4', '3', '2', '1');
insert into EndScores (end_id, range_score_id, end_number, score_arrow1, score_arrow2, score_arrow3, score_arrow4, score_arrow5, score_arrow6) values ('1922', '321', '2', '9', '9', '9', '5', '3', '2');
insert into EndScores (end_id, range_score_id, end_number, score_arrow1, score_arrow2, score_arrow3, score_arrow4, score_arrow5, score_arrow6) values ('1923', '321', '3', '9', '8', '7', '6', '3', '0');
insert into EndScores (end_id, range_score_id, end_number, score_arrow1, score_arrow2, score_arrow3, score_arrow4, score_arrow5, score_arrow6) values ('1924', '321', '4', '8', '7', '3', '2', '1', '0');
insert into EndScores (end_id, range_score_id, end_number, score_arrow1, score_arrow2, score_arrow3, score_arrow4, score_arrow5, score_arrow6) values ('1925', '321', '5', '7', '5', '5', '4', '2', '0');
insert into EndScores (end_id, range_score_id, end_number, score_arrow1, score_arrow2, score_arrow3, score_arrow4, score_arrow5, score_arrow6) values ('1926', '321', '6', '9', '8', '7', '6', '4', '2');
insert into RangeScores (range_score_id, round_score_id, round_range_id) values ('322', '81', '14');
insert into EndScores (end_id, range_score_id, end_number, score_arrow1, score_arrow2, score_arrow3, score_arrow4, score_arrow5, score_arrow6) values ('1927', '322', '1', '6', '6', '2', '2', '2', '0');
insert into EndScores (end_id, range_score_id, end_number, score_arrow1, score_arrow2, score_arrow3, score_arrow4, score_arrow5, score_arrow6) values ('1928', '322', '2', '9', '9', '7', '7', '6', '0');
insert into EndScores (end_id, range_score_id, end_number, score_arrow1, score_arrow2, score_arrow3, score_arrow4, score_arrow5, score_arrow6) values ('1929', '322', '3', '9', '5', '4', '4', '3', '1');
insert into EndScores (end_id, range_score_id, end_number, score_arrow1, score_arrow2, score_arrow3, score_arrow4, score_arrow5, score_arrow6) values ('1930', '322', '4', '7', '6', '3', '3', '2', '1');
insert into EndScores (end_id, range_score_id, end_number, score_arrow1, score_arrow2, score_arrow3, score_arrow4, score_arrow5, score_arrow6) values ('1931', '322', '5', '9', '8', '7', '6', '5', '2');
insert into EndScores (end_id, range_score_id, end_number, score_arrow1, score_arrow2, score_arrow3, score_arrow4, score_arrow5, score_arrow6) values ('1932', '322', '6', '8', '6', '3', '3', '2', '2');
insert into RangeScores (range_score_id, round_score_id, round_range_id) values ('323', '81', '15');
insert into EndScores (end_id, range_score_id, end_number, score_arrow1, score_arrow2, score_arrow3, score_arrow4, score_arrow5, score_arrow6) values ('1933', '323', '1', '7', '3', '3', '1', '0', '0');
insert into EndScores (end_id, range_score_id, end_number, score_arrow1, score_arrow2, score_arrow3, score_arrow4, score_arrow5, score_arrow6) values ('1934', '323', '2', '9', '4', '1', '1', '0', '0');
insert into EndScores (end_id, range_score_id, end_number, score_arrow1, score_arrow2, score_arrow3, score_arrow4, score_arrow5, score_arrow6) values ('1935', '323', '3', '7', '6', '6', '2', '1', '0');
insert into EndScores (end_id, range_score_id, end_number, score_arrow1, score_arrow2, score_arrow3, score_arrow4, score_arrow5, score_arrow6) values ('1936', '323', '4', '8', '8', '7', '6', '6', '1');
insert into EndScores (end_id, range_score_id, end_number, score_arrow1, score_arrow2, score_arrow3, score_arrow4, score_arrow5, score_arrow6) values ('1937', '323', '5', '9', '8', '6', '3', '2', '0');
insert into EndScores (end_id, range_score_id, end_number, score_arrow1, score_arrow2, score_arrow3, score_arrow4, score_arrow5, score_arrow6) values ('1938', '323', '6', '9', '9', '7', '7', '2', '1');
insert into RangeScores (range_score_id, round_score_id, round_range_id) values ('324', '81', '16');
insert into EndScores (end_id, range_score_id, end_number, score_arrow1, score_arrow2, score_arrow3, score_arrow4, score_arrow5, score_arrow6) values ('1939', '324', '1', '8', '7', '5', '4', '2', '0');
insert into EndScores (end_id, range_score_id, end_number, score_arrow1, score_arrow2, score_arrow3, score_arrow4, score_arrow5, score_arrow6) values ('1940', '324', '2', '9', '9', '8', '1', '0', '0');
insert into EndScores (end_id, range_score_id, end_number, score_arrow1, score_arrow2, score_arrow3, score_arrow4, score_arrow5, score_arrow6) values ('1941', '324', '3', '7', '6', '4', '4', '0', '0');
insert into EndScores (end_id, range_score_id, end_number, score_arrow1, score_arrow2, score_arrow3, score_arrow4, score_arrow5, score_arrow6) values ('1942', '324', '4', '5', '5', '4', '4', '2', '0');
insert into EndScores (end_id, range_score_id, end_number, score_arrow1, score_arrow2, score_arrow3, score_arrow4, score_arrow5, score_arrow6) values ('1943', '324', '5', '8', '8', '8', '7', '3', '3');
insert into EndScores (end_id, range_score_id, end_number, score_arrow1, score_arrow2, score_arrow3, score_arrow4, score_arrow5, score_arrow6) values ('1944', '324', '6', '9', '9', '7', '7', '1', '0');
insert into CompetitionEnrolments (archer_id, competition_id) values ('84', '8');
insert into RoundScores (round_score_id, archer_id, competition_id, round_score_date_time, equipment_id, round_def_id, total_score, category_id) values ('82', '84', '8', '2023-04-23 11:14:26.667', 'L', '4', '652', '8');
insert into RangeScores (range_score_id, round_score_id, round_range_id) values ('325', '82', '13');
insert into EndScores (end_id, range_score_id, end_number, score_arrow1, score_arrow2, score_arrow3, score_arrow4, score_arrow5, score_arrow6) values ('1945', '325', '1', '9', '7', '7', '4', '4', '0');
insert into EndScores (end_id, range_score_id, end_number, score_arrow1, score_arrow2, score_arrow3, score_arrow4, score_arrow5, score_arrow6) values ('1946', '325', '2', '9', '8', '8', '5', '3', '3');
insert into EndScores (end_id, range_score_id, end_number, score_arrow1, score_arrow2, score_arrow3, score_arrow4, score_arrow5, score_arrow6) values ('1947', '325', '3', '9', '7', '6', '6', '4', '3');
insert into EndScores (end_id, range_score_id, end_number, score_arrow1, score_arrow2, score_arrow3, score_arrow4, score_arrow5, score_arrow6) values ('1948', '325', '4', '5', '4', '4', '1', '1', '1');
insert into EndScores (end_id, range_score_id, end_number, score_arrow1, score_arrow2, score_arrow3, score_arrow4, score_arrow5, score_arrow6) values ('1949', '325', '5', '9', '8', '5', '5', '3', '2');
insert into EndScores (end_id, range_score_id, end_number, score_arrow1, score_arrow2, score_arrow3, score_arrow4, score_arrow5, score_arrow6) values ('1950', '325', '6', '8', '7', '5', '5', '5', '1');
insert into RangeScores (range_score_id, round_score_id, round_range_id) values ('326', '82', '14');
insert into EndScores (end_id, range_score_id, end_number, score_arrow1, score_arrow2, score_arrow3, score_arrow4, score_arrow5, score_arrow6) values ('1951', '326', '1', '8', '6', '5', '3', '2', '0');
insert into EndScores (end_id, range_score_id, end_number, score_arrow1, score_arrow2, score_arrow3, score_arrow4, score_arrow5, score_arrow6) values ('1952', '326', '2', '8', '5', '5', '4', '1', '1');
insert into EndScores (end_id, range_score_id, end_number, score_arrow1, score_arrow2, score_arrow3, score_arrow4, score_arrow5, score_arrow6) values ('1953', '326', '3', '8', '6', '5', '4', '3', '0');
insert into EndScores (end_id, range_score_id, end_number, score_arrow1, score_arrow2, score_arrow3, score_arrow4, score_arrow5, score_arrow6) values ('1954', '326', '4', '9', '7', '6', '5', '0', '0');
insert into EndScores (end_id, range_score_id, end_number, score_arrow1, score_arrow2, score_arrow3, score_arrow4, score_arrow5, score_arrow6) values ('1955', '326', '5', '7', '4', '4', '3', '2', '0');
insert into EndScores (end_id, range_score_id, end_number, score_arrow1, score_arrow2, score_arrow3, score_arrow4, score_arrow5, score_arrow6) values ('1956', '326', '6', '7', '5', '4', '4', '2', '1');
insert into RangeScores (range_score_id, round_score_id, round_range_id) values ('327', '82', '15');
insert into EndScores (end_id, range_score_id, end_number, score_arrow1, score_arrow2, score_arrow3, score_arrow4, score_arrow5, score_arrow6) values ('1957', '327', '1', '5', '4', '4', '3', '1', '0');
insert into EndScores (end_id, range_score_id, end_number, score_arrow1, score_arrow2, score_arrow3, score_arrow4, score_arrow5, score_arrow6) values ('1958', '327', '2', '9', '7', '5', '5', '5', '0');
insert into EndScores (end_id, range_score_id, end_number, score_arrow1, score_arrow2, score_arrow3, score_arrow4, score_arrow5, score_arrow6) values ('1959', '327', '3', '9', '8', '7', '6', '5', '3');
insert into EndScores (end_id, range_score_id, end_number, score_arrow1, score_arrow2, score_arrow3, score_arrow4, score_arrow5, score_arrow6) values ('1960', '327', '4', '6', '5', '3', '3', '1', '0');
insert into EndScores (end_id, range_score_id, end_number, score_arrow1, score_arrow2, score_arrow3, score_arrow4, score_arrow5, score_arrow6) values ('1961', '327', '5', '8', '7', '1', '0', '0', '0');
insert into EndScores (end_id, range_score_id, end_number, score_arrow1, score_arrow2, score_arrow3, score_arrow4, score_arrow5, score_arrow6) values ('1962', '327', '6', '9', '7', '6', '5', '2', '1');
insert into RangeScores (range_score_id, round_score_id, round_range_id) values ('328', '82', '16');
insert into EndScores (end_id, range_score_id, end_number, score_arrow1, score_arrow2, score_arrow3, score_arrow4, score_arrow5, score_arrow6) values ('1963', '328', '1', '8', '7', '6', '5', '3', '0');
insert into EndScores (end_id, range_score_id, end_number, score_arrow1, score_arrow2, score_arrow3, score_arrow4, score_arrow5, score_arrow6) values ('1964', '328', '2', '9', '9', '5', '4', '3', '2');
insert into EndScores (end_id, range_score_id, end_number, score_arrow1, score_arrow2, score_arrow3, score_arrow4, score_arrow5, score_arrow6) values ('1965', '328', '3', '7', '5', '5', '3', '1', '0');
insert into EndScores (end_id, range_score_id, end_number, score_arrow1, score_arrow2, score_arrow3, score_arrow4, score_arrow5, score_arrow6) values ('1966', '328', '4', '9', '8', '8', '5', '3', '0');
insert into EndScores (end_id, range_score_id, end_number, score_arrow1, score_arrow2, score_arrow3, score_arrow4, score_arrow5, score_arrow6) values ('1967', '328', '5', '9', '9', '8', '8', '1', '0');
insert into EndScores (end_id, range_score_id, end_number, score_arrow1, score_arrow2, score_arrow3, score_arrow4, score_arrow5, score_arrow6) values ('1968', '328', '6', '8', '8', '5', '3', '2', '1');
insert into CompetitionEnrolments (archer_id, competition_id) values ('85', '5');
insert into RoundScores (round_score_id, archer_id, competition_id, round_score_date_time, equipment_id, round_def_id, total_score, category_id) values ('83', '85', '5', '2023-04-23 14:44:11.928', 'R', '2', '696', '5');
insert into RangeScores (range_score_id, round_score_id, round_range_id) values ('329', '83', '5');
insert into EndScores (end_id, range_score_id, end_number, score_arrow1, score_arrow2, score_arrow3, score_arrow4, score_arrow5, score_arrow6) values ('1969', '329', '1', '8', '7', '5', '4', '3', '2');
insert into EndScores (end_id, range_score_id, end_number, score_arrow1, score_arrow2, score_arrow3, score_arrow4, score_arrow5, score_arrow6) values ('1970', '329', '2', '9', '7', '6', '3', '3', '0');
insert into EndScores (end_id, range_score_id, end_number, score_arrow1, score_arrow2, score_arrow3, score_arrow4, score_arrow5, score_arrow6) values ('1971', '329', '3', '8', '7', '7', '7', '2', '0');
insert into EndScores (end_id, range_score_id, end_number, score_arrow1, score_arrow2, score_arrow3, score_arrow4, score_arrow5, score_arrow6) values ('1972', '329', '4', '7', '5', '4', '3', '3', '0');
insert into EndScores (end_id, range_score_id, end_number, score_arrow1, score_arrow2, score_arrow3, score_arrow4, score_arrow5, score_arrow6) values ('1973', '329', '5', '9', '9', '7', '6', '6', '1');
insert into EndScores (end_id, range_score_id, end_number, score_arrow1, score_arrow2, score_arrow3, score_arrow4, score_arrow5, score_arrow6) values ('1974', '329', '6', '8', '7', '5', '3', '2', '0');
insert into RangeScores (range_score_id, round_score_id, round_range_id) values ('330', '83', '6');
insert into EndScores (end_id, range_score_id, end_number, score_arrow1, score_arrow2, score_arrow3, score_arrow4, score_arrow5, score_arrow6) values ('1975', '330', '1', '5', '4', '3', '1', '0', '0');
insert into EndScores (end_id, range_score_id, end_number, score_arrow1, score_arrow2, score_arrow3, score_arrow4, score_arrow5, score_arrow6) values ('1976', '330', '2', '9', '8', '7', '4', '3', '2');
insert into EndScores (end_id, range_score_id, end_number, score_arrow1, score_arrow2, score_arrow3, score_arrow4, score_arrow5, score_arrow6) values ('1977', '330', '3', '8', '8', '8', '4', '4', '3');
insert into EndScores (end_id, range_score_id, end_number, score_arrow1, score_arrow2, score_arrow3, score_arrow4, score_arrow5, score_arrow6) values ('1978', '330', '4', '6', '5', '4', '4', '4', '1');
insert into EndScores (end_id, range_score_id, end_number, score_arrow1, score_arrow2, score_arrow3, score_arrow4, score_arrow5, score_arrow6) values ('1979', '330', '5', '8', '8', '8', '4', '3', '0');
insert into EndScores (end_id, range_score_id, end_number, score_arrow1, score_arrow2, score_arrow3, score_arrow4, score_arrow5, score_arrow6) values ('1980', '330', '6', '9', '8', '6', '6', '5', '4');
insert into RangeScores (range_score_id, round_score_id, round_range_id) values ('331', '83', '7');
insert into EndScores (end_id, range_score_id, end_number, score_arrow1, score_arrow2, score_arrow3, score_arrow4, score_arrow5, score_arrow6) values ('1981', '331', '1', '9', '9', '6', '4', '3', '0');
insert into EndScores (end_id, range_score_id, end_number, score_arrow1, score_arrow2, score_arrow3, score_arrow4, score_arrow5, score_arrow6) values ('1982', '331', '2', '8', '6', '5', '4', '4', '0');
insert into EndScores (end_id, range_score_id, end_number, score_arrow1, score_arrow2, score_arrow3, score_arrow4, score_arrow5, score_arrow6) values ('1983', '331', '3', '9', '6', '4', '1', '1', '0');
insert into EndScores (end_id, range_score_id, end_number, score_arrow1, score_arrow2, score_arrow3, score_arrow4, score_arrow5, score_arrow6) values ('1984', '331', '4', '9', '7', '6', '5', '4', '3');
insert into EndScores (end_id, range_score_id, end_number, score_arrow1, score_arrow2, score_arrow3, score_arrow4, score_arrow5, score_arrow6) values ('1985', '331', '5', '8', '4', '3', '3', '1', '0');
insert into EndScores (end_id, range_score_id, end_number, score_arrow1, score_arrow2, score_arrow3, score_arrow4, score_arrow5, score_arrow6) values ('1986', '331', '6', '7', '7', '7', '2', '1', '1');
insert into RangeScores (range_score_id, round_score_id, round_range_id) values ('332', '83', '8');
insert into EndScores (end_id, range_score_id, end_number, score_arrow1, score_arrow2, score_arrow3, score_arrow4, score_arrow5, score_arrow6) values ('1987', '332', '1', '8', '8', '8', '5', '3', '3');
insert into EndScores (end_id, range_score_id, end_number, score_arrow1, score_arrow2, score_arrow3, score_arrow4, score_arrow5, score_arrow6) values ('1988', '332', '2', '5', '5', '5', '3', '3', '2');
insert into EndScores (end_id, range_score_id, end_number, score_arrow1, score_arrow2, score_arrow3, score_arrow4, score_arrow5, score_arrow6) values ('1989', '332', '3', '8', '7', '7', '7', '5', '0');
insert into EndScores (end_id, range_score_id, end_number, score_arrow1, score_arrow2, score_arrow3, score_arrow4, score_arrow5, score_arrow6) values ('1990', '332', '4', '9', '9', '9', '7', '5', '1');
insert into EndScores (end_id, range_score_id, end_number, score_arrow1, score_arrow2, score_arrow3, score_arrow4, score_arrow5, score_arrow6) values ('1991', '332', '5', '9', '8', '6', '6', '3', '1');
insert into EndScores (end_id, range_score_id, end_number, score_arrow1, score_arrow2, score_arrow3, score_arrow4, score_arrow5, score_arrow6) values ('1992', '332', '6', '7', '5', '5', '4', '4', '2');
insert into CompetitionEnrolments (archer_id, competition_id) values ('86', '11');
insert into RoundScores (round_score_id, archer_id, competition_id, round_score_date_time, equipment_id, round_def_id, total_score, category_id) values ('84', '86', '11', '2023-04-23 10:29:30.85', 'B', '3', '550', '11');
insert into RangeScores (range_score_id, round_score_id, round_range_id) values ('333', '84', '9');
insert into EndScores (end_id, range_score_id, end_number, score_arrow1, score_arrow2, score_arrow3, score_arrow4, score_arrow5, score_arrow6) values ('1993', '333', '1', '8', '7', '7', '6', '2', '2');
insert into EndScores (end_id, range_score_id, end_number, score_arrow1, score_arrow2, score_arrow3, score_arrow4, score_arrow5, score_arrow6) values ('1994', '333', '2', '8', '6', '6', '3', '1', '0');
insert into EndScores (end_id, range_score_id, end_number, score_arrow1, score_arrow2, score_arrow3, score_arrow4, score_arrow5, score_arrow6) values ('1995', '333', '3', '9', '8', '3', '2', '1', '1');
insert into EndScores (end_id, range_score_id, end_number, score_arrow1, score_arrow2, score_arrow3, score_arrow4, score_arrow5, score_arrow6) values ('1996', '333', '4', '9', '7', '4', '2', '1', '1');
insert into EndScores (end_id, range_score_id, end_number, score_arrow1, score_arrow2, score_arrow3, score_arrow4, score_arrow5, score_arrow6) values ('1997', '333', '5', '7', '6', '5', '4', '3', '1');
insert into EndScores (end_id, range_score_id, end_number, score_arrow1, score_arrow2, score_arrow3, score_arrow4, score_arrow5, score_arrow6) values ('1998', '333', '6', '9', '6', '3', '2', '0', '0');
insert into RangeScores (range_score_id, round_score_id, round_range_id) values ('334', '84', '10');
insert into EndScores (end_id, range_score_id, end_number, score_arrow1, score_arrow2, score_arrow3, score_arrow4, score_arrow5, score_arrow6) values ('1999', '334', '1', '9', '8', '3', '1', '1', '0');
insert into EndScores (end_id, range_score_id, end_number, score_arrow1, score_arrow2, score_arrow3, score_arrow4, score_arrow5, score_arrow6) values ('2000', '334', '2', '8', '4', '4', '4', '3', '0');
insert into EndScores (end_id, range_score_id, end_number, score_arrow1, score_arrow2, score_arrow3, score_arrow4, score_arrow5, score_arrow6) values ('2001', '334', '3', '8', '7', '6', '5', '4', '0');
insert into EndScores (end_id, range_score_id, end_number, score_arrow1, score_arrow2, score_arrow3, score_arrow4, score_arrow5, score_arrow6) values ('2002', '334', '4', '7', '6', '5', '1', '0', '0');
insert into EndScores (end_id, range_score_id, end_number, score_arrow1, score_arrow2, score_arrow3, score_arrow4, score_arrow5, score_arrow6) values ('2003', '334', '5', '9', '7', '3', '2', '0', '0');
insert into EndScores (end_id, range_score_id, end_number, score_arrow1, score_arrow2, score_arrow3, score_arrow4, score_arrow5, score_arrow6) values ('2004', '334', '6', '8', '7', '6', '6', '5', '0');
insert into RangeScores (range_score_id, round_score_id, round_range_id) values ('335', '84', '11');
insert into EndScores (end_id, range_score_id, end_number, score_arrow1, score_arrow2, score_arrow3, score_arrow4, score_arrow5, score_arrow6) values ('2005', '335', '1', '6', '3', '2', '1', '0', '0');
insert into EndScores (end_id, range_score_id, end_number, score_arrow1, score_arrow2, score_arrow3, score_arrow4, score_arrow5, score_arrow6) values ('2006', '335', '2', '6', '4', '4', '2', '1', '0');
insert into EndScores (end_id, range_score_id, end_number, score_arrow1, score_arrow2, score_arrow3, score_arrow4, score_arrow5, score_arrow6) values ('2007', '335', '3', '7', '4', '4', '4', '3', '3');
insert into EndScores (end_id, range_score_id, end_number, score_arrow1, score_arrow2, score_arrow3, score_arrow4, score_arrow5, score_arrow6) values ('2008', '335', '4', '7', '5', '4', '2', '1', '1');
insert into EndScores (end_id, range_score_id, end_number, score_arrow1, score_arrow2, score_arrow3, score_arrow4, score_arrow5, score_arrow6) values ('2009', '335', '5', '4', '2', '2', '1', '0', '0');
insert into EndScores (end_id, range_score_id, end_number, score_arrow1, score_arrow2, score_arrow3, score_arrow4, score_arrow5, score_arrow6) values ('2010', '335', '6', '7', '3', '3', '2', '2', '0');
insert into RangeScores (range_score_id, round_score_id, round_range_id) values ('336', '84', '12');
insert into EndScores (end_id, range_score_id, end_number, score_arrow1, score_arrow2, score_arrow3, score_arrow4, score_arrow5, score_arrow6) values ('2011', '336', '1', '8', '8', '6', '4', '2', '1');
insert into EndScores (end_id, range_score_id, end_number, score_arrow1, score_arrow2, score_arrow3, score_arrow4, score_arrow5, score_arrow6) values ('2012', '336', '2', '8', '5', '4', '4', '3', '0');
insert into EndScores (end_id, range_score_id, end_number, score_arrow1, score_arrow2, score_arrow3, score_arrow4, score_arrow5, score_arrow6) values ('2013', '336', '3', '6', '5', '5', '3', '1', '0');
insert into EndScores (end_id, range_score_id, end_number, score_arrow1, score_arrow2, score_arrow3, score_arrow4, score_arrow5, score_arrow6) values ('2014', '336', '4', '9', '6', '5', '2', '2', '2');
insert into EndScores (end_id, range_score_id, end_number, score_arrow1, score_arrow2, score_arrow3, score_arrow4, score_arrow5, score_arrow6) values ('2015', '336', '5', '9', '9', '5', '4', '4', '2');
insert into EndScores (end_id, range_score_id, end_number, score_arrow1, score_arrow2, score_arrow3, score_arrow4, score_arrow5, score_arrow6) values ('2016', '336', '6', '6', '6', '6', '3', '0', '0');
insert into CompetitionEnrolments (archer_id, competition_id) values ('87', '11');
insert into RoundScores (round_score_id, archer_id, competition_id, round_score_date_time, equipment_id, round_def_id, total_score, category_id) values ('85', '87', '11', '2023-04-23 18:10:36.275', 'B', '3', '591', '11');
insert into RangeScores (range_score_id, round_score_id, round_range_id) values ('337', '85', '9');
insert into EndScores (end_id, range_score_id, end_number, score_arrow1, score_arrow2, score_arrow3, score_arrow4, score_arrow5, score_arrow6) values ('2017', '337', '1', '7', '6', '4', '3', '2', '0');
insert into EndScores (end_id, range_score_id, end_number, score_arrow1, score_arrow2, score_arrow3, score_arrow4, score_arrow5, score_arrow6) values ('2018', '337', '2', '9', '7', '6', '4', '4', '2');
insert into EndScores (end_id, range_score_id, end_number, score_arrow1, score_arrow2, score_arrow3, score_arrow4, score_arrow5, score_arrow6) values ('2019', '337', '3', '9', '8', '8', '6', '4', '0');
insert into EndScores (end_id, range_score_id, end_number, score_arrow1, score_arrow2, score_arrow3, score_arrow4, score_arrow5, score_arrow6) values ('2020', '337', '4', '9', '7', '5', '4', '1', '0');
insert into EndScores (end_id, range_score_id, end_number, score_arrow1, score_arrow2, score_arrow3, score_arrow4, score_arrow5, score_arrow6) values ('2021', '337', '5', '6', '3', '3', '2', '1', '0');
insert into EndScores (end_id, range_score_id, end_number, score_arrow1, score_arrow2, score_arrow3, score_arrow4, score_arrow5, score_arrow6) values ('2022', '337', '6', '9', '5', '4', '2', '1', '1');
insert into RangeScores (range_score_id, round_score_id, round_range_id) values ('338', '85', '10');
insert into EndScores (end_id, range_score_id, end_number, score_arrow1, score_arrow2, score_arrow3, score_arrow4, score_arrow5, score_arrow6) values ('2023', '338', '1', '5', '4', '4', '4', '3', '2');
insert into EndScores (end_id, range_score_id, end_number, score_arrow1, score_arrow2, score_arrow3, score_arrow4, score_arrow5, score_arrow6) values ('2024', '338', '2', '8', '8', '4', '3', '1', '0');
insert into EndScores (end_id, range_score_id, end_number, score_arrow1, score_arrow2, score_arrow3, score_arrow4, score_arrow5, score_arrow6) values ('2025', '338', '3', '9', '7', '6', '3', '2', '1');
insert into EndScores (end_id, range_score_id, end_number, score_arrow1, score_arrow2, score_arrow3, score_arrow4, score_arrow5, score_arrow6) values ('2026', '338', '4', '7', '6', '5', '5', '5', '0');
insert into EndScores (end_id, range_score_id, end_number, score_arrow1, score_arrow2, score_arrow3, score_arrow4, score_arrow5, score_arrow6) values ('2027', '338', '5', '7', '7', '2', '2', '1', '0');
insert into EndScores (end_id, range_score_id, end_number, score_arrow1, score_arrow2, score_arrow3, score_arrow4, score_arrow5, score_arrow6) values ('2028', '338', '6', '9', '9', '7', '4', '3', '3');
insert into RangeScores (range_score_id, round_score_id, round_range_id) values ('339', '85', '11');
insert into EndScores (end_id, range_score_id, end_number, score_arrow1, score_arrow2, score_arrow3, score_arrow4, score_arrow5, score_arrow6) values ('2029', '339', '1', '7', '7', '5', '3', '2', '1');
insert into EndScores (end_id, range_score_id, end_number, score_arrow1, score_arrow2, score_arrow3, score_arrow4, score_arrow5, score_arrow6) values ('2030', '339', '2', '9', '8', '7', '6', '3', '2');
insert into EndScores (end_id, range_score_id, end_number, score_arrow1, score_arrow2, score_arrow3, score_arrow4, score_arrow5, score_arrow6) values ('2031', '339', '3', '9', '9', '3', '2', '2', '1');
insert into EndScores (end_id, range_score_id, end_number, score_arrow1, score_arrow2, score_arrow3, score_arrow4, score_arrow5, score_arrow6) values ('2032', '339', '4', '5', '2', '1', '1', '0', '0');
insert into EndScores (end_id, range_score_id, end_number, score_arrow1, score_arrow2, score_arrow3, score_arrow4, score_arrow5, score_arrow6) values ('2033', '339', '5', '8', '3', '3', '0', '0', '0');
insert into EndScores (end_id, range_score_id, end_number, score_arrow1, score_arrow2, score_arrow3, score_arrow4, score_arrow5, score_arrow6) values ('2034', '339', '6', '5', '5', '3', '1', '1', '0');
insert into RangeScores (range_score_id, round_score_id, round_range_id) values ('340', '85', '12');
insert into EndScores (end_id, range_score_id, end_number, score_arrow1, score_arrow2, score_arrow3, score_arrow4, score_arrow5, score_arrow6) values ('2035', '340', '1', '7', '5', '5', '2', '2', '0');
insert into EndScores (end_id, range_score_id, end_number, score_arrow1, score_arrow2, score_arrow3, score_arrow4, score_arrow5, score_arrow6) values ('2036', '340', '2', '7', '6', '4', '2', '2', '0');
insert into EndScores (end_id, range_score_id, end_number, score_arrow1, score_arrow2, score_arrow3, score_arrow4, score_arrow5, score_arrow6) values ('2037', '340', '3', '6', '6', '5', '4', '2', '0');
insert into EndScores (end_id, range_score_id, end_number, score_arrow1, score_arrow2, score_arrow3, score_arrow4, score_arrow5, score_arrow6) values ('2038', '340', '4', '8', '7', '6', '6', '4', '0');
insert into EndScores (end_id, range_score_id, end_number, score_arrow1, score_arrow2, score_arrow3, score_arrow4, score_arrow5, score_arrow6) values ('2039', '340', '5', '9', '9', '8', '7', '4', '2');
insert into EndScores (end_id, range_score_id, end_number, score_arrow1, score_arrow2, score_arrow3, score_arrow4, score_arrow5, score_arrow6) values ('2040', '340', '6', '9', '6', '4', '2', '2', '1');
insert into CompetitionEnrolments (archer_id, competition_id) values ('88', '3');
insert into RoundScores (round_score_id, archer_id, competition_id, round_score_date_time, equipment_id, round_def_id, total_score, category_id) values ('86', '88', '3', '2023-04-23 11:58:34.717', 'B', '2', '657', '3');
insert into RangeScores (range_score_id, round_score_id, round_range_id) values ('341', '86', '5');
insert into EndScores (end_id, range_score_id, end_number, score_arrow1, score_arrow2, score_arrow3, score_arrow4, score_arrow5, score_arrow6) values ('2041', '341', '1', '9', '8', '8', '6', '1', '0');
insert into EndScores (end_id, range_score_id, end_number, score_arrow1, score_arrow2, score_arrow3, score_arrow4, score_arrow5, score_arrow6) values ('2042', '341', '2', '5', '4', '3', '3', '2', '1');
insert into EndScores (end_id, range_score_id, end_number, score_arrow1, score_arrow2, score_arrow3, score_arrow4, score_arrow5, score_arrow6) values ('2043', '341', '3', '9', '8', '7', '6', '4', '4');
insert into EndScores (end_id, range_score_id, end_number, score_arrow1, score_arrow2, score_arrow3, score_arrow4, score_arrow5, score_arrow6) values ('2044', '341', '4', '9', '9', '9', '7', '5', '3');
insert into EndScores (end_id, range_score_id, end_number, score_arrow1, score_arrow2, score_arrow3, score_arrow4, score_arrow5, score_arrow6) values ('2045', '341', '5', '6', '5', '5', '5', '3', '1');
insert into EndScores (end_id, range_score_id, end_number, score_arrow1, score_arrow2, score_arrow3, score_arrow4, score_arrow5, score_arrow6) values ('2046', '341', '6', '4', '3', '3', '2', '0', '0');
insert into RangeScores (range_score_id, round_score_id, round_range_id) values ('342', '86', '6');
insert into EndScores (end_id, range_score_id, end_number, score_arrow1, score_arrow2, score_arrow3, score_arrow4, score_arrow5, score_arrow6) values ('2047', '342', '1', '9', '6', '3', '2', '2', '0');
insert into EndScores (end_id, range_score_id, end_number, score_arrow1, score_arrow2, score_arrow3, score_arrow4, score_arrow5, score_arrow6) values ('2048', '342', '2', '5', '4', '4', '4', '3', '2');
insert into EndScores (end_id, range_score_id, end_number, score_arrow1, score_arrow2, score_arrow3, score_arrow4, score_arrow5, score_arrow6) values ('2049', '342', '3', '9', '8', '6', '6', '6', '2');
insert into EndScores (end_id, range_score_id, end_number, score_arrow1, score_arrow2, score_arrow3, score_arrow4, score_arrow5, score_arrow6) values ('2050', '342', '4', '8', '7', '5', '3', '3', '0');
insert into EndScores (end_id, range_score_id, end_number, score_arrow1, score_arrow2, score_arrow3, score_arrow4, score_arrow5, score_arrow6) values ('2051', '342', '5', '8', '4', '3', '1', '0', '0');
insert into EndScores (end_id, range_score_id, end_number, score_arrow1, score_arrow2, score_arrow3, score_arrow4, score_arrow5, score_arrow6) values ('2052', '342', '6', '6', '6', '3', '3', '1', '0');
insert into RangeScores (range_score_id, round_score_id, round_range_id) values ('343', '86', '7');
insert into EndScores (end_id, range_score_id, end_number, score_arrow1, score_arrow2, score_arrow3, score_arrow4, score_arrow5, score_arrow6) values ('2053', '343', '1', '9', '8', '4', '3', '1', '0');
insert into EndScores (end_id, range_score_id, end_number, score_arrow1, score_arrow2, score_arrow3, score_arrow4, score_arrow5, score_arrow6) values ('2054', '343', '2', '8', '8', '7', '7', '7', '4');
insert into EndScores (end_id, range_score_id, end_number, score_arrow1, score_arrow2, score_arrow3, score_arrow4, score_arrow5, score_arrow6) values ('2055', '343', '3', '9', '8', '5', '5', '1', '1');
insert into EndScores (end_id, range_score_id, end_number, score_arrow1, score_arrow2, score_arrow3, score_arrow4, score_arrow5, score_arrow6) values ('2056', '343', '4', '9', '8', '8', '3', '3', '2');
insert into EndScores (end_id, range_score_id, end_number, score_arrow1, score_arrow2, score_arrow3, score_arrow4, score_arrow5, score_arrow6) values ('2057', '343', '5', '9', '4', '2', '1', '1', '1');
insert into EndScores (end_id, range_score_id, end_number, score_arrow1, score_arrow2, score_arrow3, score_arrow4, score_arrow5, score_arrow6) values ('2058', '343', '6', '9', '8', '8', '6', '3', '1');
insert into RangeScores (range_score_id, round_score_id, round_range_id) values ('344', '86', '8');
insert into EndScores (end_id, range_score_id, end_number, score_arrow1, score_arrow2, score_arrow3, score_arrow4, score_arrow5, score_arrow6) values ('2059', '344', '1', '9', '8', '5', '4', '4', '3');
insert into EndScores (end_id, range_score_id, end_number, score_arrow1, score_arrow2, score_arrow3, score_arrow4, score_arrow5, score_arrow6) values ('2060', '344', '2', '6', '4', '4', '2', '0', '0');
insert into EndScores (end_id, range_score_id, end_number, score_arrow1, score_arrow2, score_arrow3, score_arrow4, score_arrow5, score_arrow6) values ('2061', '344', '3', '9', '9', '9', '9', '6', '2');
insert into EndScores (end_id, range_score_id, end_number, score_arrow1, score_arrow2, score_arrow3, score_arrow4, score_arrow5, score_arrow6) values ('2062', '344', '4', '9', '6', '5', '4', '3', '1');
insert into EndScores (end_id, range_score_id, end_number, score_arrow1, score_arrow2, score_arrow3, score_arrow4, score_arrow5, score_arrow6) values ('2063', '344', '5', '4', '4', '3', '3', '2', '0');
insert into EndScores (end_id, range_score_id, end_number, score_arrow1, score_arrow2, score_arrow3, score_arrow4, score_arrow5, score_arrow6) values ('2064', '344', '6', '9', '8', '7', '3', '2', '1');
insert into CompetitionEnrolments (archer_id, competition_id) values ('89', '27');
insert into RoundScores (round_score_id, archer_id, competition_id, round_score_date_time, equipment_id, round_def_id, total_score, category_id) values ('87', '89', '27', '2023-04-23 13:30:16.72', 'B', '3', '661', '27');
insert into RangeScores (range_score_id, round_score_id, round_range_id) values ('345', '87', '9');
insert into EndScores (end_id, range_score_id, end_number, score_arrow1, score_arrow2, score_arrow3, score_arrow4, score_arrow5, score_arrow6) values ('2065', '345', '1', '8', '7', '7', '4', '4', '3');
insert into EndScores (end_id, range_score_id, end_number, score_arrow1, score_arrow2, score_arrow3, score_arrow4, score_arrow5, score_arrow6) values ('2066', '345', '2', '7', '7', '5', '4', '1', '1');
insert into EndScores (end_id, range_score_id, end_number, score_arrow1, score_arrow2, score_arrow3, score_arrow4, score_arrow5, score_arrow6) values ('2067', '345', '3', '8', '6', '4', '3', '2', '1');
insert into EndScores (end_id, range_score_id, end_number, score_arrow1, score_arrow2, score_arrow3, score_arrow4, score_arrow5, score_arrow6) values ('2068', '345', '4', '9', '8', '4', '3', '1', '0');
insert into EndScores (end_id, range_score_id, end_number, score_arrow1, score_arrow2, score_arrow3, score_arrow4, score_arrow5, score_arrow6) values ('2069', '345', '5', '8', '8', '2', '1', '0', '0');
insert into EndScores (end_id, range_score_id, end_number, score_arrow1, score_arrow2, score_arrow3, score_arrow4, score_arrow5, score_arrow6) values ('2070', '345', '6', '8', '8', '7', '1', '0', '0');
insert into RangeScores (range_score_id, round_score_id, round_range_id) values ('346', '87', '10');
insert into EndScores (end_id, range_score_id, end_number, score_arrow1, score_arrow2, score_arrow3, score_arrow4, score_arrow5, score_arrow6) values ('2071', '346', '1', '8', '7', '4', '3', '1', '0');
insert into EndScores (end_id, range_score_id, end_number, score_arrow1, score_arrow2, score_arrow3, score_arrow4, score_arrow5, score_arrow6) values ('2072', '346', '2', '7', '6', '4', '4', '3', '1');
insert into EndScores (end_id, range_score_id, end_number, score_arrow1, score_arrow2, score_arrow3, score_arrow4, score_arrow5, score_arrow6) values ('2073', '346', '3', '7', '7', '5', '5', '3', '0');
insert into EndScores (end_id, range_score_id, end_number, score_arrow1, score_arrow2, score_arrow3, score_arrow4, score_arrow5, score_arrow6) values ('2074', '346', '4', '8', '7', '7', '7', '1', '0');
insert into EndScores (end_id, range_score_id, end_number, score_arrow1, score_arrow2, score_arrow3, score_arrow4, score_arrow5, score_arrow6) values ('2075', '346', '5', '9', '8', '8', '4', '2', '2');
insert into EndScores (end_id, range_score_id, end_number, score_arrow1, score_arrow2, score_arrow3, score_arrow4, score_arrow5, score_arrow6) values ('2076', '346', '6', '8', '8', '7', '5', '4', '3');
insert into RangeScores (range_score_id, round_score_id, round_range_id) values ('347', '87', '11');
insert into EndScores (end_id, range_score_id, end_number, score_arrow1, score_arrow2, score_arrow3, score_arrow4, score_arrow5, score_arrow6) values ('2077', '347', '1', '7', '7', '5', '1', '1', '0');
insert into EndScores (end_id, range_score_id, end_number, score_arrow1, score_arrow2, score_arrow3, score_arrow4, score_arrow5, score_arrow6) values ('2078', '347', '2', '9', '8', '8', '5', '5', '3');
insert into EndScores (end_id, range_score_id, end_number, score_arrow1, score_arrow2, score_arrow3, score_arrow4, score_arrow5, score_arrow6) values ('2079', '347', '3', '9', '7', '6', '6', '5', '0');
insert into EndScores (end_id, range_score_id, end_number, score_arrow1, score_arrow2, score_arrow3, score_arrow4, score_arrow5, score_arrow6) values ('2080', '347', '4', '8', '8', '7', '6', '6', '4');
insert into EndScores (end_id, range_score_id, end_number, score_arrow1, score_arrow2, score_arrow3, score_arrow4, score_arrow5, score_arrow6) values ('2081', '347', '5', '9', '6', '4', '1', '0', '0');
insert into EndScores (end_id, range_score_id, end_number, score_arrow1, score_arrow2, score_arrow3, score_arrow4, score_arrow5, score_arrow6) values ('2082', '347', '6', '7', '6', '6', '3', '3', '2');
insert into RangeScores (range_score_id, round_score_id, round_range_id) values ('348', '87', '12');
insert into EndScores (end_id, range_score_id, end_number, score_arrow1, score_arrow2, score_arrow3, score_arrow4, score_arrow5, score_arrow6) values ('2083', '348', '1', '8', '4', '3', '1', '1', '0');
insert into EndScores (end_id, range_score_id, end_number, score_arrow1, score_arrow2, score_arrow3, score_arrow4, score_arrow5, score_arrow6) values ('2084', '348', '2', '9', '9', '7', '3', '2', '1');
insert into EndScores (end_id, range_score_id, end_number, score_arrow1, score_arrow2, score_arrow3, score_arrow4, score_arrow5, score_arrow6) values ('2085', '348', '3', '7', '7', '6', '5', '5', '1');
insert into EndScores (end_id, range_score_id, end_number, score_arrow1, score_arrow2, score_arrow3, score_arrow4, score_arrow5, score_arrow6) values ('2086', '348', '4', '7', '6', '6', '5', '5', '0');
insert into EndScores (end_id, range_score_id, end_number, score_arrow1, score_arrow2, score_arrow3, score_arrow4, score_arrow5, score_arrow6) values ('2087', '348', '5', '9', '9', '9', '3', '0', '0');
insert into EndScores (end_id, range_score_id, end_number, score_arrow1, score_arrow2, score_arrow3, score_arrow4, score_arrow5, score_arrow6) values ('2088', '348', '6', '7', '5', '4', '4', '2', '0');
insert into CompetitionEnrolments (archer_id, competition_id) values ('90', '8');
insert into RoundScores (round_score_id, archer_id, competition_id, round_score_date_time, equipment_id, round_def_id, total_score, category_id) values ('88', '90', '8', '2023-04-23 17:46:18.193', 'L', '4', '629', '8');
insert into RangeScores (range_score_id, round_score_id, round_range_id) values ('349', '88', '13');
insert into EndScores (end_id, range_score_id, end_number, score_arrow1, score_arrow2, score_arrow3, score_arrow4, score_arrow5, score_arrow6) values ('2089', '349', '1', '9', '8', '3', '2', '1', '0');
insert into EndScores (end_id, range_score_id, end_number, score_arrow1, score_arrow2, score_arrow3, score_arrow4, score_arrow5, score_arrow6) values ('2090', '349', '2', '9', '9', '9', '8', '2', '0');
insert into EndScores (end_id, range_score_id, end_number, score_arrow1, score_arrow2, score_arrow3, score_arrow4, score_arrow5, score_arrow6) values ('2091', '349', '3', '9', '8', '7', '6', '3', '1');
insert into EndScores (end_id, range_score_id, end_number, score_arrow1, score_arrow2, score_arrow3, score_arrow4, score_arrow5, score_arrow6) values ('2092', '349', '4', '7', '4', '3', '2', '0', '0');
insert into EndScores (end_id, range_score_id, end_number, score_arrow1, score_arrow2, score_arrow3, score_arrow4, score_arrow5, score_arrow6) values ('2093', '349', '5', '6', '5', '4', '2', '2', '0');
insert into EndScores (end_id, range_score_id, end_number, score_arrow1, score_arrow2, score_arrow3, score_arrow4, score_arrow5, score_arrow6) values ('2094', '349', '6', '9', '4', '2', '2', '2', '2');
insert into RangeScores (range_score_id, round_score_id, round_range_id) values ('350', '88', '14');
insert into EndScores (end_id, range_score_id, end_number, score_arrow1, score_arrow2, score_arrow3, score_arrow4, score_arrow5, score_arrow6) values ('2095', '350', '1', '8', '3', '1', '0', '0', '0');
insert into EndScores (end_id, range_score_id, end_number, score_arrow1, score_arrow2, score_arrow3, score_arrow4, score_arrow5, score_arrow6) values ('2096', '350', '2', '9', '8', '7', '2', '0', '0');
insert into EndScores (end_id, range_score_id, end_number, score_arrow1, score_arrow2, score_arrow3, score_arrow4, score_arrow5, score_arrow6) values ('2097', '350', '3', '9', '6', '6', '3', '2', '1');
insert into EndScores (end_id, range_score_id, end_number, score_arrow1, score_arrow2, score_arrow3, score_arrow4, score_arrow5, score_arrow6) values ('2098', '350', '4', '9', '8', '7', '7', '1', '0');
insert into EndScores (end_id, range_score_id, end_number, score_arrow1, score_arrow2, score_arrow3, score_arrow4, score_arrow5, score_arrow6) values ('2099', '350', '5', '8', '7', '6', '5', '3', '0');
insert into EndScores (end_id, range_score_id, end_number, score_arrow1, score_arrow2, score_arrow3, score_arrow4, score_arrow5, score_arrow6) values ('2100', '350', '6', '9', '7', '6', '5', '4', '2');
insert into RangeScores (range_score_id, round_score_id, round_range_id) values ('351', '88', '15');
insert into EndScores (end_id, range_score_id, end_number, score_arrow1, score_arrow2, score_arrow3, score_arrow4, score_arrow5, score_arrow6) values ('2101', '351', '1', '8', '6', '4', '3', '2', '1');
insert into EndScores (end_id, range_score_id, end_number, score_arrow1, score_arrow2, score_arrow3, score_arrow4, score_arrow5, score_arrow6) values ('2102', '351', '2', '8', '6', '6', '4', '3', '0');
insert into EndScores (end_id, range_score_id, end_number, score_arrow1, score_arrow2, score_arrow3, score_arrow4, score_arrow5, score_arrow6) values ('2103', '351', '3', '8', '5', '4', '4', '3', '1');
insert into EndScores (end_id, range_score_id, end_number, score_arrow1, score_arrow2, score_arrow3, score_arrow4, score_arrow5, score_arrow6) values ('2104', '351', '4', '8', '6', '5', '5', '4', '4');
insert into EndScores (end_id, range_score_id, end_number, score_arrow1, score_arrow2, score_arrow3, score_arrow4, score_arrow5, score_arrow6) values ('2105', '351', '5', '9', '9', '5', '4', '2', '1');
insert into EndScores (end_id, range_score_id, end_number, score_arrow1, score_arrow2, score_arrow3, score_arrow4, score_arrow5, score_arrow6) values ('2106', '351', '6', '6', '5', '4', '3', '3', '0');
insert into RangeScores (range_score_id, round_score_id, round_range_id) values ('352', '88', '16');
insert into EndScores (end_id, range_score_id, end_number, score_arrow1, score_arrow2, score_arrow3, score_arrow4, score_arrow5, score_arrow6) values ('2107', '352', '1', '7', '5', '4', '3', '1', '1');
insert into EndScores (end_id, range_score_id, end_number, score_arrow1, score_arrow2, score_arrow3, score_arrow4, score_arrow5, score_arrow6) values ('2108', '352', '2', '8', '8', '8', '5', '5', '2');
insert into EndScores (end_id, range_score_id, end_number, score_arrow1, score_arrow2, score_arrow3, score_arrow4, score_arrow5, score_arrow6) values ('2109', '352', '3', '5', '4', '4', '3', '1', '0');
insert into EndScores (end_id, range_score_id, end_number, score_arrow1, score_arrow2, score_arrow3, score_arrow4, score_arrow5, score_arrow6) values ('2110', '352', '4', '7', '4', '3', '2', '2', '0');
insert into EndScores (end_id, range_score_id, end_number, score_arrow1, score_arrow2, score_arrow3, score_arrow4, score_arrow5, score_arrow6) values ('2111', '352', '5', '9', '7', '7', '5', '4', '4');
insert into EndScores (end_id, range_score_id, end_number, score_arrow1, score_arrow2, score_arrow3, score_arrow4, score_arrow5, score_arrow6) values ('2112', '352', '6', '9', '7', '7', '5', '4', '1');
insert into CompetitionEnrolments (archer_id, competition_id) values ('91', '31');
insert into RoundScores (round_score_id, archer_id, competition_id, round_score_date_time, equipment_id, round_def_id, total_score, category_id) values ('89', '91', '31', '2023-04-23 17:25:49.840', 'B', '4', '593', '31');
insert into RangeScores (range_score_id, round_score_id, round_range_id) values ('353', '89', '13');
insert into EndScores (end_id, range_score_id, end_number, score_arrow1, score_arrow2, score_arrow3, score_arrow4, score_arrow5, score_arrow6) values ('2113', '353', '1', '6', '6', '6', '3', '2', '0');
insert into EndScores (end_id, range_score_id, end_number, score_arrow1, score_arrow2, score_arrow3, score_arrow4, score_arrow5, score_arrow6) values ('2114', '353', '2', '9', '7', '5', '4', '4', '3');
insert into EndScores (end_id, range_score_id, end_number, score_arrow1, score_arrow2, score_arrow3, score_arrow4, score_arrow5, score_arrow6) values ('2115', '353', '3', '9', '9', '8', '3', '3', '0');
insert into EndScores (end_id, range_score_id, end_number, score_arrow1, score_arrow2, score_arrow3, score_arrow4, score_arrow5, score_arrow6) values ('2116', '353', '4', '8', '6', '3', '3', '3', '3');
insert into EndScores (end_id, range_score_id, end_number, score_arrow1, score_arrow2, score_arrow3, score_arrow4, score_arrow5, score_arrow6) values ('2117', '353', '5', '8', '7', '4', '2', '1', '0');
insert into EndScores (end_id, range_score_id, end_number, score_arrow1, score_arrow2, score_arrow3, score_arrow4, score_arrow5, score_arrow6) values ('2118', '353', '6', '9', '4', '3', '2', '1', '1');
insert into RangeScores (range_score_id, round_score_id, round_range_id) values ('354', '89', '14');
insert into EndScores (end_id, range_score_id, end_number, score_arrow1, score_arrow2, score_arrow3, score_arrow4, score_arrow5, score_arrow6) values ('2119', '354', '1', '9', '9', '8', '6', '1', '0');
insert into EndScores (end_id, range_score_id, end_number, score_arrow1, score_arrow2, score_arrow3, score_arrow4, score_arrow5, score_arrow6) values ('2120', '354', '2', '7', '4', '4', '4', '3', '2');
insert into EndScores (end_id, range_score_id, end_number, score_arrow1, score_arrow2, score_arrow3, score_arrow4, score_arrow5, score_arrow6) values ('2121', '354', '3', '8', '8', '4', '2', '1', '1');
insert into EndScores (end_id, range_score_id, end_number, score_arrow1, score_arrow2, score_arrow3, score_arrow4, score_arrow5, score_arrow6) values ('2122', '354', '4', '5', '4', '3', '1', '0', '0');
insert into EndScores (end_id, range_score_id, end_number, score_arrow1, score_arrow2, score_arrow3, score_arrow4, score_arrow5, score_arrow6) values ('2123', '354', '5', '9', '9', '7', '1', '1', '0');
insert into EndScores (end_id, range_score_id, end_number, score_arrow1, score_arrow2, score_arrow3, score_arrow4, score_arrow5, score_arrow6) values ('2124', '354', '6', '7', '7', '5', '5', '4', '2');
insert into RangeScores (range_score_id, round_score_id, round_range_id) values ('355', '89', '15');
insert into EndScores (end_id, range_score_id, end_number, score_arrow1, score_arrow2, score_arrow3, score_arrow4, score_arrow5, score_arrow6) values ('2125', '355', '1', '9', '8', '7', '4', '1', '0');
insert into EndScores (end_id, range_score_id, end_number, score_arrow1, score_arrow2, score_arrow3, score_arrow4, score_arrow5, score_arrow6) values ('2126', '355', '2', '9', '7', '7', '5', '4', '2');
insert into EndScores (end_id, range_score_id, end_number, score_arrow1, score_arrow2, score_arrow3, score_arrow4, score_arrow5, score_arrow6) values ('2127', '355', '3', '5', '3', '2', '2', '2', '0');
insert into EndScores (end_id, range_score_id, end_number, score_arrow1, score_arrow2, score_arrow3, score_arrow4, score_arrow5, score_arrow6) values ('2128', '355', '4', '6', '5', '4', '3', '0', '0');
insert into EndScores (end_id, range_score_id, end_number, score_arrow1, score_arrow2, score_arrow3, score_arrow4, score_arrow5, score_arrow6) values ('2129', '355', '5', '9', '8', '8', '3', '2', '0');
insert into EndScores (end_id, range_score_id, end_number, score_arrow1, score_arrow2, score_arrow3, score_arrow4, score_arrow5, score_arrow6) values ('2130', '355', '6', '8', '6', '6', '4', '3', '2');
insert into RangeScores (range_score_id, round_score_id, round_range_id) values ('356', '89', '16');
insert into EndScores (end_id, range_score_id, end_number, score_arrow1, score_arrow2, score_arrow3, score_arrow4, score_arrow5, score_arrow6) values ('2131', '356', '1', '9', '8', '5', '4', '3', '0');
insert into EndScores (end_id, range_score_id, end_number, score_arrow1, score_arrow2, score_arrow3, score_arrow4, score_arrow5, score_arrow6) values ('2132', '356', '2', '9', '7', '2', '2', '1', '0');
insert into EndScores (end_id, range_score_id, end_number, score_arrow1, score_arrow2, score_arrow3, score_arrow4, score_arrow5, score_arrow6) values ('2133', '356', '3', '9', '4', '2', '1', '1', '0');
insert into EndScores (end_id, range_score_id, end_number, score_arrow1, score_arrow2, score_arrow3, score_arrow4, score_arrow5, score_arrow6) values ('2134', '356', '4', '9', '3', '2', '1', '0', '0');
insert into EndScores (end_id, range_score_id, end_number, score_arrow1, score_arrow2, score_arrow3, score_arrow4, score_arrow5, score_arrow6) values ('2135', '356', '5', '9', '7', '5', '3', '2', '0');
insert into EndScores (end_id, range_score_id, end_number, score_arrow1, score_arrow2, score_arrow3, score_arrow4, score_arrow5, score_arrow6) values ('2136', '356', '6', '9', '7', '3', '3', '2', '1');
insert into CompetitionEnrolments (archer_id, competition_id) values ('92', '3');
insert into RoundScores (round_score_id, archer_id, competition_id, round_score_date_time, equipment_id, round_def_id, total_score, category_id) values ('90', '92', '3', '2023-04-23 16:46:0.443', 'B', '2', '655', '3');
insert into RangeScores (range_score_id, round_score_id, round_range_id) values ('357', '90', '5');
insert into EndScores (end_id, range_score_id, end_number, score_arrow1, score_arrow2, score_arrow3, score_arrow4, score_arrow5, score_arrow6) values ('2137', '357', '1', '6', '5', '4', '3', '3', '2');
insert into EndScores (end_id, range_score_id, end_number, score_arrow1, score_arrow2, score_arrow3, score_arrow4, score_arrow5, score_arrow6) values ('2138', '357', '2', '9', '7', '5', '4', '3', '2');
insert into EndScores (end_id, range_score_id, end_number, score_arrow1, score_arrow2, score_arrow3, score_arrow4, score_arrow5, score_arrow6) values ('2139', '357', '3', '9', '7', '7', '6', '5', '1');
insert into EndScores (end_id, range_score_id, end_number, score_arrow1, score_arrow2, score_arrow3, score_arrow4, score_arrow5, score_arrow6) values ('2140', '357', '4', '8', '6', '6', '5', '2', '0');
insert into EndScores (end_id, range_score_id, end_number, score_arrow1, score_arrow2, score_arrow3, score_arrow4, score_arrow5, score_arrow6) values ('2141', '357', '5', '8', '6', '5', '4', '0', '0');
insert into EndScores (end_id, range_score_id, end_number, score_arrow1, score_arrow2, score_arrow3, score_arrow4, score_arrow5, score_arrow6) values ('2142', '357', '6', '7', '6', '6', '6', '5', '2');
insert into RangeScores (range_score_id, round_score_id, round_range_id) values ('358', '90', '6');
insert into EndScores (end_id, range_score_id, end_number, score_arrow1, score_arrow2, score_arrow3, score_arrow4, score_arrow5, score_arrow6) values ('2143', '358', '1', '7', '7', '4', '3', '1', '0');
insert into EndScores (end_id, range_score_id, end_number, score_arrow1, score_arrow2, score_arrow3, score_arrow4, score_arrow5, score_arrow6) values ('2144', '358', '2', '8', '6', '4', '2', '2', '1');
insert into EndScores (end_id, range_score_id, end_number, score_arrow1, score_arrow2, score_arrow3, score_arrow4, score_arrow5, score_arrow6) values ('2145', '358', '3', '9', '8', '6', '6', '5', '2');
insert into EndScores (end_id, range_score_id, end_number, score_arrow1, score_arrow2, score_arrow3, score_arrow4, score_arrow5, score_arrow6) values ('2146', '358', '4', '8', '3', '2', '1', '1', '1');
insert into EndScores (end_id, range_score_id, end_number, score_arrow1, score_arrow2, score_arrow3, score_arrow4, score_arrow5, score_arrow6) values ('2147', '358', '5', '9', '8', '7', '6', '5', '3');
insert into EndScores (end_id, range_score_id, end_number, score_arrow1, score_arrow2, score_arrow3, score_arrow4, score_arrow5, score_arrow6) values ('2148', '358', '6', '7', '6', '4', '2', '0', '0');
insert into RangeScores (range_score_id, round_score_id, round_range_id) values ('359', '90', '7');
insert into EndScores (end_id, range_score_id, end_number, score_arrow1, score_arrow2, score_arrow3, score_arrow4, score_arrow5, score_arrow6) values ('2149', '359', '1', '8', '7', '6', '5', '3', '0');
insert into EndScores (end_id, range_score_id, end_number, score_arrow1, score_arrow2, score_arrow3, score_arrow4, score_arrow5, score_arrow6) values ('2150', '359', '2', '9', '9', '5', '2', '2', '0');
insert into EndScores (end_id, range_score_id, end_number, score_arrow1, score_arrow2, score_arrow3, score_arrow4, score_arrow5, score_arrow6) values ('2151', '359', '3', '9', '6', '5', '5', '3', '0');
insert into EndScores (end_id, range_score_id, end_number, score_arrow1, score_arrow2, score_arrow3, score_arrow4, score_arrow5, score_arrow6) values ('2152', '359', '4', '9', '7', '2', '1', '1', '0');
insert into EndScores (end_id, range_score_id, end_number, score_arrow1, score_arrow2, score_arrow3, score_arrow4, score_arrow5, score_arrow6) values ('2153', '359', '5', '6', '5', '5', '1', '0', '0');
insert into EndScores (end_id, range_score_id, end_number, score_arrow1, score_arrow2, score_arrow3, score_arrow4, score_arrow5, score_arrow6) values ('2154', '359', '6', '9', '9', '9', '8', '8', '6');
insert into RangeScores (range_score_id, round_score_id, round_range_id) values ('360', '90', '8');
insert into EndScores (end_id, range_score_id, end_number, score_arrow1, score_arrow2, score_arrow3, score_arrow4, score_arrow5, score_arrow6) values ('2155', '360', '1', '9', '8', '4', '2', '0', '0');
insert into EndScores (end_id, range_score_id, end_number, score_arrow1, score_arrow2, score_arrow3, score_arrow4, score_arrow5, score_arrow6) values ('2156', '360', '2', '8', '7', '6', '4', '1', '0');
insert into EndScores (end_id, range_score_id, end_number, score_arrow1, score_arrow2, score_arrow3, score_arrow4, score_arrow5, score_arrow6) values ('2157', '360', '3', '8', '8', '7', '5', '5', '1');
insert into EndScores (end_id, range_score_id, end_number, score_arrow1, score_arrow2, score_arrow3, score_arrow4, score_arrow5, score_arrow6) values ('2158', '360', '4', '7', '5', '5', '5', '4', '0');
insert into EndScores (end_id, range_score_id, end_number, score_arrow1, score_arrow2, score_arrow3, score_arrow4, score_arrow5, score_arrow6) values ('2159', '360', '5', '9', '6', '5', '4', '3', '1');
insert into EndScores (end_id, range_score_id, end_number, score_arrow1, score_arrow2, score_arrow3, score_arrow4, score_arrow5, score_arrow6) values ('2160', '360', '6', '9', '8', '3', '3', '1', '0');
insert into CompetitionEnrolments (archer_id, competition_id) values ('93', '27');
insert into RoundScores (round_score_id, archer_id, competition_id, round_score_date_time, equipment_id, round_def_id, total_score, category_id) values ('91', '93', '27', '2023-04-23 18:51:2.738', 'B', '3', '690', '27');
insert into RangeScores (range_score_id, round_score_id, round_range_id) values ('361', '91', '9');
insert into EndScores (end_id, range_score_id, end_number, score_arrow1, score_arrow2, score_arrow3, score_arrow4, score_arrow5, score_arrow6) values ('2161', '361', '1', '7', '7', '6', '6', '1', '0');
insert into EndScores (end_id, range_score_id, end_number, score_arrow1, score_arrow2, score_arrow3, score_arrow4, score_arrow5, score_arrow6) values ('2162', '361', '2', '9', '5', '4', '2', '2', '1');
insert into EndScores (end_id, range_score_id, end_number, score_arrow1, score_arrow2, score_arrow3, score_arrow4, score_arrow5, score_arrow6) values ('2163', '361', '3', '8', '4', '2', '1', '0', '0');
insert into EndScores (end_id, range_score_id, end_number, score_arrow1, score_arrow2, score_arrow3, score_arrow4, score_arrow5, score_arrow6) values ('2164', '361', '4', '9', '9', '9', '3', '2', '0');
insert into EndScores (end_id, range_score_id, end_number, score_arrow1, score_arrow2, score_arrow3, score_arrow4, score_arrow5, score_arrow6) values ('2165', '361', '5', '7', '6', '6', '4', '1', '0');
insert into EndScores (end_id, range_score_id, end_number, score_arrow1, score_arrow2, score_arrow3, score_arrow4, score_arrow5, score_arrow6) values ('2166', '361', '6', '9', '8', '7', '5', '5', '3');
insert into RangeScores (range_score_id, round_score_id, round_range_id) values ('362', '91', '10');
insert into EndScores (end_id, range_score_id, end_number, score_arrow1, score_arrow2, score_arrow3, score_arrow4, score_arrow5, score_arrow6) values ('2167', '362', '1', '9', '8', '7', '7', '6', '4');
insert into EndScores (end_id, range_score_id, end_number, score_arrow1, score_arrow2, score_arrow3, score_arrow4, score_arrow5, score_arrow6) values ('2168', '362', '2', '9', '7', '6', '2', '2', '2');
insert into EndScores (end_id, range_score_id, end_number, score_arrow1, score_arrow2, score_arrow3, score_arrow4, score_arrow5, score_arrow6) values ('2169', '362', '3', '9', '9', '6', '5', '2', '1');
insert into EndScores (end_id, range_score_id, end_number, score_arrow1, score_arrow2, score_arrow3, score_arrow4, score_arrow5, score_arrow6) values ('2170', '362', '4', '9', '9', '8', '8', '5', '3');
insert into EndScores (end_id, range_score_id, end_number, score_arrow1, score_arrow2, score_arrow3, score_arrow4, score_arrow5, score_arrow6) values ('2171', '362', '5', '8', '5', '3', '2', '2', '1');
insert into EndScores (end_id, range_score_id, end_number, score_arrow1, score_arrow2, score_arrow3, score_arrow4, score_arrow5, score_arrow6) values ('2172', '362', '6', '7', '7', '5', '4', '4', '1');
insert into RangeScores (range_score_id, round_score_id, round_range_id) values ('363', '91', '11');
insert into EndScores (end_id, range_score_id, end_number, score_arrow1, score_arrow2, score_arrow3, score_arrow4, score_arrow5, score_arrow6) values ('2173', '363', '1', '7', '7', '5', '4', '3', '3');
insert into EndScores (end_id, range_score_id, end_number, score_arrow1, score_arrow2, score_arrow3, score_arrow4, score_arrow5, score_arrow6) values ('2174', '363', '2', '7', '7', '5', '3', '2', '0');
insert into EndScores (end_id, range_score_id, end_number, score_arrow1, score_arrow2, score_arrow3, score_arrow4, score_arrow5, score_arrow6) values ('2175', '363', '3', '8', '4', '4', '2', '1', '0');
insert into EndScores (end_id, range_score_id, end_number, score_arrow1, score_arrow2, score_arrow3, score_arrow4, score_arrow5, score_arrow6) values ('2176', '363', '4', '8', '8', '7', '7', '2', '0');
insert into EndScores (end_id, range_score_id, end_number, score_arrow1, score_arrow2, score_arrow3, score_arrow4, score_arrow5, score_arrow6) values ('2177', '363', '5', '9', '5', '5', '5', '4', '0');
insert into EndScores (end_id, range_score_id, end_number, score_arrow1, score_arrow2, score_arrow3, score_arrow4, score_arrow5, score_arrow6) values ('2178', '363', '6', '6', '5', '5', '4', '3', '1');
insert into RangeScores (range_score_id, round_score_id, round_range_id) values ('364', '91', '12');
insert into EndScores (end_id, range_score_id, end_number, score_arrow1, score_arrow2, score_arrow3, score_arrow4, score_arrow5, score_arrow6) values ('2179', '364', '1', '7', '6', '5', '4', '3', '2');
insert into EndScores (end_id, range_score_id, end_number, score_arrow1, score_arrow2, score_arrow3, score_arrow4, score_arrow5, score_arrow6) values ('2180', '364', '2', '9', '8', '7', '7', '6', '5');
insert into EndScores (end_id, range_score_id, end_number, score_arrow1, score_arrow2, score_arrow3, score_arrow4, score_arrow5, score_arrow6) values ('2181', '364', '3', '9', '7', '4', '4', '3', '0');
insert into EndScores (end_id, range_score_id, end_number, score_arrow1, score_arrow2, score_arrow3, score_arrow4, score_arrow5, score_arrow6) values ('2182', '364', '4', '9', '8', '7', '6', '6', '1');
insert into EndScores (end_id, range_score_id, end_number, score_arrow1, score_arrow2, score_arrow3, score_arrow4, score_arrow5, score_arrow6) values ('2183', '364', '5', '8', '6', '5', '4', '2', '0');
insert into EndScores (end_id, range_score_id, end_number, score_arrow1, score_arrow2, score_arrow3, score_arrow4, score_arrow5, score_arrow6) values ('2184', '364', '6', '8', '7', '6', '2', '2', '1');
insert into CompetitionEnrolments (archer_id, competition_id) values ('94', '1');
insert into RoundScores (round_score_id, archer_id, competition_id, round_score_date_time, equipment_id, round_def_id, total_score, category_id) values ('92', '94', '1', '2023-04-23 14:39:44.560', 'R', '1', '616', '1');
insert into RangeScores (range_score_id, round_score_id, round_range_id) values ('365', '92', '1');
insert into EndScores (end_id, range_score_id, end_number, score_arrow1, score_arrow2, score_arrow3, score_arrow4, score_arrow5, score_arrow6) values ('2185', '365', '1', '8', '5', '4', '3', '3', '0');
insert into EndScores (end_id, range_score_id, end_number, score_arrow1, score_arrow2, score_arrow3, score_arrow4, score_arrow5, score_arrow6) values ('2186', '365', '2', '6', '4', '2', '2', '0', '0');
insert into EndScores (end_id, range_score_id, end_number, score_arrow1, score_arrow2, score_arrow3, score_arrow4, score_arrow5, score_arrow6) values ('2187', '365', '3', '8', '8', '7', '6', '3', '0');
insert into EndScores (end_id, range_score_id, end_number, score_arrow1, score_arrow2, score_arrow3, score_arrow4, score_arrow5, score_arrow6) values ('2188', '365', '4', '8', '6', '2', '2', '1', '1');
insert into EndScores (end_id, range_score_id, end_number, score_arrow1, score_arrow2, score_arrow3, score_arrow4, score_arrow5, score_arrow6) values ('2189', '365', '5', '8', '1', '1', '0', '0', '0');
insert into EndScores (end_id, range_score_id, end_number, score_arrow1, score_arrow2, score_arrow3, score_arrow4, score_arrow5, score_arrow6) values ('2190', '365', '6', '8', '5', '4', '4', '3', '0');
insert into RangeScores (range_score_id, round_score_id, round_range_id) values ('366', '92', '2');
insert into EndScores (end_id, range_score_id, end_number, score_arrow1, score_arrow2, score_arrow3, score_arrow4, score_arrow5, score_arrow6) values ('2191', '366', '1', '6', '6', '5', '4', '4', '0');
insert into EndScores (end_id, range_score_id, end_number, score_arrow1, score_arrow2, score_arrow3, score_arrow4, score_arrow5, score_arrow6) values ('2192', '366', '2', '9', '6', '4', '4', '3', '1');
insert into EndScores (end_id, range_score_id, end_number, score_arrow1, score_arrow2, score_arrow3, score_arrow4, score_arrow5, score_arrow6) values ('2193', '366', '3', '9', '8', '8', '5', '2', '0');
insert into EndScores (end_id, range_score_id, end_number, score_arrow1, score_arrow2, score_arrow3, score_arrow4, score_arrow5, score_arrow6) values ('2194', '366', '4', '9', '7', '6', '5', '5', '1');
insert into EndScores (end_id, range_score_id, end_number, score_arrow1, score_arrow2, score_arrow3, score_arrow4, score_arrow5, score_arrow6) values ('2195', '366', '5', '8', '7', '6', '6', '2', '1');
insert into EndScores (end_id, range_score_id, end_number, score_arrow1, score_arrow2, score_arrow3, score_arrow4, score_arrow5, score_arrow6) values ('2196', '366', '6', '9', '7', '5', '3', '1', '0');
insert into RangeScores (range_score_id, round_score_id, round_range_id) values ('367', '92', '3');
insert into EndScores (end_id, range_score_id, end_number, score_arrow1, score_arrow2, score_arrow3, score_arrow4, score_arrow5, score_arrow6) values ('2197', '367', '1', '9', '9', '8', '6', '3', '1');
insert into EndScores (end_id, range_score_id, end_number, score_arrow1, score_arrow2, score_arrow3, score_arrow4, score_arrow5, score_arrow6) values ('2198', '367', '2', '8', '8', '6', '2', '1', '0');
insert into EndScores (end_id, range_score_id, end_number, score_arrow1, score_arrow2, score_arrow3, score_arrow4, score_arrow5, score_arrow6) values ('2199', '367', '3', '7', '6', '4', '3', '3', '2');
insert into EndScores (end_id, range_score_id, end_number, score_arrow1, score_arrow2, score_arrow3, score_arrow4, score_arrow5, score_arrow6) values ('2200', '367', '4', '9', '7', '3', '3', '2', '0');
insert into EndScores (end_id, range_score_id, end_number, score_arrow1, score_arrow2, score_arrow3, score_arrow4, score_arrow5, score_arrow6) values ('2201', '367', '5', '7', '7', '4', '4', '3', '0');
insert into EndScores (end_id, range_score_id, end_number, score_arrow1, score_arrow2, score_arrow3, score_arrow4, score_arrow5, score_arrow6) values ('2202', '367', '6', '9', '8', '7', '3', '3', '1');
insert into RangeScores (range_score_id, round_score_id, round_range_id) values ('368', '92', '4');
insert into EndScores (end_id, range_score_id, end_number, score_arrow1, score_arrow2, score_arrow3, score_arrow4, score_arrow5, score_arrow6) values ('2203', '368', '1', '8', '8', '4', '2', '1', '0');
insert into EndScores (end_id, range_score_id, end_number, score_arrow1, score_arrow2, score_arrow3, score_arrow4, score_arrow5, score_arrow6) values ('2204', '368', '2', '6', '5', '3', '2', '2', '0');
insert into EndScores (end_id, range_score_id, end_number, score_arrow1, score_arrow2, score_arrow3, score_arrow4, score_arrow5, score_arrow6) values ('2205', '368', '3', '8', '5', '5', '4', '3', '0');
insert into EndScores (end_id, range_score_id, end_number, score_arrow1, score_arrow2, score_arrow3, score_arrow4, score_arrow5, score_arrow6) values ('2206', '368', '4', '9', '9', '8', '2', '2', '2');
insert into EndScores (end_id, range_score_id, end_number, score_arrow1, score_arrow2, score_arrow3, score_arrow4, score_arrow5, score_arrow6) values ('2207', '368', '5', '9', '9', '6', '4', '4', '4');
insert into EndScores (end_id, range_score_id, end_number, score_arrow1, score_arrow2, score_arrow3, score_arrow4, score_arrow5, score_arrow6) values ('2208', '368', '6', '6', '6', '5', '2', '2', '0');
insert into CompetitionEnrolments (archer_id, competition_id) values ('95', '14');
insert into RoundScores (round_score_id, archer_id, competition_id, round_score_date_time, equipment_id, round_def_id, total_score, category_id) values ('93', '95', '14', '2023-04-23 10:50:58.866', 'C', '3', '603', '14');
insert into RangeScores (range_score_id, round_score_id, round_range_id) values ('369', '93', '9');
insert into EndScores (end_id, range_score_id, end_number, score_arrow1, score_arrow2, score_arrow3, score_arrow4, score_arrow5, score_arrow6) values ('2209', '369', '1', '9', '8', '4', '2', '0', '0');
insert into EndScores (end_id, range_score_id, end_number, score_arrow1, score_arrow2, score_arrow3, score_arrow4, score_arrow5, score_arrow6) values ('2210', '369', '2', '8', '6', '3', '2', '1', '0');
insert into EndScores (end_id, range_score_id, end_number, score_arrow1, score_arrow2, score_arrow3, score_arrow4, score_arrow5, score_arrow6) values ('2211', '369', '3', '9', '9', '9', '3', '2', '0');
insert into EndScores (end_id, range_score_id, end_number, score_arrow1, score_arrow2, score_arrow3, score_arrow4, score_arrow5, score_arrow6) values ('2212', '369', '4', '8', '8', '7', '6', '1', '0');
insert into EndScores (end_id, range_score_id, end_number, score_arrow1, score_arrow2, score_arrow3, score_arrow4, score_arrow5, score_arrow6) values ('2213', '369', '5', '9', '6', '3', '1', '1', '0');
insert into EndScores (end_id, range_score_id, end_number, score_arrow1, score_arrow2, score_arrow3, score_arrow4, score_arrow5, score_arrow6) values ('2214', '369', '6', '2', '2', '2', '1', '1', '0');
insert into RangeScores (range_score_id, round_score_id, round_range_id) values ('370', '93', '10');
insert into EndScores (end_id, range_score_id, end_number, score_arrow1, score_arrow2, score_arrow3, score_arrow4, score_arrow5, score_arrow6) values ('2215', '370', '1', '3', '2', '0', '0', '0', '0');
insert into EndScores (end_id, range_score_id, end_number, score_arrow1, score_arrow2, score_arrow3, score_arrow4, score_arrow5, score_arrow6) values ('2216', '370', '2', '9', '8', '6', '3', '2', '1');
insert into EndScores (end_id, range_score_id, end_number, score_arrow1, score_arrow2, score_arrow3, score_arrow4, score_arrow5, score_arrow6) values ('2217', '370', '3', '9', '7', '5', '5', '4', '1');
insert into EndScores (end_id, range_score_id, end_number, score_arrow1, score_arrow2, score_arrow3, score_arrow4, score_arrow5, score_arrow6) values ('2218', '370', '4', '7', '6', '5', '5', '2', '1');
insert into EndScores (end_id, range_score_id, end_number, score_arrow1, score_arrow2, score_arrow3, score_arrow4, score_arrow5, score_arrow6) values ('2219', '370', '5', '9', '6', '5', '3', '2', '0');
insert into EndScores (end_id, range_score_id, end_number, score_arrow1, score_arrow2, score_arrow3, score_arrow4, score_arrow5, score_arrow6) values ('2220', '370', '6', '9', '7', '6', '6', '6', '0');
insert into RangeScores (range_score_id, round_score_id, round_range_id) values ('371', '93', '11');
insert into EndScores (end_id, range_score_id, end_number, score_arrow1, score_arrow2, score_arrow3, score_arrow4, score_arrow5, score_arrow6) values ('2221', '371', '1', '7', '7', '5', '1', '1', '0');
insert into EndScores (end_id, range_score_id, end_number, score_arrow1, score_arrow2, score_arrow3, score_arrow4, score_arrow5, score_arrow6) values ('2222', '371', '2', '9', '8', '8', '8', '6', '1');
insert into EndScores (end_id, range_score_id, end_number, score_arrow1, score_arrow2, score_arrow3, score_arrow4, score_arrow5, score_arrow6) values ('2223', '371', '3', '8', '6', '6', '4', '3', '2');
insert into EndScores (end_id, range_score_id, end_number, score_arrow1, score_arrow2, score_arrow3, score_arrow4, score_arrow5, score_arrow6) values ('2224', '371', '4', '9', '7', '5', '3', '0', '0');
insert into EndScores (end_id, range_score_id, end_number, score_arrow1, score_arrow2, score_arrow3, score_arrow4, score_arrow5, score_arrow6) values ('2225', '371', '5', '9', '5', '5', '5', '4', '4');
insert into EndScores (end_id, range_score_id, end_number, score_arrow1, score_arrow2, score_arrow3, score_arrow4, score_arrow5, score_arrow6) values ('2226', '371', '6', '7', '6', '4', '3', '3', '0');
insert into RangeScores (range_score_id, round_score_id, round_range_id) values ('372', '93', '12');
insert into EndScores (end_id, range_score_id, end_number, score_arrow1, score_arrow2, score_arrow3, score_arrow4, score_arrow5, score_arrow6) values ('2227', '372', '1', '9', '8', '2', '1', '1', '1');
insert into EndScores (end_id, range_score_id, end_number, score_arrow1, score_arrow2, score_arrow3, score_arrow4, score_arrow5, score_arrow6) values ('2228', '372', '2', '8', '6', '5', '5', '2', '1');
insert into EndScores (end_id, range_score_id, end_number, score_arrow1, score_arrow2, score_arrow3, score_arrow4, score_arrow5, score_arrow6) values ('2229', '372', '3', '9', '9', '9', '2', '1', '1');
insert into EndScores (end_id, range_score_id, end_number, score_arrow1, score_arrow2, score_arrow3, score_arrow4, score_arrow5, score_arrow6) values ('2230', '372', '4', '9', '7', '6', '4', '3', '0');
insert into EndScores (end_id, range_score_id, end_number, score_arrow1, score_arrow2, score_arrow3, score_arrow4, score_arrow5, score_arrow6) values ('2231', '372', '5', '8', '8', '5', '1', '1', '0');
insert into EndScores (end_id, range_score_id, end_number, score_arrow1, score_arrow2, score_arrow3, score_arrow4, score_arrow5, score_arrow6) values ('2232', '372', '6', '8', '5', '2', '2', '2', '0');
insert into CompetitionEnrolments (archer_id, competition_id) values ('96', '4');
insert into RoundScores (round_score_id, archer_id, competition_id, round_score_date_time, equipment_id, round_def_id, total_score, category_id) values ('94', '96', '4', '2023-04-23 14:3:19.443', 'L', '3', '635', '4');
insert into RangeScores (range_score_id, round_score_id, round_range_id) values ('373', '94', '9');
insert into EndScores (end_id, range_score_id, end_number, score_arrow1, score_arrow2, score_arrow3, score_arrow4, score_arrow5, score_arrow6) values ('2233', '373', '1', '7', '3', '2', '1', '0', '0');
insert into EndScores (end_id, range_score_id, end_number, score_arrow1, score_arrow2, score_arrow3, score_arrow4, score_arrow5, score_arrow6) values ('2234', '373', '2', '8', '8', '7', '4', '1', '0');
insert into EndScores (end_id, range_score_id, end_number, score_arrow1, score_arrow2, score_arrow3, score_arrow4, score_arrow5, score_arrow6) values ('2235', '373', '3', '9', '5', '5', '2', '0', '0');
insert into EndScores (end_id, range_score_id, end_number, score_arrow1, score_arrow2, score_arrow3, score_arrow4, score_arrow5, score_arrow6) values ('2236', '373', '4', '8', '6', '3', '1', '1', '0');
insert into EndScores (end_id, range_score_id, end_number, score_arrow1, score_arrow2, score_arrow3, score_arrow4, score_arrow5, score_arrow6) values ('2237', '373', '5', '9', '9', '5', '3', '2', '2');
insert into EndScores (end_id, range_score_id, end_number, score_arrow1, score_arrow2, score_arrow3, score_arrow4, score_arrow5, score_arrow6) values ('2238', '373', '6', '7', '5', '3', '3', '0', '0');
insert into RangeScores (range_score_id, round_score_id, round_range_id) values ('374', '94', '10');
insert into EndScores (end_id, range_score_id, end_number, score_arrow1, score_arrow2, score_arrow3, score_arrow4, score_arrow5, score_arrow6) values ('2239', '374', '1', '8', '6', '6', '4', '2', '1');
insert into EndScores (end_id, range_score_id, end_number, score_arrow1, score_arrow2, score_arrow3, score_arrow4, score_arrow5, score_arrow6) values ('2240', '374', '2', '5', '4', '3', '2', '1', '0');
insert into EndScores (end_id, range_score_id, end_number, score_arrow1, score_arrow2, score_arrow3, score_arrow4, score_arrow5, score_arrow6) values ('2241', '374', '3', '9', '7', '4', '2', '2', '1');
insert into EndScores (end_id, range_score_id, end_number, score_arrow1, score_arrow2, score_arrow3, score_arrow4, score_arrow5, score_arrow6) values ('2242', '374', '4', '8', '7', '6', '3', '2', '1');
insert into EndScores (end_id, range_score_id, end_number, score_arrow1, score_arrow2, score_arrow3, score_arrow4, score_arrow5, score_arrow6) values ('2243', '374', '5', '9', '7', '7', '3', '2', '2');
insert into EndScores (end_id, range_score_id, end_number, score_arrow1, score_arrow2, score_arrow3, score_arrow4, score_arrow5, score_arrow6) values ('2244', '374', '6', '8', '5', '3', '2', '0', '0');
insert into RangeScores (range_score_id, round_score_id, round_range_id) values ('375', '94', '11');
insert into EndScores (end_id, range_score_id, end_number, score_arrow1, score_arrow2, score_arrow3, score_arrow4, score_arrow5, score_arrow6) values ('2245', '375', '1', '9', '9', '8', '5', '1', '1');
insert into EndScores (end_id, range_score_id, end_number, score_arrow1, score_arrow2, score_arrow3, score_arrow4, score_arrow5, score_arrow6) values ('2246', '375', '2', '9', '8', '7', '6', '5', '2');
insert into EndScores (end_id, range_score_id, end_number, score_arrow1, score_arrow2, score_arrow3, score_arrow4, score_arrow5, score_arrow6) values ('2247', '375', '3', '9', '8', '6', '5', '0', '0');
insert into EndScores (end_id, range_score_id, end_number, score_arrow1, score_arrow2, score_arrow3, score_arrow4, score_arrow5, score_arrow6) values ('2248', '375', '4', '9', '9', '7', '6', '4', '4');
insert into EndScores (end_id, range_score_id, end_number, score_arrow1, score_arrow2, score_arrow3, score_arrow4, score_arrow5, score_arrow6) values ('2249', '375', '5', '7', '7', '3', '2', '1', '0');
insert into EndScores (end_id, range_score_id, end_number, score_arrow1, score_arrow2, score_arrow3, score_arrow4, score_arrow5, score_arrow6) values ('2250', '375', '6', '9', '8', '8', '4', '3', '3');
insert into RangeScores (range_score_id, round_score_id, round_range_id) values ('376', '94', '12');
insert into EndScores (end_id, range_score_id, end_number, score_arrow1, score_arrow2, score_arrow3, score_arrow4, score_arrow5, score_arrow6) values ('2251', '376', '1', '7', '7', '6', '6', '1', '0');
insert into EndScores (end_id, range_score_id, end_number, score_arrow1, score_arrow2, score_arrow3, score_arrow4, score_arrow5, score_arrow6) values ('2252', '376', '2', '9', '5', '4', '3', '3', '0');
insert into EndScores (end_id, range_score_id, end_number, score_arrow1, score_arrow2, score_arrow3, score_arrow4, score_arrow5, score_arrow6) values ('2253', '376', '3', '7', '6', '6', '2', '0', '0');
insert into EndScores (end_id, range_score_id, end_number, score_arrow1, score_arrow2, score_arrow3, score_arrow4, score_arrow5, score_arrow6) values ('2254', '376', '4', '9', '5', '4', '2', '2', '2');
insert into EndScores (end_id, range_score_id, end_number, score_arrow1, score_arrow2, score_arrow3, score_arrow4, score_arrow5, score_arrow6) values ('2255', '376', '5', '9', '9', '9', '8', '5', '3');
insert into EndScores (end_id, range_score_id, end_number, score_arrow1, score_arrow2, score_arrow3, score_arrow4, score_arrow5, score_arrow6) values ('2256', '376', '6', '8', '8', '7', '6', '4', '0');
insert into CompetitionEnrolments (archer_id, competition_id) values ('97', '8');
insert into RoundScores (round_score_id, archer_id, competition_id, round_score_date_time, equipment_id, round_def_id, total_score, category_id) values ('95', '97', '8', '2023-04-23 13:7:33.702', 'L', '4', '671', '8');
insert into RangeScores (range_score_id, round_score_id, round_range_id) values ('377', '95', '13');
insert into EndScores (end_id, range_score_id, end_number, score_arrow1, score_arrow2, score_arrow3, score_arrow4, score_arrow5, score_arrow6) values ('2257', '377', '1', '8', '8', '6', '6', '5', '5');
insert into EndScores (end_id, range_score_id, end_number, score_arrow1, score_arrow2, score_arrow3, score_arrow4, score_arrow5, score_arrow6) values ('2258', '377', '2', '4', '4', '3', '2', '0', '0');
insert into EndScores (end_id, range_score_id, end_number, score_arrow1, score_arrow2, score_arrow3, score_arrow4, score_arrow5, score_arrow6) values ('2259', '377', '3', '7', '7', '7', '6', '2', '0');
insert into EndScores (end_id, range_score_id, end_number, score_arrow1, score_arrow2, score_arrow3, score_arrow4, score_arrow5, score_arrow6) values ('2260', '377', '4', '8', '3', '1', '1', '1', '1');
insert into EndScores (end_id, range_score_id, end_number, score_arrow1, score_arrow2, score_arrow3, score_arrow4, score_arrow5, score_arrow6) values ('2261', '377', '5', '8', '7', '6', '3', '2', '1');
insert into EndScores (end_id, range_score_id, end_number, score_arrow1, score_arrow2, score_arrow3, score_arrow4, score_arrow5, score_arrow6) values ('2262', '377', '6', '7', '4', '3', '0', '0', '0');
insert into RangeScores (range_score_id, round_score_id, round_range_id) values ('378', '95', '14');
insert into EndScores (end_id, range_score_id, end_number, score_arrow1, score_arrow2, score_arrow3, score_arrow4, score_arrow5, score_arrow6) values ('2263', '378', '1', '9', '8', '8', '5', '3', '1');
insert into EndScores (end_id, range_score_id, end_number, score_arrow1, score_arrow2, score_arrow3, score_arrow4, score_arrow5, score_arrow6) values ('2264', '378', '2', '8', '5', '5', '4', '4', '0');
insert into EndScores (end_id, range_score_id, end_number, score_arrow1, score_arrow2, score_arrow3, score_arrow4, score_arrow5, score_arrow6) values ('2265', '378', '3', '5', '4', '4', '3', '3', '2');
insert into EndScores (end_id, range_score_id, end_number, score_arrow1, score_arrow2, score_arrow3, score_arrow4, score_arrow5, score_arrow6) values ('2266', '378', '4', '9', '9', '8', '7', '5', '4');
insert into EndScores (end_id, range_score_id, end_number, score_arrow1, score_arrow2, score_arrow3, score_arrow4, score_arrow5, score_arrow6) values ('2267', '378', '5', '9', '9', '4', '4', '2', '1');
insert into EndScores (end_id, range_score_id, end_number, score_arrow1, score_arrow2, score_arrow3, score_arrow4, score_arrow5, score_arrow6) values ('2268', '378', '6', '9', '8', '7', '5', '3', '3');
insert into RangeScores (range_score_id, round_score_id, round_range_id) values ('379', '95', '15');
insert into EndScores (end_id, range_score_id, end_number, score_arrow1, score_arrow2, score_arrow3, score_arrow4, score_arrow5, score_arrow6) values ('2269', '379', '1', '9', '9', '9', '6', '4', '1');
insert into EndScores (end_id, range_score_id, end_number, score_arrow1, score_arrow2, score_arrow3, score_arrow4, score_arrow5, score_arrow6) values ('2270', '379', '2', '8', '8', '7', '7', '6', '2');
insert into EndScores (end_id, range_score_id, end_number, score_arrow1, score_arrow2, score_arrow3, score_arrow4, score_arrow5, score_arrow6) values ('2271', '379', '3', '7', '7', '5', '5', '2', '0');
insert into EndScores (end_id, range_score_id, end_number, score_arrow1, score_arrow2, score_arrow3, score_arrow4, score_arrow5, score_arrow6) values ('2272', '379', '4', '9', '9', '8', '8', '3', '3');
insert into EndScores (end_id, range_score_id, end_number, score_arrow1, score_arrow2, score_arrow3, score_arrow4, score_arrow5, score_arrow6) values ('2273', '379', '5', '8', '8', '8', '7', '5', '2');
insert into EndScores (end_id, range_score_id, end_number, score_arrow1, score_arrow2, score_arrow3, score_arrow4, score_arrow5, score_arrow6) values ('2274', '379', '6', '9', '6', '3', '2', '1', '0');
insert into RangeScores (range_score_id, round_score_id, round_range_id) values ('380', '95', '16');
insert into EndScores (end_id, range_score_id, end_number, score_arrow1, score_arrow2, score_arrow3, score_arrow4, score_arrow5, score_arrow6) values ('2275', '380', '1', '6', '5', '3', '1', '0', '0');
insert into EndScores (end_id, range_score_id, end_number, score_arrow1, score_arrow2, score_arrow3, score_arrow4, score_arrow5, score_arrow6) values ('2276', '380', '2', '9', '8', '7', '5', '4', '4');
insert into EndScores (end_id, range_score_id, end_number, score_arrow1, score_arrow2, score_arrow3, score_arrow4, score_arrow5, score_arrow6) values ('2277', '380', '3', '8', '8', '7', '3', '3', '1');
insert into EndScores (end_id, range_score_id, end_number, score_arrow1, score_arrow2, score_arrow3, score_arrow4, score_arrow5, score_arrow6) values ('2278', '380', '4', '8', '6', '6', '4', '1', '0');
insert into EndScores (end_id, range_score_id, end_number, score_arrow1, score_arrow2, score_arrow3, score_arrow4, score_arrow5, score_arrow6) values ('2279', '380', '5', '5', '4', '2', '2', '0', '0');
insert into EndScores (end_id, range_score_id, end_number, score_arrow1, score_arrow2, score_arrow3, score_arrow4, score_arrow5, score_arrow6) values ('2280', '380', '6', '7', '5', '5', '5', '3', '2');
insert into CompetitionEnrolments (archer_id, competition_id) values ('98', '4');
insert into RoundScores (round_score_id, archer_id, competition_id, round_score_date_time, equipment_id, round_def_id, total_score, category_id) values ('96', '98', '4', '2023-04-23 12:1:36.860', 'L', '3', '652', '4');
insert into RangeScores (range_score_id, round_score_id, round_range_id) values ('381', '96', '9');
insert into EndScores (end_id, range_score_id, end_number, score_arrow1, score_arrow2, score_arrow3, score_arrow4, score_arrow5, score_arrow6) values ('2281', '381', '1', '9', '5', '2', '1', '0', '0');
insert into EndScores (end_id, range_score_id, end_number, score_arrow1, score_arrow2, score_arrow3, score_arrow4, score_arrow5, score_arrow6) values ('2282', '381', '2', '9', '9', '7', '4', '2', '2');
insert into EndScores (end_id, range_score_id, end_number, score_arrow1, score_arrow2, score_arrow3, score_arrow4, score_arrow5, score_arrow6) values ('2283', '381', '3', '9', '6', '4', '2', '1', '1');
insert into EndScores (end_id, range_score_id, end_number, score_arrow1, score_arrow2, score_arrow3, score_arrow4, score_arrow5, score_arrow6) values ('2284', '381', '4', '8', '7', '5', '4', '2', '0');
insert into EndScores (end_id, range_score_id, end_number, score_arrow1, score_arrow2, score_arrow3, score_arrow4, score_arrow5, score_arrow6) values ('2285', '381', '5', '6', '5', '4', '2', '2', '1');
insert into EndScores (end_id, range_score_id, end_number, score_arrow1, score_arrow2, score_arrow3, score_arrow4, score_arrow5, score_arrow6) values ('2286', '381', '6', '8', '7', '5', '3', '0', '0');
insert into RangeScores (range_score_id, round_score_id, round_range_id) values ('382', '96', '10');
insert into EndScores (end_id, range_score_id, end_number, score_arrow1, score_arrow2, score_arrow3, score_arrow4, score_arrow5, score_arrow6) values ('2287', '382', '1', '7', '7', '5', '4', '3', '3');
insert into EndScores (end_id, range_score_id, end_number, score_arrow1, score_arrow2, score_arrow3, score_arrow4, score_arrow5, score_arrow6) values ('2288', '382', '2', '9', '8', '4', '3', '1', '0');
insert into EndScores (end_id, range_score_id, end_number, score_arrow1, score_arrow2, score_arrow3, score_arrow4, score_arrow5, score_arrow6) values ('2289', '382', '3', '6', '3', '2', '2', '1', '1');
insert into EndScores (end_id, range_score_id, end_number, score_arrow1, score_arrow2, score_arrow3, score_arrow4, score_arrow5, score_arrow6) values ('2290', '382', '4', '8', '6', '5', '4', '2', '1');
insert into EndScores (end_id, range_score_id, end_number, score_arrow1, score_arrow2, score_arrow3, score_arrow4, score_arrow5, score_arrow6) values ('2291', '382', '5', '8', '7', '5', '5', '2', '0');
insert into EndScores (end_id, range_score_id, end_number, score_arrow1, score_arrow2, score_arrow3, score_arrow4, score_arrow5, score_arrow6) values ('2292', '382', '6', '7', '6', '5', '2', '1', '1');
insert into RangeScores (range_score_id, round_score_id, round_range_id) values ('383', '96', '11');
insert into EndScores (end_id, range_score_id, end_number, score_arrow1, score_arrow2, score_arrow3, score_arrow4, score_arrow5, score_arrow6) values ('2293', '383', '1', '9', '9', '7', '7', '6', '2');
insert into EndScores (end_id, range_score_id, end_number, score_arrow1, score_arrow2, score_arrow3, score_arrow4, score_arrow5, score_arrow6) values ('2294', '383', '2', '9', '9', '8', '5', '4', '1');
insert into EndScores (end_id, range_score_id, end_number, score_arrow1, score_arrow2, score_arrow3, score_arrow4, score_arrow5, score_arrow6) values ('2295', '383', '3', '9', '9', '7', '5', '1', '0');
insert into EndScores (end_id, range_score_id, end_number, score_arrow1, score_arrow2, score_arrow3, score_arrow4, score_arrow5, score_arrow6) values ('2296', '383', '4', '8', '7', '7', '4', '4', '2');
insert into EndScores (end_id, range_score_id, end_number, score_arrow1, score_arrow2, score_arrow3, score_arrow4, score_arrow5, score_arrow6) values ('2297', '383', '5', '8', '8', '5', '4', '3', '1');
insert into EndScores (end_id, range_score_id, end_number, score_arrow1, score_arrow2, score_arrow3, score_arrow4, score_arrow5, score_arrow6) values ('2298', '383', '6', '8', '7', '5', '3', '0', '0');
insert into RangeScores (range_score_id, round_score_id, round_range_id) values ('384', '96', '12');
insert into EndScores (end_id, range_score_id, end_number, score_arrow1, score_arrow2, score_arrow3, score_arrow4, score_arrow5, score_arrow6) values ('2299', '384', '1', '9', '8', '7', '5', '3', '1');
insert into EndScores (end_id, range_score_id, end_number, score_arrow1, score_arrow2, score_arrow3, score_arrow4, score_arrow5, score_arrow6) values ('2300', '384', '2', '8', '6', '5', '2', '0', '0');
insert into EndScores (end_id, range_score_id, end_number, score_arrow1, score_arrow2, score_arrow3, score_arrow4, score_arrow5, score_arrow6) values ('2301', '384', '3', '9', '6', '5', '4', '3', '0');
insert into EndScores (end_id, range_score_id, end_number, score_arrow1, score_arrow2, score_arrow3, score_arrow4, score_arrow5, score_arrow6) values ('2302', '384', '4', '9', '8', '7', '5', '2', '1');
insert into EndScores (end_id, range_score_id, end_number, score_arrow1, score_arrow2, score_arrow3, score_arrow4, score_arrow5, score_arrow6) values ('2303', '384', '5', '8', '6', '5', '3', '3', '2');
insert into EndScores (end_id, range_score_id, end_number, score_arrow1, score_arrow2, score_arrow3, score_arrow4, score_arrow5, score_arrow6) values ('2304', '384', '6', '8', '8', '7', '7', '5', '0');
insert into CompetitionEnrolments (archer_id, competition_id) values ('99', '17');
insert into RoundScores (round_score_id, archer_id, competition_id, round_score_date_time, equipment_id, round_def_id, total_score, category_id) values ('97', '99', '17', '2023-04-23 9:19:55.521', 'R', '3', '707', '17');
insert into RangeScores (range_score_id, round_score_id, round_range_id) values ('385', '97', '9');
insert into EndScores (end_id, range_score_id, end_number, score_arrow1, score_arrow2, score_arrow3, score_arrow4, score_arrow5, score_arrow6) values ('2305', '385', '1', '9', '7', '7', '6', '2', '0');
insert into EndScores (end_id, range_score_id, end_number, score_arrow1, score_arrow2, score_arrow3, score_arrow4, score_arrow5, score_arrow6) values ('2306', '385', '2', '7', '6', '4', '3', '2', '0');
insert into EndScores (end_id, range_score_id, end_number, score_arrow1, score_arrow2, score_arrow3, score_arrow4, score_arrow5, score_arrow6) values ('2307', '385', '3', '8', '8', '8', '7', '6', '1');
insert into EndScores (end_id, range_score_id, end_number, score_arrow1, score_arrow2, score_arrow3, score_arrow4, score_arrow5, score_arrow6) values ('2308', '385', '4', '9', '8', '6', '5', '3', '2');
insert into EndScores (end_id, range_score_id, end_number, score_arrow1, score_arrow2, score_arrow3, score_arrow4, score_arrow5, score_arrow6) values ('2309', '385', '5', '8', '8', '7', '6', '3', '1');
insert into EndScores (end_id, range_score_id, end_number, score_arrow1, score_arrow2, score_arrow3, score_arrow4, score_arrow5, score_arrow6) values ('2310', '385', '6', '8', '6', '6', '4', '4', '0');
insert into RangeScores (range_score_id, round_score_id, round_range_id) values ('386', '97', '10');
insert into EndScores (end_id, range_score_id, end_number, score_arrow1, score_arrow2, score_arrow3, score_arrow4, score_arrow5, score_arrow6) values ('2311', '386', '1', '7', '7', '6', '4', '4', '0');
insert into EndScores (end_id, range_score_id, end_number, score_arrow1, score_arrow2, score_arrow3, score_arrow4, score_arrow5, score_arrow6) values ('2312', '386', '2', '8', '8', '7', '5', '1', '0');
insert into EndScores (end_id, range_score_id, end_number, score_arrow1, score_arrow2, score_arrow3, score_arrow4, score_arrow5, score_arrow6) values ('2313', '386', '3', '7', '4', '4', '3', '3', '2');
insert into EndScores (end_id, range_score_id, end_number, score_arrow1, score_arrow2, score_arrow3, score_arrow4, score_arrow5, score_arrow6) values ('2314', '386', '4', '9', '7', '6', '6', '5', '3');
insert into EndScores (end_id, range_score_id, end_number, score_arrow1, score_arrow2, score_arrow3, score_arrow4, score_arrow5, score_arrow6) values ('2315', '386', '5', '9', '8', '6', '6', '5', '3');
insert into EndScores (end_id, range_score_id, end_number, score_arrow1, score_arrow2, score_arrow3, score_arrow4, score_arrow5, score_arrow6) values ('2316', '386', '6', '8', '7', '7', '6', '6', '3');
insert into RangeScores (range_score_id, round_score_id, round_range_id) values ('387', '97', '11');
insert into EndScores (end_id, range_score_id, end_number, score_arrow1, score_arrow2, score_arrow3, score_arrow4, score_arrow5, score_arrow6) values ('2317', '387', '1', '9', '8', '8', '2', '1', '0');
insert into EndScores (end_id, range_score_id, end_number, score_arrow1, score_arrow2, score_arrow3, score_arrow4, score_arrow5, score_arrow6) values ('2318', '387', '2', '5', '5', '5', '3', '3', '0');
insert into EndScores (end_id, range_score_id, end_number, score_arrow1, score_arrow2, score_arrow3, score_arrow4, score_arrow5, score_arrow6) values ('2319', '387', '3', '8', '7', '7', '6', '5', '5');
insert into EndScores (end_id, range_score_id, end_number, score_arrow1, score_arrow2, score_arrow3, score_arrow4, score_arrow5, score_arrow6) values ('2320', '387', '4', '9', '9', '8', '7', '3', '0');
insert into EndScores (end_id, range_score_id, end_number, score_arrow1, score_arrow2, score_arrow3, score_arrow4, score_arrow5, score_arrow6) values ('2321', '387', '5', '5', '4', '4', '4', '0', '0');
insert into EndScores (end_id, range_score_id, end_number, score_arrow1, score_arrow2, score_arrow3, score_arrow4, score_arrow5, score_arrow6) values ('2322', '387', '6', '9', '8', '6', '2', '1', '1');
insert into RangeScores (range_score_id, round_score_id, round_range_id) values ('388', '97', '12');
insert into EndScores (end_id, range_score_id, end_number, score_arrow1, score_arrow2, score_arrow3, score_arrow4, score_arrow5, score_arrow6) values ('2323', '388', '1', '9', '8', '7', '6', '3', '2');
insert into EndScores (end_id, range_score_id, end_number, score_arrow1, score_arrow2, score_arrow3, score_arrow4, score_arrow5, score_arrow6) values ('2324', '388', '2', '9', '8', '7', '4', '2', '0');
insert into EndScores (end_id, range_score_id, end_number, score_arrow1, score_arrow2, score_arrow3, score_arrow4, score_arrow5, score_arrow6) values ('2325', '388', '3', '9', '7', '3', '2', '2', '0');
insert into EndScores (end_id, range_score_id, end_number, score_arrow1, score_arrow2, score_arrow3, score_arrow4, score_arrow5, score_arrow6) values ('2326', '388', '4', '9', '4', '3', '3', '2', '1');
insert into EndScores (end_id, range_score_id, end_number, score_arrow1, score_arrow2, score_arrow3, score_arrow4, score_arrow5, score_arrow6) values ('2327', '388', '5', '7', '6', '6', '6', '3', '2');
insert into EndScores (end_id, range_score_id, end_number, score_arrow1, score_arrow2, score_arrow3, score_arrow4, score_arrow5, score_arrow6) values ('2328', '388', '6', '9', '9', '4', '2', '1', '0');
insert into CompetitionEnrolments (archer_id, competition_id) values ('100', '22');
insert into RoundScores (round_score_id, archer_id, competition_id, round_score_date_time, equipment_id, round_def_id, total_score, category_id) values ('98', '100', '22', '2023-04-23 9:30:5.135', 'C', '4', '619', '22');
insert into RangeScores (range_score_id, round_score_id, round_range_id) values ('389', '98', '13');
insert into EndScores (end_id, range_score_id, end_number, score_arrow1, score_arrow2, score_arrow3, score_arrow4, score_arrow5, score_arrow6) values ('2329', '389', '1', '8', '7', '6', '2', '2', '0');
insert into EndScores (end_id, range_score_id, end_number, score_arrow1, score_arrow2, score_arrow3, score_arrow4, score_arrow5, score_arrow6) values ('2330', '389', '2', '9', '5', '5', '4', '4', '2');
insert into EndScores (end_id, range_score_id, end_number, score_arrow1, score_arrow2, score_arrow3, score_arrow4, score_arrow5, score_arrow6) values ('2331', '389', '3', '5', '5', '4', '3', '1', '1');
insert into EndScores (end_id, range_score_id, end_number, score_arrow1, score_arrow2, score_arrow3, score_arrow4, score_arrow5, score_arrow6) values ('2332', '389', '4', '7', '6', '5', '4', '1', '0');
insert into EndScores (end_id, range_score_id, end_number, score_arrow1, score_arrow2, score_arrow3, score_arrow4, score_arrow5, score_arrow6) values ('2333', '389', '5', '8', '4', '1', '1', '1', '0');
insert into EndScores (end_id, range_score_id, end_number, score_arrow1, score_arrow2, score_arrow3, score_arrow4, score_arrow5, score_arrow6) values ('2334', '389', '6', '9', '7', '6', '5', '5', '2');
insert into RangeScores (range_score_id, round_score_id, round_range_id) values ('390', '98', '14');
insert into EndScores (end_id, range_score_id, end_number, score_arrow1, score_arrow2, score_arrow3, score_arrow4, score_arrow5, score_arrow6) values ('2335', '390', '1', '9', '8', '7', '6', '3', '2');
insert into EndScores (end_id, range_score_id, end_number, score_arrow1, score_arrow2, score_arrow3, score_arrow4, score_arrow5, score_arrow6) values ('2336', '390', '2', '9', '8', '4', '3', '3', '2');
insert into EndScores (end_id, range_score_id, end_number, score_arrow1, score_arrow2, score_arrow3, score_arrow4, score_arrow5, score_arrow6) values ('2337', '390', '3', '5', '2', '1', '0', '0', '0');
insert into EndScores (end_id, range_score_id, end_number, score_arrow1, score_arrow2, score_arrow3, score_arrow4, score_arrow5, score_arrow6) values ('2338', '390', '4', '6', '5', '3', '3', '2', '0');
insert into EndScores (end_id, range_score_id, end_number, score_arrow1, score_arrow2, score_arrow3, score_arrow4, score_arrow5, score_arrow6) values ('2339', '390', '5', '4', '4', '4', '2', '1', '0');
insert into EndScores (end_id, range_score_id, end_number, score_arrow1, score_arrow2, score_arrow3, score_arrow4, score_arrow5, score_arrow6) values ('2340', '390', '6', '9', '7', '6', '5', '4', '2');
insert into RangeScores (range_score_id, round_score_id, round_range_id) values ('391', '98', '15');
insert into EndScores (end_id, range_score_id, end_number, score_arrow1, score_arrow2, score_arrow3, score_arrow4, score_arrow5, score_arrow6) values ('2341', '391', '1', '8', '7', '6', '4', '3', '3');
insert into EndScores (end_id, range_score_id, end_number, score_arrow1, score_arrow2, score_arrow3, score_arrow4, score_arrow5, score_arrow6) values ('2342', '391', '2', '9', '5', '4', '3', '1', '1');
insert into EndScores (end_id, range_score_id, end_number, score_arrow1, score_arrow2, score_arrow3, score_arrow4, score_arrow5, score_arrow6) values ('2343', '391', '3', '9', '9', '7', '5', '5', '4');
insert into EndScores (end_id, range_score_id, end_number, score_arrow1, score_arrow2, score_arrow3, score_arrow4, score_arrow5, score_arrow6) values ('2344', '391', '4', '9', '8', '7', '5', '2', '0');
insert into EndScores (end_id, range_score_id, end_number, score_arrow1, score_arrow2, score_arrow3, score_arrow4, score_arrow5, score_arrow6) values ('2345', '391', '5', '8', '6', '5', '5', '4', '2');
insert into EndScores (end_id, range_score_id, end_number, score_arrow1, score_arrow2, score_arrow3, score_arrow4, score_arrow5, score_arrow6) values ('2346', '391', '6', '8', '6', '6', '3', '2', '1');
insert into RangeScores (range_score_id, round_score_id, round_range_id) values ('392', '98', '16');
insert into EndScores (end_id, range_score_id, end_number, score_arrow1, score_arrow2, score_arrow3, score_arrow4, score_arrow5, score_arrow6) values ('2347', '392', '1', '8', '7', '6', '5', '5', '1');
insert into EndScores (end_id, range_score_id, end_number, score_arrow1, score_arrow2, score_arrow3, score_arrow4, score_arrow5, score_arrow6) values ('2348', '392', '2', '8', '6', '4', '4', '2', '0');
insert into EndScores (end_id, range_score_id, end_number, score_arrow1, score_arrow2, score_arrow3, score_arrow4, score_arrow5, score_arrow6) values ('2349', '392', '3', '8', '6', '6', '6', '4', '3');
insert into EndScores (end_id, range_score_id, end_number, score_arrow1, score_arrow2, score_arrow3, score_arrow4, score_arrow5, score_arrow6) values ('2350', '392', '4', '7', '5', '4', '1', '0', '0');
insert into EndScores (end_id, range_score_id, end_number, score_arrow1, score_arrow2, score_arrow3, score_arrow4, score_arrow5, score_arrow6) values ('2351', '392', '5', '9', '8', '6', '3', '2', '0');
insert into EndScores (end_id, range_score_id, end_number, score_arrow1, score_arrow2, score_arrow3, score_arrow4, score_arrow5, score_arrow6) values ('2352', '392', '6', '7', '5', '5', '2', '2', '0');
insert into CompetitionEnrolments (archer_id, competition_id) values ('101', '26');
insert into RoundScores (round_score_id, archer_id, competition_id, round_score_date_time, equipment_id, round_def_id, total_score, category_id) values ('99', '101', '26', '2023-04-23 10:40:0.20', 'C', '3', '571', '26');
insert into RangeScores (range_score_id, round_score_id, round_range_id) values ('393', '99', '9');
insert into EndScores (end_id, range_score_id, end_number, score_arrow1, score_arrow2, score_arrow3, score_arrow4, score_arrow5, score_arrow6) values ('2353', '393', '1', '7', '7', '7', '3', '1', '1');
insert into EndScores (end_id, range_score_id, end_number, score_arrow1, score_arrow2, score_arrow3, score_arrow4, score_arrow5, score_arrow6) values ('2354', '393', '2', '7', '6', '5', '4', '4', '2');
insert into EndScores (end_id, range_score_id, end_number, score_arrow1, score_arrow2, score_arrow3, score_arrow4, score_arrow5, score_arrow6) values ('2355', '393', '3', '9', '8', '8', '5', '3', '2');
insert into EndScores (end_id, range_score_id, end_number, score_arrow1, score_arrow2, score_arrow3, score_arrow4, score_arrow5, score_arrow6) values ('2356', '393', '4', '8', '7', '3', '2', '1', '0');
insert into EndScores (end_id, range_score_id, end_number, score_arrow1, score_arrow2, score_arrow3, score_arrow4, score_arrow5, score_arrow6) values ('2357', '393', '5', '8', '4', '2', '1', '1', '1');
insert into EndScores (end_id, range_score_id, end_number, score_arrow1, score_arrow2, score_arrow3, score_arrow4, score_arrow5, score_arrow6) values ('2358', '393', '6', '9', '7', '7', '4', '3', '0');
insert into RangeScores (range_score_id, round_score_id, round_range_id) values ('394', '99', '10');
insert into EndScores (end_id, range_score_id, end_number, score_arrow1, score_arrow2, score_arrow3, score_arrow4, score_arrow5, score_arrow6) values ('2359', '394', '1', '9', '8', '8', '6', '5', '4');
insert into EndScores (end_id, range_score_id, end_number, score_arrow1, score_arrow2, score_arrow3, score_arrow4, score_arrow5, score_arrow6) values ('2360', '394', '2', '9', '9', '6', '2', '2', '1');
insert into EndScores (end_id, range_score_id, end_number, score_arrow1, score_arrow2, score_arrow3, score_arrow4, score_arrow5, score_arrow6) values ('2361', '394', '3', '8', '7', '6', '4', '1', '1');
insert into EndScores (end_id, range_score_id, end_number, score_arrow1, score_arrow2, score_arrow3, score_arrow4, score_arrow5, score_arrow6) values ('2362', '394', '4', '9', '6', '5', '2', '0', '0');
insert into EndScores (end_id, range_score_id, end_number, score_arrow1, score_arrow2, score_arrow3, score_arrow4, score_arrow5, score_arrow6) values ('2363', '394', '5', '9', '8', '6', '3', '2', '2');
insert into EndScores (end_id, range_score_id, end_number, score_arrow1, score_arrow2, score_arrow3, score_arrow4, score_arrow5, score_arrow6) values ('2364', '394', '6', '9', '8', '7', '5', '3', '0');
insert into RangeScores (range_score_id, round_score_id, round_range_id) values ('395', '99', '11');
insert into EndScores (end_id, range_score_id, end_number, score_arrow1, score_arrow2, score_arrow3, score_arrow4, score_arrow5, score_arrow6) values ('2365', '395', '1', '7', '7', '7', '2', '1', '0');
insert into EndScores (end_id, range_score_id, end_number, score_arrow1, score_arrow2, score_arrow3, score_arrow4, score_arrow5, score_arrow6) values ('2366', '395', '2', '7', '2', '2', '2', '1', '0');
insert into EndScores (end_id, range_score_id, end_number, score_arrow1, score_arrow2, score_arrow3, score_arrow4, score_arrow5, score_arrow6) values ('2367', '395', '3', '4', '4', '4', '2', '2', '1');
insert into EndScores (end_id, range_score_id, end_number, score_arrow1, score_arrow2, score_arrow3, score_arrow4, score_arrow5, score_arrow6) values ('2368', '395', '4', '7', '7', '6', '3', '3', '0');
insert into EndScores (end_id, range_score_id, end_number, score_arrow1, score_arrow2, score_arrow3, score_arrow4, score_arrow5, score_arrow6) values ('2369', '395', '5', '9', '4', '2', '2', '1', '0');
insert into EndScores (end_id, range_score_id, end_number, score_arrow1, score_arrow2, score_arrow3, score_arrow4, score_arrow5, score_arrow6) values ('2370', '395', '6', '9', '2', '2', '2', '1', '1');
insert into RangeScores (range_score_id, round_score_id, round_range_id) values ('396', '99', '12');
insert into EndScores (end_id, range_score_id, end_number, score_arrow1, score_arrow2, score_arrow3, score_arrow4, score_arrow5, score_arrow6) values ('2371', '396', '1', '6', '6', '6', '6', '5', '2');
insert into EndScores (end_id, range_score_id, end_number, score_arrow1, score_arrow2, score_arrow3, score_arrow4, score_arrow5, score_arrow6) values ('2372', '396', '2', '9', '7', '6', '5', '4', '0');
insert into EndScores (end_id, range_score_id, end_number, score_arrow1, score_arrow2, score_arrow3, score_arrow4, score_arrow5, score_arrow6) values ('2373', '396', '3', '3', '3', '1', '1', '1', '0');
insert into EndScores (end_id, range_score_id, end_number, score_arrow1, score_arrow2, score_arrow3, score_arrow4, score_arrow5, score_arrow6) values ('2374', '396', '4', '6', '5', '2', '1', '1', '1');
insert into EndScores (end_id, range_score_id, end_number, score_arrow1, score_arrow2, score_arrow3, score_arrow4, score_arrow5, score_arrow6) values ('2375', '396', '5', '6', '3', '3', '1', '0', '0');
insert into EndScores (end_id, range_score_id, end_number, score_arrow1, score_arrow2, score_arrow3, score_arrow4, score_arrow5, score_arrow6) values ('2376', '396', '6', '8', '6', '2', '2', '0', '0');
insert into CompetitionEnrolments (archer_id, competition_id) values ('102', '40');
insert into RoundScores (round_score_id, archer_id, competition_id, round_score_date_time, equipment_id, round_def_id, total_score, category_id) values ('100', '102', '40', '2023-04-23 13:56:49.148', 'L', '4', '645', '40');
insert into RangeScores (range_score_id, round_score_id, round_range_id) values ('397', '100', '13');
insert into EndScores (end_id, range_score_id, end_number, score_arrow1, score_arrow2, score_arrow3, score_arrow4, score_arrow5, score_arrow6) values ('2377', '397', '1', '7', '5', '5', '4', '2', '0');
insert into EndScores (end_id, range_score_id, end_number, score_arrow1, score_arrow2, score_arrow3, score_arrow4, score_arrow5, score_arrow6) values ('2378', '397', '2', '9', '8', '5', '3', '2', '1');
insert into EndScores (end_id, range_score_id, end_number, score_arrow1, score_arrow2, score_arrow3, score_arrow4, score_arrow5, score_arrow6) values ('2379', '397', '3', '6', '5', '5', '5', '2', '1');
insert into EndScores (end_id, range_score_id, end_number, score_arrow1, score_arrow2, score_arrow3, score_arrow4, score_arrow5, score_arrow6) values ('2380', '397', '4', '9', '9', '8', '8', '8', '6');
insert into EndScores (end_id, range_score_id, end_number, score_arrow1, score_arrow2, score_arrow3, score_arrow4, score_arrow5, score_arrow6) values ('2381', '397', '5', '5', '4', '3', '3', '1', '1');
insert into EndScores (end_id, range_score_id, end_number, score_arrow1, score_arrow2, score_arrow3, score_arrow4, score_arrow5, score_arrow6) values ('2382', '397', '6', '7', '6', '5', '5', '4', '3');
insert into RangeScores (range_score_id, round_score_id, round_range_id) values ('398', '100', '14');
insert into EndScores (end_id, range_score_id, end_number, score_arrow1, score_arrow2, score_arrow3, score_arrow4, score_arrow5, score_arrow6) values ('2383', '398', '1', '7', '6', '5', '4', '1', '0');
insert into EndScores (end_id, range_score_id, end_number, score_arrow1, score_arrow2, score_arrow3, score_arrow4, score_arrow5, score_arrow6) values ('2384', '398', '2', '9', '6', '5', '4', '2', '0');
insert into EndScores (end_id, range_score_id, end_number, score_arrow1, score_arrow2, score_arrow3, score_arrow4, score_arrow5, score_arrow6) values ('2385', '398', '3', '8', '7', '7', '6', '3', '0');
insert into EndScores (end_id, range_score_id, end_number, score_arrow1, score_arrow2, score_arrow3, score_arrow4, score_arrow5, score_arrow6) values ('2386', '398', '4', '5', '5', '2', '2', '0', '0');
insert into EndScores (end_id, range_score_id, end_number, score_arrow1, score_arrow2, score_arrow3, score_arrow4, score_arrow5, score_arrow6) values ('2387', '398', '5', '8', '8', '7', '4', '2', '2');
insert into EndScores (end_id, range_score_id, end_number, score_arrow1, score_arrow2, score_arrow3, score_arrow4, score_arrow5, score_arrow6) values ('2388', '398', '6', '9', '9', '8', '6', '4', '2');
insert into RangeScores (range_score_id, round_score_id, round_range_id) values ('399', '100', '15');
insert into EndScores (end_id, range_score_id, end_number, score_arrow1, score_arrow2, score_arrow3, score_arrow4, score_arrow5, score_arrow6) values ('2389', '399', '1', '8', '7', '3', '3', '2', '2');
insert into EndScores (end_id, range_score_id, end_number, score_arrow1, score_arrow2, score_arrow3, score_arrow4, score_arrow5, score_arrow6) values ('2390', '399', '2', '7', '6', '5', '5', '3', '1');
insert into EndScores (end_id, range_score_id, end_number, score_arrow1, score_arrow2, score_arrow3, score_arrow4, score_arrow5, score_arrow6) values ('2391', '399', '3', '8', '6', '2', '1', '0', '0');
insert into EndScores (end_id, range_score_id, end_number, score_arrow1, score_arrow2, score_arrow3, score_arrow4, score_arrow5, score_arrow6) values ('2392', '399', '4', '9', '8', '7', '6', '6', '3');
insert into EndScores (end_id, range_score_id, end_number, score_arrow1, score_arrow2, score_arrow3, score_arrow4, score_arrow5, score_arrow6) values ('2393', '399', '5', '9', '8', '4', '4', '1', '0');
insert into EndScores (end_id, range_score_id, end_number, score_arrow1, score_arrow2, score_arrow3, score_arrow4, score_arrow5, score_arrow6) values ('2394', '399', '6', '7', '5', '3', '1', '1', '0');
insert into RangeScores (range_score_id, round_score_id, round_range_id) values ('400', '100', '16');
insert into EndScores (end_id, range_score_id, end_number, score_arrow1, score_arrow2, score_arrow3, score_arrow4, score_arrow5, score_arrow6) values ('2395', '400', '1', '9', '9', '9', '2', '2', '0');
insert into EndScores (end_id, range_score_id, end_number, score_arrow1, score_arrow2, score_arrow3, score_arrow4, score_arrow5, score_arrow6) values ('2396', '400', '2', '7', '3', '1', '0', '0', '0');
insert into EndScores (end_id, range_score_id, end_number, score_arrow1, score_arrow2, score_arrow3, score_arrow4, score_arrow5, score_arrow6) values ('2397', '400', '3', '5', '5', '4', '4', '3', '1');
insert into EndScores (end_id, range_score_id, end_number, score_arrow1, score_arrow2, score_arrow3, score_arrow4, score_arrow5, score_arrow6) values ('2398', '400', '4', '9', '8', '8', '4', '2', '2');
insert into EndScores (end_id, range_score_id, end_number, score_arrow1, score_arrow2, score_arrow3, score_arrow4, score_arrow5, score_arrow6) values ('2399', '400', '5', '9', '6', '5', '4', '2', '0');
insert into EndScores (end_id, range_score_id, end_number, score_arrow1, score_arrow2, score_arrow3, score_arrow4, score_arrow5, score_arrow6) values ('2400', '400', '6', '9', '8', '8', '7', '4', '2');
insert into CompetitionEnrolments (archer_id, competition_id) values ('103', '8');
insert into RoundScores (round_score_id, archer_id, competition_id, round_score_date_time, equipment_id, round_def_id, total_score, category_id) values ('101', '103', '8', '2023-04-23 12:43:25.855', 'L', '4', '668', '8');
insert into RangeScores (range_score_id, round_score_id, round_range_id) values ('401', '101', '13');
insert into EndScores (end_id, range_score_id, end_number, score_arrow1, score_arrow2, score_arrow3, score_arrow4, score_arrow5, score_arrow6) values ('2401', '401', '1', '9', '9', '9', '3', '1', '1');
insert into EndScores (end_id, range_score_id, end_number, score_arrow1, score_arrow2, score_arrow3, score_arrow4, score_arrow5, score_arrow6) values ('2402', '401', '2', '7', '7', '2', '2', '1', '0');
insert into EndScores (end_id, range_score_id, end_number, score_arrow1, score_arrow2, score_arrow3, score_arrow4, score_arrow5, score_arrow6) values ('2403', '401', '3', '9', '8', '7', '3', '0', '0');
insert into EndScores (end_id, range_score_id, end_number, score_arrow1, score_arrow2, score_arrow3, score_arrow4, score_arrow5, score_arrow6) values ('2404', '401', '4', '9', '7', '4', '3', '1', '0');
insert into EndScores (end_id, range_score_id, end_number, score_arrow1, score_arrow2, score_arrow3, score_arrow4, score_arrow5, score_arrow6) values ('2405', '401', '5', '9', '7', '6', '5', '2', '1');
insert into EndScores (end_id, range_score_id, end_number, score_arrow1, score_arrow2, score_arrow3, score_arrow4, score_arrow5, score_arrow6) values ('2406', '401', '6', '7', '6', '6', '4', '2', '2');
insert into RangeScores (range_score_id, round_score_id, round_range_id) values ('402', '101', '14');
insert into EndScores (end_id, range_score_id, end_number, score_arrow1, score_arrow2, score_arrow3, score_arrow4, score_arrow5, score_arrow6) values ('2407', '402', '1', '9', '9', '8', '6', '4', '2');
insert into EndScores (end_id, range_score_id, end_number, score_arrow1, score_arrow2, score_arrow3, score_arrow4, score_arrow5, score_arrow6) values ('2408', '402', '2', '6', '6', '5', '4', '3', '2');
insert into EndScores (end_id, range_score_id, end_number, score_arrow1, score_arrow2, score_arrow3, score_arrow4, score_arrow5, score_arrow6) values ('2409', '402', '3', '7', '7', '6', '4', '1', '1');
insert into EndScores (end_id, range_score_id, end_number, score_arrow1, score_arrow2, score_arrow3, score_arrow4, score_arrow5, score_arrow6) values ('2410', '402', '4', '9', '4', '2', '1', '1', '0');
insert into EndScores (end_id, range_score_id, end_number, score_arrow1, score_arrow2, score_arrow3, score_arrow4, score_arrow5, score_arrow6) values ('2411', '402', '5', '9', '7', '6', '5', '4', '3');
insert into EndScores (end_id, range_score_id, end_number, score_arrow1, score_arrow2, score_arrow3, score_arrow4, score_arrow5, score_arrow6) values ('2412', '402', '6', '9', '9', '8', '8', '3', '1');
insert into RangeScores (range_score_id, round_score_id, round_range_id) values ('403', '101', '15');
insert into EndScores (end_id, range_score_id, end_number, score_arrow1, score_arrow2, score_arrow3, score_arrow4, score_arrow5, score_arrow6) values ('2413', '403', '1', '8', '7', '7', '5', '4', '1');
insert into EndScores (end_id, range_score_id, end_number, score_arrow1, score_arrow2, score_arrow3, score_arrow4, score_arrow5, score_arrow6) values ('2414', '403', '2', '8', '7', '6', '5', '4', '3');
insert into EndScores (end_id, range_score_id, end_number, score_arrow1, score_arrow2, score_arrow3, score_arrow4, score_arrow5, score_arrow6) values ('2415', '403', '3', '4', '4', '3', '2', '0', '0');
insert into EndScores (end_id, range_score_id, end_number, score_arrow1, score_arrow2, score_arrow3, score_arrow4, score_arrow5, score_arrow6) values ('2416', '403', '4', '9', '9', '8', '4', '3', '1');
insert into EndScores (end_id, range_score_id, end_number, score_arrow1, score_arrow2, score_arrow3, score_arrow4, score_arrow5, score_arrow6) values ('2417', '403', '5', '6', '6', '5', '5', '4', '2');
insert into EndScores (end_id, range_score_id, end_number, score_arrow1, score_arrow2, score_arrow3, score_arrow4, score_arrow5, score_arrow6) values ('2418', '403', '6', '8', '7', '5', '2', '2', '1');
insert into RangeScores (range_score_id, round_score_id, round_range_id) values ('404', '101', '16');
insert into EndScores (end_id, range_score_id, end_number, score_arrow1, score_arrow2, score_arrow3, score_arrow4, score_arrow5, score_arrow6) values ('2419', '404', '1', '9', '9', '7', '6', '0', '0');
insert into EndScores (end_id, range_score_id, end_number, score_arrow1, score_arrow2, score_arrow3, score_arrow4, score_arrow5, score_arrow6) values ('2420', '404', '2', '5', '4', '2', '2', '1', '0');
insert into EndScores (end_id, range_score_id, end_number, score_arrow1, score_arrow2, score_arrow3, score_arrow4, score_arrow5, score_arrow6) values ('2421', '404', '3', '9', '7', '7', '4', '3', '3');
insert into EndScores (end_id, range_score_id, end_number, score_arrow1, score_arrow2, score_arrow3, score_arrow4, score_arrow5, score_arrow6) values ('2422', '404', '4', '8', '6', '5', '3', '3', '0');
insert into EndScores (end_id, range_score_id, end_number, score_arrow1, score_arrow2, score_arrow3, score_arrow4, score_arrow5, score_arrow6) values ('2423', '404', '5', '9', '8', '7', '5', '4', '3');
insert into EndScores (end_id, range_score_id, end_number, score_arrow1, score_arrow2, score_arrow3, score_arrow4, score_arrow5, score_arrow6) values ('2424', '404', '6', '8', '8', '5', '3', '1', '1');
insert into CompetitionEnrolments (archer_id, competition_id) values ('104', '46');
insert into RoundScores (round_score_id, archer_id, competition_id, round_score_date_time, equipment_id, round_def_id, total_score, category_id) values ('102', '104', '46', '2023-04-23 15:9:11.24', 'C', '3', '634', '46');
insert into RangeScores (range_score_id, round_score_id, round_range_id) values ('405', '102', '9');
insert into EndScores (end_id, range_score_id, end_number, score_arrow1, score_arrow2, score_arrow3, score_arrow4, score_arrow5, score_arrow6) values ('2425', '405', '1', '9', '9', '8', '6', '2', '1');
insert into EndScores (end_id, range_score_id, end_number, score_arrow1, score_arrow2, score_arrow3, score_arrow4, score_arrow5, score_arrow6) values ('2426', '405', '2', '9', '8', '7', '5', '1', '1');
insert into EndScores (end_id, range_score_id, end_number, score_arrow1, score_arrow2, score_arrow3, score_arrow4, score_arrow5, score_arrow6) values ('2427', '405', '3', '8', '7', '5', '5', '1', '0');
insert into EndScores (end_id, range_score_id, end_number, score_arrow1, score_arrow2, score_arrow3, score_arrow4, score_arrow5, score_arrow6) values ('2428', '405', '4', '9', '5', '4', '2', '2', '1');
insert into EndScores (end_id, range_score_id, end_number, score_arrow1, score_arrow2, score_arrow3, score_arrow4, score_arrow5, score_arrow6) values ('2429', '405', '5', '4', '4', '3', '2', '1', '0');
insert into EndScores (end_id, range_score_id, end_number, score_arrow1, score_arrow2, score_arrow3, score_arrow4, score_arrow5, score_arrow6) values ('2430', '405', '6', '9', '8', '8', '6', '3', '3');
insert into RangeScores (range_score_id, round_score_id, round_range_id) values ('406', '102', '10');
insert into EndScores (end_id, range_score_id, end_number, score_arrow1, score_arrow2, score_arrow3, score_arrow4, score_arrow5, score_arrow6) values ('2431', '406', '1', '8', '7', '6', '4', '1', '0');
insert into EndScores (end_id, range_score_id, end_number, score_arrow1, score_arrow2, score_arrow3, score_arrow4, score_arrow5, score_arrow6) values ('2432', '406', '2', '8', '7', '6', '3', '2', '0');
insert into EndScores (end_id, range_score_id, end_number, score_arrow1, score_arrow2, score_arrow3, score_arrow4, score_arrow5, score_arrow6) values ('2433', '406', '3', '8', '6', '4', '4', '2', '2');
insert into EndScores (end_id, range_score_id, end_number, score_arrow1, score_arrow2, score_arrow3, score_arrow4, score_arrow5, score_arrow6) values ('2434', '406', '4', '8', '8', '8', '4', '4', '0');
insert into EndScores (end_id, range_score_id, end_number, score_arrow1, score_arrow2, score_arrow3, score_arrow4, score_arrow5, score_arrow6) values ('2435', '406', '5', '9', '7', '6', '5', '2', '1');
insert into EndScores (end_id, range_score_id, end_number, score_arrow1, score_arrow2, score_arrow3, score_arrow4, score_arrow5, score_arrow6) values ('2436', '406', '6', '9', '4', '4', '3', '2', '0');
insert into RangeScores (range_score_id, round_score_id, round_range_id) values ('407', '102', '11');
insert into EndScores (end_id, range_score_id, end_number, score_arrow1, score_arrow2, score_arrow3, score_arrow4, score_arrow5, score_arrow6) values ('2437', '407', '1', '8', '8', '5', '2', '0', '0');
insert into EndScores (end_id, range_score_id, end_number, score_arrow1, score_arrow2, score_arrow3, score_arrow4, score_arrow5, score_arrow6) values ('2438', '407', '2', '9', '9', '7', '1', '1', '0');
insert into EndScores (end_id, range_score_id, end_number, score_arrow1, score_arrow2, score_arrow3, score_arrow4, score_arrow5, score_arrow6) values ('2439', '407', '3', '6', '6', '5', '4', '0', '0');
insert into EndScores (end_id, range_score_id, end_number, score_arrow1, score_arrow2, score_arrow3, score_arrow4, score_arrow5, score_arrow6) values ('2440', '407', '4', '7', '5', '3', '3', '2', '0');
insert into EndScores (end_id, range_score_id, end_number, score_arrow1, score_arrow2, score_arrow3, score_arrow4, score_arrow5, score_arrow6) values ('2441', '407', '5', '9', '7', '6', '4', '2', '1');
insert into EndScores (end_id, range_score_id, end_number, score_arrow1, score_arrow2, score_arrow3, score_arrow4, score_arrow5, score_arrow6) values ('2442', '407', '6', '7', '5', '5', '3', '3', '1');
insert into RangeScores (range_score_id, round_score_id, round_range_id) values ('408', '102', '12');
insert into EndScores (end_id, range_score_id, end_number, score_arrow1, score_arrow2, score_arrow3, score_arrow4, score_arrow5, score_arrow6) values ('2443', '408', '1', '9', '7', '7', '6', '5', '0');
insert into EndScores (end_id, range_score_id, end_number, score_arrow1, score_arrow2, score_arrow3, score_arrow4, score_arrow5, score_arrow6) values ('2444', '408', '2', '9', '4', '3', '3', '2', '0');
insert into EndScores (end_id, range_score_id, end_number, score_arrow1, score_arrow2, score_arrow3, score_arrow4, score_arrow5, score_arrow6) values ('2445', '408', '3', '6', '5', '2', '0', '0', '0');
insert into EndScores (end_id, range_score_id, end_number, score_arrow1, score_arrow2, score_arrow3, score_arrow4, score_arrow5, score_arrow6) values ('2446', '408', '4', '8', '7', '7', '7', '5', '3');
insert into EndScores (end_id, range_score_id, end_number, score_arrow1, score_arrow2, score_arrow3, score_arrow4, score_arrow5, score_arrow6) values ('2447', '408', '5', '8', '4', '3', '3', '2', '1');
insert into EndScores (end_id, range_score_id, end_number, score_arrow1, score_arrow2, score_arrow3, score_arrow4, score_arrow5, score_arrow6) values ('2448', '408', '6', '9', '9', '6', '6', '5', '1');
insert into CompetitionEnrolments (archer_id, competition_id) values ('105', '28');
insert into RoundScores (round_score_id, archer_id, competition_id, round_score_date_time, equipment_id, round_def_id, total_score, category_id) values ('103', '105', '28', '2023-04-23 12:51:41.158', 'L', '4', '659', '28');
insert into RangeScores (range_score_id, round_score_id, round_range_id) values ('409', '103', '13');
insert into EndScores (end_id, range_score_id, end_number, score_arrow1, score_arrow2, score_arrow3, score_arrow4, score_arrow5, score_arrow6) values ('2449', '409', '1', '9', '7', '5', '3', '1', '0');
insert into EndScores (end_id, range_score_id, end_number, score_arrow1, score_arrow2, score_arrow3, score_arrow4, score_arrow5, score_arrow6) values ('2450', '409', '2', '5', '4', '4', '3', '1', '0');
insert into EndScores (end_id, range_score_id, end_number, score_arrow1, score_arrow2, score_arrow3, score_arrow4, score_arrow5, score_arrow6) values ('2451', '409', '3', '8', '8', '8', '6', '5', '4');
insert into EndScores (end_id, range_score_id, end_number, score_arrow1, score_arrow2, score_arrow3, score_arrow4, score_arrow5, score_arrow6) values ('2452', '409', '4', '9', '9', '7', '5', '4', '4');
insert into EndScores (end_id, range_score_id, end_number, score_arrow1, score_arrow2, score_arrow3, score_arrow4, score_arrow5, score_arrow6) values ('2453', '409', '5', '9', '8', '8', '6', '2', '1');
insert into EndScores (end_id, range_score_id, end_number, score_arrow1, score_arrow2, score_arrow3, score_arrow4, score_arrow5, score_arrow6) values ('2454', '409', '6', '5', '4', '4', '3', '2', '2');
insert into RangeScores (range_score_id, round_score_id, round_range_id) values ('410', '103', '14');
insert into EndScores (end_id, range_score_id, end_number, score_arrow1, score_arrow2, score_arrow3, score_arrow4, score_arrow5, score_arrow6) values ('2455', '410', '1', '7', '3', '2', '1', '1', '0');
insert into EndScores (end_id, range_score_id, end_number, score_arrow1, score_arrow2, score_arrow3, score_arrow4, score_arrow5, score_arrow6) values ('2456', '410', '2', '7', '6', '6', '2', '2', '1');
insert into EndScores (end_id, range_score_id, end_number, score_arrow1, score_arrow2, score_arrow3, score_arrow4, score_arrow5, score_arrow6) values ('2457', '410', '3', '9', '7', '2', '1', '1', '0');
insert into EndScores (end_id, range_score_id, end_number, score_arrow1, score_arrow2, score_arrow3, score_arrow4, score_arrow5, score_arrow6) values ('2458', '410', '4', '9', '8', '7', '5', '5', '1');
insert into EndScores (end_id, range_score_id, end_number, score_arrow1, score_arrow2, score_arrow3, score_arrow4, score_arrow5, score_arrow6) values ('2459', '410', '5', '6', '5', '4', '3', '1', '1');
insert into EndScores (end_id, range_score_id, end_number, score_arrow1, score_arrow2, score_arrow3, score_arrow4, score_arrow5, score_arrow6) values ('2460', '410', '6', '7', '6', '3', '2', '2', '0');
insert into RangeScores (range_score_id, round_score_id, round_range_id) values ('411', '103', '15');
insert into EndScores (end_id, range_score_id, end_number, score_arrow1, score_arrow2, score_arrow3, score_arrow4, score_arrow5, score_arrow6) values ('2461', '411', '1', '8', '7', '7', '6', '4', '0');
insert into EndScores (end_id, range_score_id, end_number, score_arrow1, score_arrow2, score_arrow3, score_arrow4, score_arrow5, score_arrow6) values ('2462', '411', '2', '6', '6', '5', '3', '2', '2');
insert into EndScores (end_id, range_score_id, end_number, score_arrow1, score_arrow2, score_arrow3, score_arrow4, score_arrow5, score_arrow6) values ('2463', '411', '3', '8', '8', '5', '5', '3', '1');
insert into EndScores (end_id, range_score_id, end_number, score_arrow1, score_arrow2, score_arrow3, score_arrow4, score_arrow5, score_arrow6) values ('2464', '411', '4', '9', '9', '8', '5', '2', '0');
insert into EndScores (end_id, range_score_id, end_number, score_arrow1, score_arrow2, score_arrow3, score_arrow4, score_arrow5, score_arrow6) values ('2465', '411', '5', '7', '6', '5', '2', '1', '1');
insert into EndScores (end_id, range_score_id, end_number, score_arrow1, score_arrow2, score_arrow3, score_arrow4, score_arrow5, score_arrow6) values ('2466', '411', '6', '8', '5', '5', '5', '1', '0');
insert into RangeScores (range_score_id, round_score_id, round_range_id) values ('412', '103', '16');
insert into EndScores (end_id, range_score_id, end_number, score_arrow1, score_arrow2, score_arrow3, score_arrow4, score_arrow5, score_arrow6) values ('2467', '412', '1', '7', '7', '5', '3', '2', '2');
insert into EndScores (end_id, range_score_id, end_number, score_arrow1, score_arrow2, score_arrow3, score_arrow4, score_arrow5, score_arrow6) values ('2468', '412', '2', '9', '8', '5', '3', '2', '0');
insert into EndScores (end_id, range_score_id, end_number, score_arrow1, score_arrow2, score_arrow3, score_arrow4, score_arrow5, score_arrow6) values ('2469', '412', '3', '9', '7', '7', '5', '3', '0');
insert into EndScores (end_id, range_score_id, end_number, score_arrow1, score_arrow2, score_arrow3, score_arrow4, score_arrow5, score_arrow6) values ('2470', '412', '4', '9', '9', '6', '6', '1', '1');
insert into EndScores (end_id, range_score_id, end_number, score_arrow1, score_arrow2, score_arrow3, score_arrow4, score_arrow5, score_arrow6) values ('2471', '412', '5', '9', '9', '9', '8', '7', '2');
insert into EndScores (end_id, range_score_id, end_number, score_arrow1, score_arrow2, score_arrow3, score_arrow4, score_arrow5, score_arrow6) values ('2472', '412', '6', '8', '8', '6', '5', '1', '0');
insert into CompetitionEnrolments (archer_id, competition_id) values ('106', '32');
insert into RoundScores (round_score_id, archer_id, competition_id, round_score_date_time, equipment_id, round_def_id, total_score, category_id) values ('104', '106', '32', '2023-04-23 12:44:55.249', 'L', '4', '632', '32');
insert into RangeScores (range_score_id, round_score_id, round_range_id) values ('413', '104', '13');
insert into EndScores (end_id, range_score_id, end_number, score_arrow1, score_arrow2, score_arrow3, score_arrow4, score_arrow5, score_arrow6) values ('2473', '413', '1', '8', '5', '2', '2', '1', '0');
insert into EndScores (end_id, range_score_id, end_number, score_arrow1, score_arrow2, score_arrow3, score_arrow4, score_arrow5, score_arrow6) values ('2474', '413', '2', '9', '8', '6', '0', '0', '0');
insert into EndScores (end_id, range_score_id, end_number, score_arrow1, score_arrow2, score_arrow3, score_arrow4, score_arrow5, score_arrow6) values ('2475', '413', '3', '8', '7', '4', '2', '1', '1');
insert into EndScores (end_id, range_score_id, end_number, score_arrow1, score_arrow2, score_arrow3, score_arrow4, score_arrow5, score_arrow6) values ('2476', '413', '4', '8', '6', '4', '2', '2', '0');
insert into EndScores (end_id, range_score_id, end_number, score_arrow1, score_arrow2, score_arrow3, score_arrow4, score_arrow5, score_arrow6) values ('2477', '413', '5', '9', '7', '3', '3', '1', '0');
insert into EndScores (end_id, range_score_id, end_number, score_arrow1, score_arrow2, score_arrow3, score_arrow4, score_arrow5, score_arrow6) values ('2478', '413', '6', '8', '7', '4', '3', '1', '0');
insert into RangeScores (range_score_id, round_score_id, round_range_id) values ('414', '104', '14');
insert into EndScores (end_id, range_score_id, end_number, score_arrow1, score_arrow2, score_arrow3, score_arrow4, score_arrow5, score_arrow6) values ('2479', '414', '1', '9', '9', '9', '6', '2', '2');
insert into EndScores (end_id, range_score_id, end_number, score_arrow1, score_arrow2, score_arrow3, score_arrow4, score_arrow5, score_arrow6) values ('2480', '414', '2', '8', '6', '4', '3', '2', '1');
insert into EndScores (end_id, range_score_id, end_number, score_arrow1, score_arrow2, score_arrow3, score_arrow4, score_arrow5, score_arrow6) values ('2481', '414', '3', '9', '9', '6', '5', '1', '1');
insert into EndScores (end_id, range_score_id, end_number, score_arrow1, score_arrow2, score_arrow3, score_arrow4, score_arrow5, score_arrow6) values ('2482', '414', '4', '9', '9', '7', '6', '3', '1');
insert into EndScores (end_id, range_score_id, end_number, score_arrow1, score_arrow2, score_arrow3, score_arrow4, score_arrow5, score_arrow6) values ('2483', '414', '5', '9', '7', '6', '4', '3', '2');
insert into EndScores (end_id, range_score_id, end_number, score_arrow1, score_arrow2, score_arrow3, score_arrow4, score_arrow5, score_arrow6) values ('2484', '414', '6', '9', '9', '3', '2', '2', '0');
insert into RangeScores (range_score_id, round_score_id, round_range_id) values ('415', '104', '15');
insert into EndScores (end_id, range_score_id, end_number, score_arrow1, score_arrow2, score_arrow3, score_arrow4, score_arrow5, score_arrow6) values ('2485', '415', '1', '9', '3', '2', '1', '0', '0');
insert into EndScores (end_id, range_score_id, end_number, score_arrow1, score_arrow2, score_arrow3, score_arrow4, score_arrow5, score_arrow6) values ('2486', '415', '2', '9', '9', '5', '3', '3', '3');
insert into EndScores (end_id, range_score_id, end_number, score_arrow1, score_arrow2, score_arrow3, score_arrow4, score_arrow5, score_arrow6) values ('2487', '415', '3', '9', '9', '7', '6', '3', '2');
insert into EndScores (end_id, range_score_id, end_number, score_arrow1, score_arrow2, score_arrow3, score_arrow4, score_arrow5, score_arrow6) values ('2488', '415', '4', '7', '7', '5', '5', '1', '0');
insert into EndScores (end_id, range_score_id, end_number, score_arrow1, score_arrow2, score_arrow3, score_arrow4, score_arrow5, score_arrow6) values ('2489', '415', '5', '7', '7', '5', '4', '2', '1');
insert into EndScores (end_id, range_score_id, end_number, score_arrow1, score_arrow2, score_arrow3, score_arrow4, score_arrow5, score_arrow6) values ('2490', '415', '6', '9', '7', '7', '6', '3', '2');
insert into RangeScores (range_score_id, round_score_id, round_range_id) values ('416', '104', '16');
insert into EndScores (end_id, range_score_id, end_number, score_arrow1, score_arrow2, score_arrow3, score_arrow4, score_arrow5, score_arrow6) values ('2491', '416', '1', '8', '7', '3', '1', '0', '0');
insert into EndScores (end_id, range_score_id, end_number, score_arrow1, score_arrow2, score_arrow3, score_arrow4, score_arrow5, score_arrow6) values ('2492', '416', '2', '8', '8', '3', '1', '1', '0');
insert into EndScores (end_id, range_score_id, end_number, score_arrow1, score_arrow2, score_arrow3, score_arrow4, score_arrow5, score_arrow6) values ('2493', '416', '3', '9', '7', '7', '3', '2', '2');
insert into EndScores (end_id, range_score_id, end_number, score_arrow1, score_arrow2, score_arrow3, score_arrow4, score_arrow5, score_arrow6) values ('2494', '416', '4', '8', '6', '5', '4', '3', '2');
insert into EndScores (end_id, range_score_id, end_number, score_arrow1, score_arrow2, score_arrow3, score_arrow4, score_arrow5, score_arrow6) values ('2495', '416', '5', '6', '6', '4', '4', '3', '3');
insert into EndScores (end_id, range_score_id, end_number, score_arrow1, score_arrow2, score_arrow3, score_arrow4, score_arrow5, score_arrow6) values ('2496', '416', '6', '8', '7', '6', '2', '2', '0');
insert into CompetitionEnrolments (archer_id, competition_id) values ('107', '8');
insert into RoundScores (round_score_id, archer_id, competition_id, round_score_date_time, equipment_id, round_def_id, total_score, category_id) values ('105', '107', '8', '2023-04-23 17:58:37.122', 'L', '4', '684', '8');
insert into RangeScores (range_score_id, round_score_id, round_range_id) values ('417', '105', '13');
insert into EndScores (end_id, range_score_id, end_number, score_arrow1, score_arrow2, score_arrow3, score_arrow4, score_arrow5, score_arrow6) values ('2497', '417', '1', '8', '7', '4', '2', '1', '1');
insert into EndScores (end_id, range_score_id, end_number, score_arrow1, score_arrow2, score_arrow3, score_arrow4, score_arrow5, score_arrow6) values ('2498', '417', '2', '8', '7', '5', '3', '2', '2');
insert into EndScores (end_id, range_score_id, end_number, score_arrow1, score_arrow2, score_arrow3, score_arrow4, score_arrow5, score_arrow6) values ('2499', '417', '3', '9', '9', '8', '6', '5', '5');
insert into EndScores (end_id, range_score_id, end_number, score_arrow1, score_arrow2, score_arrow3, score_arrow4, score_arrow5, score_arrow6) values ('2500', '417', '4', '9', '5', '5', '4', '2', '1');
insert into EndScores (end_id, range_score_id, end_number, score_arrow1, score_arrow2, score_arrow3, score_arrow4, score_arrow5, score_arrow6) values ('2501', '417', '5', '9', '7', '6', '5', '1', '1');
insert into EndScores (end_id, range_score_id, end_number, score_arrow1, score_arrow2, score_arrow3, score_arrow4, score_arrow5, score_arrow6) values ('2502', '417', '6', '8', '7', '6', '6', '5', '2');
insert into RangeScores (range_score_id, round_score_id, round_range_id) values ('418', '105', '14');
insert into EndScores (end_id, range_score_id, end_number, score_arrow1, score_arrow2, score_arrow3, score_arrow4, score_arrow5, score_arrow6) values ('2503', '418', '1', '9', '9', '6', '4', '4', '1');
insert into EndScores (end_id, range_score_id, end_number, score_arrow1, score_arrow2, score_arrow3, score_arrow4, score_arrow5, score_arrow6) values ('2504', '418', '2', '8', '7', '7', '7', '4', '4');
insert into EndScores (end_id, range_score_id, end_number, score_arrow1, score_arrow2, score_arrow3, score_arrow4, score_arrow5, score_arrow6) values ('2505', '418', '3', '9', '8', '7', '4', '1', '0');
insert into EndScores (end_id, range_score_id, end_number, score_arrow1, score_arrow2, score_arrow3, score_arrow4, score_arrow5, score_arrow6) values ('2506', '418', '4', '5', '3', '1', '1', '1', '0');
insert into EndScores (end_id, range_score_id, end_number, score_arrow1, score_arrow2, score_arrow3, score_arrow4, score_arrow5, score_arrow6) values ('2507', '418', '5', '9', '5', '4', '3', '3', '0');
insert into EndScores (end_id, range_score_id, end_number, score_arrow1, score_arrow2, score_arrow3, score_arrow4, score_arrow5, score_arrow6) values ('2508', '418', '6', '9', '8', '7', '6', '2', '1');
insert into RangeScores (range_score_id, round_score_id, round_range_id) values ('419', '105', '15');
insert into EndScores (end_id, range_score_id, end_number, score_arrow1, score_arrow2, score_arrow3, score_arrow4, score_arrow5, score_arrow6) values ('2509', '419', '1', '9', '9', '8', '7', '3', '1');
insert into EndScores (end_id, range_score_id, end_number, score_arrow1, score_arrow2, score_arrow3, score_arrow4, score_arrow5, score_arrow6) values ('2510', '419', '2', '6', '6', '2', '2', '2', '1');
insert into EndScores (end_id, range_score_id, end_number, score_arrow1, score_arrow2, score_arrow3, score_arrow4, score_arrow5, score_arrow6) values ('2511', '419', '3', '7', '6', '6', '2', '0', '0');
insert into EndScores (end_id, range_score_id, end_number, score_arrow1, score_arrow2, score_arrow3, score_arrow4, score_arrow5, score_arrow6) values ('2512', '419', '4', '9', '7', '7', '3', '2', '1');
insert into EndScores (end_id, range_score_id, end_number, score_arrow1, score_arrow2, score_arrow3, score_arrow4, score_arrow5, score_arrow6) values ('2513', '419', '5', '9', '9', '4', '3', '3', '0');
insert into EndScores (end_id, range_score_id, end_number, score_arrow1, score_arrow2, score_arrow3, score_arrow4, score_arrow5, score_arrow6) values ('2514', '419', '6', '9', '9', '3', '2', '0', '0');
insert into RangeScores (range_score_id, round_score_id, round_range_id) values ('420', '105', '16');
insert into EndScores (end_id, range_score_id, end_number, score_arrow1, score_arrow2, score_arrow3, score_arrow4, score_arrow5, score_arrow6) values ('2515', '420', '1', '9', '7', '5', '4', '2', '2');
insert into EndScores (end_id, range_score_id, end_number, score_arrow1, score_arrow2, score_arrow3, score_arrow4, score_arrow5, score_arrow6) values ('2516', '420', '2', '6', '6', '5', '4', '3', '3');
insert into EndScores (end_id, range_score_id, end_number, score_arrow1, score_arrow2, score_arrow3, score_arrow4, score_arrow5, score_arrow6) values ('2517', '420', '3', '9', '9', '8', '2', '1', '1');
insert into EndScores (end_id, range_score_id, end_number, score_arrow1, score_arrow2, score_arrow3, score_arrow4, score_arrow5, score_arrow6) values ('2518', '420', '4', '9', '5', '4', '4', '3', '3');
insert into EndScores (end_id, range_score_id, end_number, score_arrow1, score_arrow2, score_arrow3, score_arrow4, score_arrow5, score_arrow6) values ('2519', '420', '5', '8', '7', '7', '6', '3', '1');
insert into EndScores (end_id, range_score_id, end_number, score_arrow1, score_arrow2, score_arrow3, score_arrow4, score_arrow5, score_arrow6) values ('2520', '420', '6', '9', '8', '8', '7', '1', '0');
insert into CompetitionEnrolments (archer_id, competition_id) values ('108', '7');
insert into RoundScores (round_score_id, archer_id, competition_id, round_score_date_time, equipment_id, round_def_id, total_score, category_id) values ('106', '108', '7', '2023-04-23 17:7:49.838', 'B', '3', '600', '7');
insert into RangeScores (range_score_id, round_score_id, round_range_id) values ('421', '106', '9');
insert into EndScores (end_id, range_score_id, end_number, score_arrow1, score_arrow2, score_arrow3, score_arrow4, score_arrow5, score_arrow6) values ('2521', '421', '1', '8', '5', '2', '2', '1', '0');
insert into EndScores (end_id, range_score_id, end_number, score_arrow1, score_arrow2, score_arrow3, score_arrow4, score_arrow5, score_arrow6) values ('2522', '421', '2', '7', '6', '5', '4', '3', '0');
insert into EndScores (end_id, range_score_id, end_number, score_arrow1, score_arrow2, score_arrow3, score_arrow4, score_arrow5, score_arrow6) values ('2523', '421', '3', '7', '7', '5', '3', '2', '0');
insert into EndScores (end_id, range_score_id, end_number, score_arrow1, score_arrow2, score_arrow3, score_arrow4, score_arrow5, score_arrow6) values ('2524', '421', '4', '7', '6', '3', '1', '0', '0');
insert into EndScores (end_id, range_score_id, end_number, score_arrow1, score_arrow2, score_arrow3, score_arrow4, score_arrow5, score_arrow6) values ('2525', '421', '5', '6', '5', '4', '2', '1', '0');
insert into EndScores (end_id, range_score_id, end_number, score_arrow1, score_arrow2, score_arrow3, score_arrow4, score_arrow5, score_arrow6) values ('2526', '421', '6', '8', '6', '5', '4', '3', '3');
insert into RangeScores (range_score_id, round_score_id, round_range_id) values ('422', '106', '10');
insert into EndScores (end_id, range_score_id, end_number, score_arrow1, score_arrow2, score_arrow3, score_arrow4, score_arrow5, score_arrow6) values ('2527', '422', '1', '4', '3', '3', '2', '1', '0');
insert into EndScores (end_id, range_score_id, end_number, score_arrow1, score_arrow2, score_arrow3, score_arrow4, score_arrow5, score_arrow6) values ('2528', '422', '2', '8', '8', '7', '4', '3', '2');
insert into EndScores (end_id, range_score_id, end_number, score_arrow1, score_arrow2, score_arrow3, score_arrow4, score_arrow5, score_arrow6) values ('2529', '422', '3', '9', '5', '3', '3', '2', '2');
insert into EndScores (end_id, range_score_id, end_number, score_arrow1, score_arrow2, score_arrow3, score_arrow4, score_arrow5, score_arrow6) values ('2530', '422', '4', '8', '6', '4', '3', '1', '0');
insert into EndScores (end_id, range_score_id, end_number, score_arrow1, score_arrow2, score_arrow3, score_arrow4, score_arrow5, score_arrow6) values ('2531', '422', '5', '6', '5', '5', '3', '3', '2');
insert into EndScores (end_id, range_score_id, end_number, score_arrow1, score_arrow2, score_arrow3, score_arrow4, score_arrow5, score_arrow6) values ('2532', '422', '6', '9', '6', '6', '5', '4', '4');
insert into RangeScores (range_score_id, round_score_id, round_range_id) values ('423', '106', '11');
insert into EndScores (end_id, range_score_id, end_number, score_arrow1, score_arrow2, score_arrow3, score_arrow4, score_arrow5, score_arrow6) values ('2533', '423', '1', '5', '4', '4', '2', '2', '1');
insert into EndScores (end_id, range_score_id, end_number, score_arrow1, score_arrow2, score_arrow3, score_arrow4, score_arrow5, score_arrow6) values ('2534', '423', '2', '9', '7', '7', '4', '2', '1');
insert into EndScores (end_id, range_score_id, end_number, score_arrow1, score_arrow2, score_arrow3, score_arrow4, score_arrow5, score_arrow6) values ('2535', '423', '3', '8', '7', '4', '4', '3', '2');
insert into EndScores (end_id, range_score_id, end_number, score_arrow1, score_arrow2, score_arrow3, score_arrow4, score_arrow5, score_arrow6) values ('2536', '423', '4', '6', '4', '2', '2', '2', '1');
insert into EndScores (end_id, range_score_id, end_number, score_arrow1, score_arrow2, score_arrow3, score_arrow4, score_arrow5, score_arrow6) values ('2537', '423', '5', '8', '7', '7', '6', '5', '4');
insert into EndScores (end_id, range_score_id, end_number, score_arrow1, score_arrow2, score_arrow3, score_arrow4, score_arrow5, score_arrow6) values ('2538', '423', '6', '9', '5', '4', '3', '2', '2');
insert into RangeScores (range_score_id, round_score_id, round_range_id) values ('424', '106', '12');
insert into EndScores (end_id, range_score_id, end_number, score_arrow1, score_arrow2, score_arrow3, score_arrow4, score_arrow5, score_arrow6) values ('2539', '424', '1', '9', '7', '7', '4', '1', '0');
insert into EndScores (end_id, range_score_id, end_number, score_arrow1, score_arrow2, score_arrow3, score_arrow4, score_arrow5, score_arrow6) values ('2540', '424', '2', '7', '6', '6', '4', '2', '0');
insert into EndScores (end_id, range_score_id, end_number, score_arrow1, score_arrow2, score_arrow3, score_arrow4, score_arrow5, score_arrow6) values ('2541', '424', '3', '8', '7', '5', '5', '4', '2');
insert into EndScores (end_id, range_score_id, end_number, score_arrow1, score_arrow2, score_arrow3, score_arrow4, score_arrow5, score_arrow6) values ('2542', '424', '4', '9', '4', '3', '2', '2', '1');
insert into EndScores (end_id, range_score_id, end_number, score_arrow1, score_arrow2, score_arrow3, score_arrow4, score_arrow5, score_arrow6) values ('2543', '424', '5', '8', '8', '7', '1', '1', '0');
insert into EndScores (end_id, range_score_id, end_number, score_arrow1, score_arrow2, score_arrow3, score_arrow4, score_arrow5, score_arrow6) values ('2544', '424', '6', '8', '8', '6', '5', '5', '3');
insert into CompetitionEnrolments (archer_id, competition_id) values ('109', '2');
insert into RoundScores (round_score_id, archer_id, competition_id, round_score_date_time, equipment_id, round_def_id, total_score, category_id) values ('107', '109', '2', '2023-04-23 13:10:21.816', 'C', '1', '644', '2');
insert into RangeScores (range_score_id, round_score_id, round_range_id) values ('425', '107', '1');
insert into EndScores (end_id, range_score_id, end_number, score_arrow1, score_arrow2, score_arrow3, score_arrow4, score_arrow5, score_arrow6) values ('2545', '425', '1', '3', '2', '1', '0', '0', '0');
insert into EndScores (end_id, range_score_id, end_number, score_arrow1, score_arrow2, score_arrow3, score_arrow4, score_arrow5, score_arrow6) values ('2546', '425', '2', '9', '6', '4', '3', '3', '2');
insert into EndScores (end_id, range_score_id, end_number, score_arrow1, score_arrow2, score_arrow3, score_arrow4, score_arrow5, score_arrow6) values ('2547', '425', '3', '9', '5', '5', '4', '2', '1');
insert into EndScores (end_id, range_score_id, end_number, score_arrow1, score_arrow2, score_arrow3, score_arrow4, score_arrow5, score_arrow6) values ('2548', '425', '4', '8', '8', '7', '1', '1', '1');
insert into EndScores (end_id, range_score_id, end_number, score_arrow1, score_arrow2, score_arrow3, score_arrow4, score_arrow5, score_arrow6) values ('2549', '425', '5', '6', '5', '5', '5', '4', '0');
insert into EndScores (end_id, range_score_id, end_number, score_arrow1, score_arrow2, score_arrow3, score_arrow4, score_arrow5, score_arrow6) values ('2550', '425', '6', '9', '4', '4', '4', '4', '4');
insert into RangeScores (range_score_id, round_score_id, round_range_id) values ('426', '107', '2');
insert into EndScores (end_id, range_score_id, end_number, score_arrow1, score_arrow2, score_arrow3, score_arrow4, score_arrow5, score_arrow6) values ('2551', '426', '1', '8', '5', '4', '3', '3', '2');
insert into EndScores (end_id, range_score_id, end_number, score_arrow1, score_arrow2, score_arrow3, score_arrow4, score_arrow5, score_arrow6) values ('2552', '426', '2', '7', '6', '5', '4', '4', '3');
insert into EndScores (end_id, range_score_id, end_number, score_arrow1, score_arrow2, score_arrow3, score_arrow4, score_arrow5, score_arrow6) values ('2553', '426', '3', '9', '8', '7', '3', '2', '0');
insert into EndScores (end_id, range_score_id, end_number, score_arrow1, score_arrow2, score_arrow3, score_arrow4, score_arrow5, score_arrow6) values ('2554', '426', '4', '6', '6', '6', '5', '5', '1');
insert into EndScores (end_id, range_score_id, end_number, score_arrow1, score_arrow2, score_arrow3, score_arrow4, score_arrow5, score_arrow6) values ('2555', '426', '5', '8', '8', '7', '3', '2', '0');
insert into EndScores (end_id, range_score_id, end_number, score_arrow1, score_arrow2, score_arrow3, score_arrow4, score_arrow5, score_arrow6) values ('2556', '426', '6', '9', '9', '7', '6', '3', '2');
insert into RangeScores (range_score_id, round_score_id, round_range_id) values ('427', '107', '3');
insert into EndScores (end_id, range_score_id, end_number, score_arrow1, score_arrow2, score_arrow3, score_arrow4, score_arrow5, score_arrow6) values ('2557', '427', '1', '9', '8', '7', '5', '3', '1');
insert into EndScores (end_id, range_score_id, end_number, score_arrow1, score_arrow2, score_arrow3, score_arrow4, score_arrow5, score_arrow6) values ('2558', '427', '2', '9', '7', '6', '6', '5', '2');
insert into EndScores (end_id, range_score_id, end_number, score_arrow1, score_arrow2, score_arrow3, score_arrow4, score_arrow5, score_arrow6) values ('2559', '427', '3', '8', '3', '3', '2', '2', '1');
insert into EndScores (end_id, range_score_id, end_number, score_arrow1, score_arrow2, score_arrow3, score_arrow4, score_arrow5, score_arrow6) values ('2560', '427', '4', '9', '8', '4', '3', '2', '0');
insert into EndScores (end_id, range_score_id, end_number, score_arrow1, score_arrow2, score_arrow3, score_arrow4, score_arrow5, score_arrow6) values ('2561', '427', '5', '8', '4', '4', '3', '0', '0');
insert into EndScores (end_id, range_score_id, end_number, score_arrow1, score_arrow2, score_arrow3, score_arrow4, score_arrow5, score_arrow6) values ('2562', '427', '6', '9', '9', '3', '3', '1', '1');
insert into RangeScores (range_score_id, round_score_id, round_range_id) values ('428', '107', '4');
insert into EndScores (end_id, range_score_id, end_number, score_arrow1, score_arrow2, score_arrow3, score_arrow4, score_arrow5, score_arrow6) values ('2563', '428', '1', '9', '9', '7', '5', '4', '1');
insert into EndScores (end_id, range_score_id, end_number, score_arrow1, score_arrow2, score_arrow3, score_arrow4, score_arrow5, score_arrow6) values ('2564', '428', '2', '8', '7', '6', '4', '2', '0');
insert into EndScores (end_id, range_score_id, end_number, score_arrow1, score_arrow2, score_arrow3, score_arrow4, score_arrow5, score_arrow6) values ('2565', '428', '3', '6', '6', '5', '5', '4', '4');
insert into EndScores (end_id, range_score_id, end_number, score_arrow1, score_arrow2, score_arrow3, score_arrow4, score_arrow5, score_arrow6) values ('2566', '428', '4', '9', '7', '6', '4', '4', '3');
insert into EndScores (end_id, range_score_id, end_number, score_arrow1, score_arrow2, score_arrow3, score_arrow4, score_arrow5, score_arrow6) values ('2567', '428', '5', '9', '8', '5', '4', '2', '2');
insert into EndScores (end_id, range_score_id, end_number, score_arrow1, score_arrow2, score_arrow3, score_arrow4, score_arrow5, score_arrow6) values ('2568', '428', '6', '7', '4', '3', '1', '1', '0');
insert into CompetitionEnrolments (archer_id, competition_id) values ('110', '6');
insert into RoundScores (round_score_id, archer_id, competition_id, round_score_date_time, equipment_id, round_def_id, total_score, category_id) values ('108', '110', '6', '2023-04-23 9:31:18.957', 'C', '2', '677', '6');
insert into RangeScores (range_score_id, round_score_id, round_range_id) values ('429', '108', '5');
insert into EndScores (end_id, range_score_id, end_number, score_arrow1, score_arrow2, score_arrow3, score_arrow4, score_arrow5, score_arrow6) values ('2569', '429', '1', '8', '8', '7', '6', '4', '3');
insert into EndScores (end_id, range_score_id, end_number, score_arrow1, score_arrow2, score_arrow3, score_arrow4, score_arrow5, score_arrow6) values ('2570', '429', '2', '8', '6', '5', '5', '5', '3');
insert into EndScores (end_id, range_score_id, end_number, score_arrow1, score_arrow2, score_arrow3, score_arrow4, score_arrow5, score_arrow6) values ('2571', '429', '3', '9', '7', '7', '4', '2', '1');
insert into EndScores (end_id, range_score_id, end_number, score_arrow1, score_arrow2, score_arrow3, score_arrow4, score_arrow5, score_arrow6) values ('2572', '429', '4', '4', '3', '2', '1', '0', '0');
insert into EndScores (end_id, range_score_id, end_number, score_arrow1, score_arrow2, score_arrow3, score_arrow4, score_arrow5, score_arrow6) values ('2573', '429', '5', '9', '9', '6', '2', '2', '1');
insert into EndScores (end_id, range_score_id, end_number, score_arrow1, score_arrow2, score_arrow3, score_arrow4, score_arrow5, score_arrow6) values ('2574', '429', '6', '5', '4', '4', '4', '2', '0');
insert into RangeScores (range_score_id, round_score_id, round_range_id) values ('430', '108', '6');
insert into EndScores (end_id, range_score_id, end_number, score_arrow1, score_arrow2, score_arrow3, score_arrow4, score_arrow5, score_arrow6) values ('2575', '430', '1', '9', '8', '5', '5', '2', '1');
insert into EndScores (end_id, range_score_id, end_number, score_arrow1, score_arrow2, score_arrow3, score_arrow4, score_arrow5, score_arrow6) values ('2576', '430', '2', '9', '9', '2', '1', '0', '0');
insert into EndScores (end_id, range_score_id, end_number, score_arrow1, score_arrow2, score_arrow3, score_arrow4, score_arrow5, score_arrow6) values ('2577', '430', '3', '8', '8', '6', '4', '3', '2');
insert into EndScores (end_id, range_score_id, end_number, score_arrow1, score_arrow2, score_arrow3, score_arrow4, score_arrow5, score_arrow6) values ('2578', '430', '4', '8', '7', '6', '6', '6', '4');
insert into EndScores (end_id, range_score_id, end_number, score_arrow1, score_arrow2, score_arrow3, score_arrow4, score_arrow5, score_arrow6) values ('2579', '430', '5', '8', '8', '6', '4', '1', '0');
insert into EndScores (end_id, range_score_id, end_number, score_arrow1, score_arrow2, score_arrow3, score_arrow4, score_arrow5, score_arrow6) values ('2580', '430', '6', '9', '7', '4', '3', '2', '0');
insert into RangeScores (range_score_id, round_score_id, round_range_id) values ('431', '108', '7');
insert into EndScores (end_id, range_score_id, end_number, score_arrow1, score_arrow2, score_arrow3, score_arrow4, score_arrow5, score_arrow6) values ('2581', '431', '1', '8', '3', '2', '2', '1', '1');
insert into EndScores (end_id, range_score_id, end_number, score_arrow1, score_arrow2, score_arrow3, score_arrow4, score_arrow5, score_arrow6) values ('2582', '431', '2', '8', '8', '5', '3', '0', '0');
insert into EndScores (end_id, range_score_id, end_number, score_arrow1, score_arrow2, score_arrow3, score_arrow4, score_arrow5, score_arrow6) values ('2583', '431', '3', '7', '6', '6', '6', '3', '0');
insert into EndScores (end_id, range_score_id, end_number, score_arrow1, score_arrow2, score_arrow3, score_arrow4, score_arrow5, score_arrow6) values ('2584', '431', '4', '9', '9', '5', '3', '3', '1');
insert into EndScores (end_id, range_score_id, end_number, score_arrow1, score_arrow2, score_arrow3, score_arrow4, score_arrow5, score_arrow6) values ('2585', '431', '5', '9', '8', '7', '4', '4', '3');
insert into EndScores (end_id, range_score_id, end_number, score_arrow1, score_arrow2, score_arrow3, score_arrow4, score_arrow5, score_arrow6) values ('2586', '431', '6', '8', '6', '3', '2', '2', '1');
insert into RangeScores (range_score_id, round_score_id, round_range_id) values ('432', '108', '8');
insert into EndScores (end_id, range_score_id, end_number, score_arrow1, score_arrow2, score_arrow3, score_arrow4, score_arrow5, score_arrow6) values ('2587', '432', '1', '9', '8', '5', '5', '4', '3');
insert into EndScores (end_id, range_score_id, end_number, score_arrow1, score_arrow2, score_arrow3, score_arrow4, score_arrow5, score_arrow6) values ('2588', '432', '2', '9', '5', '4', '2', '0', '0');
insert into EndScores (end_id, range_score_id, end_number, score_arrow1, score_arrow2, score_arrow3, score_arrow4, score_arrow5, score_arrow6) values ('2589', '432', '3', '9', '8', '8', '8', '8', '7');
insert into EndScores (end_id, range_score_id, end_number, score_arrow1, score_arrow2, score_arrow3, score_arrow4, score_arrow5, score_arrow6) values ('2590', '432', '4', '8', '6', '6', '6', '4', '3');
insert into EndScores (end_id, range_score_id, end_number, score_arrow1, score_arrow2, score_arrow3, score_arrow4, score_arrow5, score_arrow6) values ('2591', '432', '5', '9', '9', '7', '4', '2', '2');
insert into EndScores (end_id, range_score_id, end_number, score_arrow1, score_arrow2, score_arrow3, score_arrow4, score_arrow5, score_arrow6) values ('2592', '432', '6', '9', '6', '5', '5', '1', '0');
insert into CompetitionEnrolments (archer_id, competition_id) values ('111', '19');
insert into RoundScores (round_score_id, archer_id, competition_id, round_score_date_time, equipment_id, round_def_id, total_score, category_id) values ('109', '111', '19', '2023-04-23 9:10:45.178', 'B', '3', '632', '19');
insert into RangeScores (range_score_id, round_score_id, round_range_id) values ('433', '109', '9');
insert into EndScores (end_id, range_score_id, end_number, score_arrow1, score_arrow2, score_arrow3, score_arrow4, score_arrow5, score_arrow6) values ('2593', '433', '1', '7', '5', '2', '2', '1', '0');
insert into EndScores (end_id, range_score_id, end_number, score_arrow1, score_arrow2, score_arrow3, score_arrow4, score_arrow5, score_arrow6) values ('2594', '433', '2', '9', '7', '6', '3', '3', '1');
insert into EndScores (end_id, range_score_id, end_number, score_arrow1, score_arrow2, score_arrow3, score_arrow4, score_arrow5, score_arrow6) values ('2595', '433', '3', '7', '7', '6', '1', '0', '0');
insert into EndScores (end_id, range_score_id, end_number, score_arrow1, score_arrow2, score_arrow3, score_arrow4, score_arrow5, score_arrow6) values ('2596', '433', '4', '9', '7', '7', '6', '4', '2');
insert into EndScores (end_id, range_score_id, end_number, score_arrow1, score_arrow2, score_arrow3, score_arrow4, score_arrow5, score_arrow6) values ('2597', '433', '5', '6', '5', '4', '4', '3', '1');
insert into EndScores (end_id, range_score_id, end_number, score_arrow1, score_arrow2, score_arrow3, score_arrow4, score_arrow5, score_arrow6) values ('2598', '433', '6', '8', '7', '4', '4', '3', '2');
insert into RangeScores (range_score_id, round_score_id, round_range_id) values ('434', '109', '10');
insert into EndScores (end_id, range_score_id, end_number, score_arrow1, score_arrow2, score_arrow3, score_arrow4, score_arrow5, score_arrow6) values ('2599', '434', '1', '9', '7', '7', '6', '5', '2');
insert into EndScores (end_id, range_score_id, end_number, score_arrow1, score_arrow2, score_arrow3, score_arrow4, score_arrow5, score_arrow6) values ('2600', '434', '2', '9', '8', '6', '5', '3', '0');
insert into EndScores (end_id, range_score_id, end_number, score_arrow1, score_arrow2, score_arrow3, score_arrow4, score_arrow5, score_arrow6) values ('2601', '434', '3', '9', '6', '6', '5', '2', '2');
insert into EndScores (end_id, range_score_id, end_number, score_arrow1, score_arrow2, score_arrow3, score_arrow4, score_arrow5, score_arrow6) values ('2602', '434', '4', '9', '8', '7', '1', '0', '0');
insert into EndScores (end_id, range_score_id, end_number, score_arrow1, score_arrow2, score_arrow3, score_arrow4, score_arrow5, score_arrow6) values ('2603', '434', '5', '9', '8', '4', '3', '3', '1');
insert into EndScores (end_id, range_score_id, end_number, score_arrow1, score_arrow2, score_arrow3, score_arrow4, score_arrow5, score_arrow6) values ('2604', '434', '6', '8', '6', '5', '3', '2', '2');
insert into RangeScores (range_score_id, round_score_id, round_range_id) values ('435', '109', '11');
insert into EndScores (end_id, range_score_id, end_number, score_arrow1, score_arrow2, score_arrow3, score_arrow4, score_arrow5, score_arrow6) values ('2605', '435', '1', '6', '5', '2', '1', '0', '0');
insert into EndScores (end_id, range_score_id, end_number, score_arrow1, score_arrow2, score_arrow3, score_arrow4, score_arrow5, score_arrow6) values ('2606', '435', '2', '9', '7', '7', '5', '4', '2');
insert into EndScores (end_id, range_score_id, end_number, score_arrow1, score_arrow2, score_arrow3, score_arrow4, score_arrow5, score_arrow6) values ('2607', '435', '3', '7', '5', '3', '2', '0', '0');
insert into EndScores (end_id, range_score_id, end_number, score_arrow1, score_arrow2, score_arrow3, score_arrow4, score_arrow5, score_arrow6) values ('2608', '435', '4', '9', '8', '6', '5', '4', '1');
insert into EndScores (end_id, range_score_id, end_number, score_arrow1, score_arrow2, score_arrow3, score_arrow4, score_arrow5, score_arrow6) values ('2609', '435', '5', '7', '6', '5', '2', '0', '0');
insert into EndScores (end_id, range_score_id, end_number, score_arrow1, score_arrow2, score_arrow3, score_arrow4, score_arrow5, score_arrow6) values ('2610', '435', '6', '8', '7', '6', '5', '4', '0');
insert into RangeScores (range_score_id, round_score_id, round_range_id) values ('436', '109', '12');
insert into EndScores (end_id, range_score_id, end_number, score_arrow1, score_arrow2, score_arrow3, score_arrow4, score_arrow5, score_arrow6) values ('2611', '436', '1', '8', '8', '3', '1', '0', '0');
insert into EndScores (end_id, range_score_id, end_number, score_arrow1, score_arrow2, score_arrow3, score_arrow4, score_arrow5, score_arrow6) values ('2612', '436', '2', '9', '6', '6', '3', '2', '0');
insert into EndScores (end_id, range_score_id, end_number, score_arrow1, score_arrow2, score_arrow3, score_arrow4, score_arrow5, score_arrow6) values ('2613', '436', '3', '8', '4', '4', '4', '3', '0');
insert into EndScores (end_id, range_score_id, end_number, score_arrow1, score_arrow2, score_arrow3, score_arrow4, score_arrow5, score_arrow6) values ('2614', '436', '4', '8', '8', '6', '5', '4', '3');
insert into EndScores (end_id, range_score_id, end_number, score_arrow1, score_arrow2, score_arrow3, score_arrow4, score_arrow5, score_arrow6) values ('2615', '436', '5', '8', '6', '5', '3', '1', '0');
insert into EndScores (end_id, range_score_id, end_number, score_arrow1, score_arrow2, score_arrow3, score_arrow4, score_arrow5, score_arrow6) values ('2616', '436', '6', '9', '9', '5', '5', '1', '0');
insert into CompetitionEnrolments (archer_id, competition_id) values ('112', '41');
insert into RoundScores (round_score_id, archer_id, competition_id, round_score_date_time, equipment_id, round_def_id, total_score, category_id) values ('110', '112', '41', '2023-04-23 17:16:30.830', 'R', '2', '648', '41');
insert into RangeScores (range_score_id, round_score_id, round_range_id) values ('437', '110', '5');
insert into EndScores (end_id, range_score_id, end_number, score_arrow1, score_arrow2, score_arrow3, score_arrow4, score_arrow5, score_arrow6) values ('2617', '437', '1', '6', '6', '5', '4', '3', '1');
insert into EndScores (end_id, range_score_id, end_number, score_arrow1, score_arrow2, score_arrow3, score_arrow4, score_arrow5, score_arrow6) values ('2618', '437', '2', '9', '8', '5', '2', '1', '0');
insert into EndScores (end_id, range_score_id, end_number, score_arrow1, score_arrow2, score_arrow3, score_arrow4, score_arrow5, score_arrow6) values ('2619', '437', '3', '9', '8', '7', '7', '2', '0');
insert into EndScores (end_id, range_score_id, end_number, score_arrow1, score_arrow2, score_arrow3, score_arrow4, score_arrow5, score_arrow6) values ('2620', '437', '4', '9', '9', '8', '5', '5', '2');
insert into EndScores (end_id, range_score_id, end_number, score_arrow1, score_arrow2, score_arrow3, score_arrow4, score_arrow5, score_arrow6) values ('2621', '437', '5', '9', '9', '8', '7', '6', '4');
insert into EndScores (end_id, range_score_id, end_number, score_arrow1, score_arrow2, score_arrow3, score_arrow4, score_arrow5, score_arrow6) values ('2622', '437', '6', '9', '8', '7', '6', '5', '1');
insert into RangeScores (range_score_id, round_score_id, round_range_id) values ('438', '110', '6');
insert into EndScores (end_id, range_score_id, end_number, score_arrow1, score_arrow2, score_arrow3, score_arrow4, score_arrow5, score_arrow6) values ('2623', '438', '1', '7', '7', '6', '5', '1', '1');
insert into EndScores (end_id, range_score_id, end_number, score_arrow1, score_arrow2, score_arrow3, score_arrow4, score_arrow5, score_arrow6) values ('2624', '438', '2', '9', '6', '5', '3', '2', '2');
insert into EndScores (end_id, range_score_id, end_number, score_arrow1, score_arrow2, score_arrow3, score_arrow4, score_arrow5, score_arrow6) values ('2625', '438', '3', '8', '6', '4', '1', '1', '0');
insert into EndScores (end_id, range_score_id, end_number, score_arrow1, score_arrow2, score_arrow3, score_arrow4, score_arrow5, score_arrow6) values ('2626', '438', '4', '9', '7', '7', '1', '0', '0');
insert into EndScores (end_id, range_score_id, end_number, score_arrow1, score_arrow2, score_arrow3, score_arrow4, score_arrow5, score_arrow6) values ('2627', '438', '5', '9', '7', '6', '4', '0', '0');
insert into EndScores (end_id, range_score_id, end_number, score_arrow1, score_arrow2, score_arrow3, score_arrow4, score_arrow5, score_arrow6) values ('2628', '438', '6', '8', '7', '3', '3', '2', '0');
insert into RangeScores (range_score_id, round_score_id, round_range_id) values ('439', '110', '7');
insert into EndScores (end_id, range_score_id, end_number, score_arrow1, score_arrow2, score_arrow3, score_arrow4, score_arrow5, score_arrow6) values ('2629', '439', '1', '9', '6', '4', '4', '3', '0');
insert into EndScores (end_id, range_score_id, end_number, score_arrow1, score_arrow2, score_arrow3, score_arrow4, score_arrow5, score_arrow6) values ('2630', '439', '2', '9', '7', '4', '1', '0', '0');
insert into EndScores (end_id, range_score_id, end_number, score_arrow1, score_arrow2, score_arrow3, score_arrow4, score_arrow5, score_arrow6) values ('2631', '439', '3', '8', '7', '5', '4', '2', '2');
insert into EndScores (end_id, range_score_id, end_number, score_arrow1, score_arrow2, score_arrow3, score_arrow4, score_arrow5, score_arrow6) values ('2632', '439', '4', '3', '3', '2', '2', '2', '0');
insert into EndScores (end_id, range_score_id, end_number, score_arrow1, score_arrow2, score_arrow3, score_arrow4, score_arrow5, score_arrow6) values ('2633', '439', '5', '7', '7', '5', '3', '3', '3');
insert into EndScores (end_id, range_score_id, end_number, score_arrow1, score_arrow2, score_arrow3, score_arrow4, score_arrow5, score_arrow6) values ('2634', '439', '6', '9', '9', '6', '5', '5', '0');
insert into RangeScores (range_score_id, round_score_id, round_range_id) values ('440', '110', '8');
insert into EndScores (end_id, range_score_id, end_number, score_arrow1, score_arrow2, score_arrow3, score_arrow4, score_arrow5, score_arrow6) values ('2635', '440', '1', '6', '3', '3', '3', '0', '0');
insert into EndScores (end_id, range_score_id, end_number, score_arrow1, score_arrow2, score_arrow3, score_arrow4, score_arrow5, score_arrow6) values ('2636', '440', '2', '9', '6', '5', '4', '2', '2');
insert into EndScores (end_id, range_score_id, end_number, score_arrow1, score_arrow2, score_arrow3, score_arrow4, score_arrow5, score_arrow6) values ('2637', '440', '3', '9', '8', '6', '5', '5', '1');
insert into EndScores (end_id, range_score_id, end_number, score_arrow1, score_arrow2, score_arrow3, score_arrow4, score_arrow5, score_arrow6) values ('2638', '440', '4', '9', '6', '5', '5', '4', '2');
insert into EndScores (end_id, range_score_id, end_number, score_arrow1, score_arrow2, score_arrow3, score_arrow4, score_arrow5, score_arrow6) values ('2639', '440', '5', '5', '4', '3', '3', '3', '0');
insert into EndScores (end_id, range_score_id, end_number, score_arrow1, score_arrow2, score_arrow3, score_arrow4, score_arrow5, score_arrow6) values ('2640', '440', '6', '9', '5', '4', '3', '3', '2');
insert into CompetitionEnrolments (archer_id, competition_id) values ('113', '30');
insert into RoundScores (round_score_id, archer_id, competition_id, round_score_date_time, equipment_id, round_def_id, total_score, category_id) values ('111', '113', '30', '2023-04-23 12:48:37.776', 'C', '4', '655', '30');
insert into RangeScores (range_score_id, round_score_id, round_range_id) values ('441', '111', '13');
insert into EndScores (end_id, range_score_id, end_number, score_arrow1, score_arrow2, score_arrow3, score_arrow4, score_arrow5, score_arrow6) values ('2641', '441', '1', '8', '6', '3', '3', '2', '1');
insert into EndScores (end_id, range_score_id, end_number, score_arrow1, score_arrow2, score_arrow3, score_arrow4, score_arrow5, score_arrow6) values ('2642', '441', '2', '9', '9', '8', '4', '4', '2');
insert into EndScores (end_id, range_score_id, end_number, score_arrow1, score_arrow2, score_arrow3, score_arrow4, score_arrow5, score_arrow6) values ('2643', '441', '3', '5', '3', '1', '0', '0', '0');
insert into EndScores (end_id, range_score_id, end_number, score_arrow1, score_arrow2, score_arrow3, score_arrow4, score_arrow5, score_arrow6) values ('2644', '441', '4', '8', '6', '3', '3', '1', '0');
insert into EndScores (end_id, range_score_id, end_number, score_arrow1, score_arrow2, score_arrow3, score_arrow4, score_arrow5, score_arrow6) values ('2645', '441', '5', '9', '6', '4', '4', '2', '0');
insert into EndScores (end_id, range_score_id, end_number, score_arrow1, score_arrow2, score_arrow3, score_arrow4, score_arrow5, score_arrow6) values ('2646', '441', '6', '8', '6', '6', '6', '5', '2');
insert into RangeScores (range_score_id, round_score_id, round_range_id) values ('442', '111', '14');
insert into EndScores (end_id, range_score_id, end_number, score_arrow1, score_arrow2, score_arrow3, score_arrow4, score_arrow5, score_arrow6) values ('2647', '442', '1', '7', '6', '6', '0', '0', '0');
insert into EndScores (end_id, range_score_id, end_number, score_arrow1, score_arrow2, score_arrow3, score_arrow4, score_arrow5, score_arrow6) values ('2648', '442', '2', '9', '8', '7', '7', '3', '2');
insert into EndScores (end_id, range_score_id, end_number, score_arrow1, score_arrow2, score_arrow3, score_arrow4, score_arrow5, score_arrow6) values ('2649', '442', '3', '9', '7', '7', '7', '6', '0');
insert into EndScores (end_id, range_score_id, end_number, score_arrow1, score_arrow2, score_arrow3, score_arrow4, score_arrow5, score_arrow6) values ('2650', '442', '4', '9', '9', '9', '8', '7', '2');
insert into EndScores (end_id, range_score_id, end_number, score_arrow1, score_arrow2, score_arrow3, score_arrow4, score_arrow5, score_arrow6) values ('2651', '442', '5', '8', '5', '2', '2', '1', '0');
insert into EndScores (end_id, range_score_id, end_number, score_arrow1, score_arrow2, score_arrow3, score_arrow4, score_arrow5, score_arrow6) values ('2652', '442', '6', '8', '6', '5', '5', '4', '2');
insert into RangeScores (range_score_id, round_score_id, round_range_id) values ('443', '111', '15');
insert into EndScores (end_id, range_score_id, end_number, score_arrow1, score_arrow2, score_arrow3, score_arrow4, score_arrow5, score_arrow6) values ('2653', '443', '1', '8', '8', '8', '4', '3', '0');
insert into EndScores (end_id, range_score_id, end_number, score_arrow1, score_arrow2, score_arrow3, score_arrow4, score_arrow5, score_arrow6) values ('2654', '443', '2', '9', '9', '8', '2', '1', '1');
insert into EndScores (end_id, range_score_id, end_number, score_arrow1, score_arrow2, score_arrow3, score_arrow4, score_arrow5, score_arrow6) values ('2655', '443', '3', '8', '6', '6', '5', '1', '1');
insert into EndScores (end_id, range_score_id, end_number, score_arrow1, score_arrow2, score_arrow3, score_arrow4, score_arrow5, score_arrow6) values ('2656', '443', '4', '9', '9', '5', '5', '2', '0');
insert into EndScores (end_id, range_score_id, end_number, score_arrow1, score_arrow2, score_arrow3, score_arrow4, score_arrow5, score_arrow6) values ('2657', '443', '5', '7', '4', '3', '3', '3', '1');
insert into EndScores (end_id, range_score_id, end_number, score_arrow1, score_arrow2, score_arrow3, score_arrow4, score_arrow5, score_arrow6) values ('2658', '443', '6', '8', '8', '4', '3', '2', '0');
insert into RangeScores (range_score_id, round_score_id, round_range_id) values ('444', '111', '16');
insert into EndScores (end_id, range_score_id, end_number, score_arrow1, score_arrow2, score_arrow3, score_arrow4, score_arrow5, score_arrow6) values ('2659', '444', '1', '8', '6', '5', '4', '3', '1');
insert into EndScores (end_id, range_score_id, end_number, score_arrow1, score_arrow2, score_arrow3, score_arrow4, score_arrow5, score_arrow6) values ('2660', '444', '2', '9', '6', '4', '4', '1', '0');
insert into EndScores (end_id, range_score_id, end_number, score_arrow1, score_arrow2, score_arrow3, score_arrow4, score_arrow5, score_arrow6) values ('2661', '444', '3', '9', '9', '8', '7', '5', '2');
insert into EndScores (end_id, range_score_id, end_number, score_arrow1, score_arrow2, score_arrow3, score_arrow4, score_arrow5, score_arrow6) values ('2662', '444', '4', '6', '4', '1', '1', '1', '0');
insert into EndScores (end_id, range_score_id, end_number, score_arrow1, score_arrow2, score_arrow3, score_arrow4, score_arrow5, score_arrow6) values ('2663', '444', '5', '9', '8', '6', '6', '3', '1');
insert into EndScores (end_id, range_score_id, end_number, score_arrow1, score_arrow2, score_arrow3, score_arrow4, score_arrow5, score_arrow6) values ('2664', '444', '6', '9', '7', '5', '3', '0', '0');
insert into CompetitionEnrolments (archer_id, competition_id) values ('114', '19');
insert into RoundScores (round_score_id, archer_id, competition_id, round_score_date_time, equipment_id, round_def_id, total_score, category_id) values ('112', '114', '19', '2023-04-23 17:55:2.736', 'B', '3', '656', '19');
insert into RangeScores (range_score_id, round_score_id, round_range_id) values ('445', '112', '9');
insert into EndScores (end_id, range_score_id, end_number, score_arrow1, score_arrow2, score_arrow3, score_arrow4, score_arrow5, score_arrow6) values ('2665', '445', '1', '8', '6', '4', '3', '1', '1');
insert into EndScores (end_id, range_score_id, end_number, score_arrow1, score_arrow2, score_arrow3, score_arrow4, score_arrow5, score_arrow6) values ('2666', '445', '2', '8', '7', '7', '6', '4', '3');
insert into EndScores (end_id, range_score_id, end_number, score_arrow1, score_arrow2, score_arrow3, score_arrow4, score_arrow5, score_arrow6) values ('2667', '445', '3', '9', '8', '6', '6', '1', '0');
insert into EndScores (end_id, range_score_id, end_number, score_arrow1, score_arrow2, score_arrow3, score_arrow4, score_arrow5, score_arrow6) values ('2668', '445', '4', '6', '5', '4', '4', '3', '2');
insert into EndScores (end_id, range_score_id, end_number, score_arrow1, score_arrow2, score_arrow3, score_arrow4, score_arrow5, score_arrow6) values ('2669', '445', '5', '8', '7', '6', '6', '5', '5');
insert into EndScores (end_id, range_score_id, end_number, score_arrow1, score_arrow2, score_arrow3, score_arrow4, score_arrow5, score_arrow6) values ('2670', '445', '6', '9', '8', '7', '1', '1', '0');
insert into RangeScores (range_score_id, round_score_id, round_range_id) values ('446', '112', '10');
insert into EndScores (end_id, range_score_id, end_number, score_arrow1, score_arrow2, score_arrow3, score_arrow4, score_arrow5, score_arrow6) values ('2671', '446', '1', '9', '5', '5', '3', '1', '1');
insert into EndScores (end_id, range_score_id, end_number, score_arrow1, score_arrow2, score_arrow3, score_arrow4, score_arrow5, score_arrow6) values ('2672', '446', '2', '8', '6', '6', '6', '4', '1');
insert into EndScores (end_id, range_score_id, end_number, score_arrow1, score_arrow2, score_arrow3, score_arrow4, score_arrow5, score_arrow6) values ('2673', '446', '3', '2', '1', '1', '1', '1', '0');
insert into EndScores (end_id, range_score_id, end_number, score_arrow1, score_arrow2, score_arrow3, score_arrow4, score_arrow5, score_arrow6) values ('2674', '446', '4', '6', '6', '4', '4', '2', '1');
insert into EndScores (end_id, range_score_id, end_number, score_arrow1, score_arrow2, score_arrow3, score_arrow4, score_arrow5, score_arrow6) values ('2675', '446', '5', '9', '8', '8', '8', '6', '3');
insert into EndScores (end_id, range_score_id, end_number, score_arrow1, score_arrow2, score_arrow3, score_arrow4, score_arrow5, score_arrow6) values ('2676', '446', '6', '8', '8', '1', '1', '0', '0');
insert into RangeScores (range_score_id, round_score_id, round_range_id) values ('447', '112', '11');
insert into EndScores (end_id, range_score_id, end_number, score_arrow1, score_arrow2, score_arrow3, score_arrow4, score_arrow5, score_arrow6) values ('2677', '447', '1', '9', '8', '7', '4', '4', '0');
insert into EndScores (end_id, range_score_id, end_number, score_arrow1, score_arrow2, score_arrow3, score_arrow4, score_arrow5, score_arrow6) values ('2678', '447', '2', '9', '7', '7', '6', '2', '0');
insert into EndScores (end_id, range_score_id, end_number, score_arrow1, score_arrow2, score_arrow3, score_arrow4, score_arrow5, score_arrow6) values ('2679', '447', '3', '9', '9', '9', '4', '2', '0');
insert into EndScores (end_id, range_score_id, end_number, score_arrow1, score_arrow2, score_arrow3, score_arrow4, score_arrow5, score_arrow6) values ('2680', '447', '4', '9', '7', '7', '2', '0', '0');
insert into EndScores (end_id, range_score_id, end_number, score_arrow1, score_arrow2, score_arrow3, score_arrow4, score_arrow5, score_arrow6) values ('2681', '447', '5', '9', '6', '6', '5', '3', '3');
insert into EndScores (end_id, range_score_id, end_number, score_arrow1, score_arrow2, score_arrow3, score_arrow4, score_arrow5, score_arrow6) values ('2682', '447', '6', '7', '6', '6', '5', '5', '4');
insert into RangeScores (range_score_id, round_score_id, round_range_id) values ('448', '112', '12');
insert into EndScores (end_id, range_score_id, end_number, score_arrow1, score_arrow2, score_arrow3, score_arrow4, score_arrow5, score_arrow6) values ('2683', '448', '1', '8', '7', '6', '2', '1', '0');
insert into EndScores (end_id, range_score_id, end_number, score_arrow1, score_arrow2, score_arrow3, score_arrow4, score_arrow5, score_arrow6) values ('2684', '448', '2', '7', '5', '4', '3', '0', '0');
insert into EndScores (end_id, range_score_id, end_number, score_arrow1, score_arrow2, score_arrow3, score_arrow4, score_arrow5, score_arrow6) values ('2685', '448', '3', '8', '6', '5', '4', '4', '1');
insert into EndScores (end_id, range_score_id, end_number, score_arrow1, score_arrow2, score_arrow3, score_arrow4, score_arrow5, score_arrow6) values ('2686', '448', '4', '9', '9', '9', '7', '6', '3');
insert into EndScores (end_id, range_score_id, end_number, score_arrow1, score_arrow2, score_arrow3, score_arrow4, score_arrow5, score_arrow6) values ('2687', '448', '5', '7', '7', '7', '2', '1', '0');
insert into EndScores (end_id, range_score_id, end_number, score_arrow1, score_arrow2, score_arrow3, score_arrow4, score_arrow5, score_arrow6) values ('2688', '448', '6', '4', '4', '2', '2', '1', '0');
insert into CompetitionEnrolments (archer_id, competition_id) values ('115', '14');
insert into RoundScores (round_score_id, archer_id, competition_id, round_score_date_time, equipment_id, round_def_id, total_score, category_id) values ('113', '115', '14', '2023-04-23 12:5:52.681', 'C', '3', '614', '14');
insert into RangeScores (range_score_id, round_score_id, round_range_id) values ('449', '113', '9');
insert into EndScores (end_id, range_score_id, end_number, score_arrow1, score_arrow2, score_arrow3, score_arrow4, score_arrow5, score_arrow6) values ('2689', '449', '1', '8', '8', '5', '5', '3', '0');
insert into EndScores (end_id, range_score_id, end_number, score_arrow1, score_arrow2, score_arrow3, score_arrow4, score_arrow5, score_arrow6) values ('2690', '449', '2', '9', '9', '6', '5', '2', '2');
insert into EndScores (end_id, range_score_id, end_number, score_arrow1, score_arrow2, score_arrow3, score_arrow4, score_arrow5, score_arrow6) values ('2691', '449', '3', '9', '9', '8', '8', '7', '0');
insert into EndScores (end_id, range_score_id, end_number, score_arrow1, score_arrow2, score_arrow3, score_arrow4, score_arrow5, score_arrow6) values ('2692', '449', '4', '9', '8', '4', '4', '3', '2');
insert into EndScores (end_id, range_score_id, end_number, score_arrow1, score_arrow2, score_arrow3, score_arrow4, score_arrow5, score_arrow6) values ('2693', '449', '5', '9', '8', '2', '2', '1', '0');
insert into EndScores (end_id, range_score_id, end_number, score_arrow1, score_arrow2, score_arrow3, score_arrow4, score_arrow5, score_arrow6) values ('2694', '449', '6', '7', '5', '3', '2', '2', '0');
insert into RangeScores (range_score_id, round_score_id, round_range_id) values ('450', '113', '10');
insert into EndScores (end_id, range_score_id, end_number, score_arrow1, score_arrow2, score_arrow3, score_arrow4, score_arrow5, score_arrow6) values ('2695', '450', '1', '9', '8', '6', '5', '2', '1');
insert into EndScores (end_id, range_score_id, end_number, score_arrow1, score_arrow2, score_arrow3, score_arrow4, score_arrow5, score_arrow6) values ('2696', '450', '2', '6', '5', '3', '3', '0', '0');
insert into EndScores (end_id, range_score_id, end_number, score_arrow1, score_arrow2, score_arrow3, score_arrow4, score_arrow5, score_arrow6) values ('2697', '450', '3', '5', '2', '1', '0', '0', '0');
insert into EndScores (end_id, range_score_id, end_number, score_arrow1, score_arrow2, score_arrow3, score_arrow4, score_arrow5, score_arrow6) values ('2698', '450', '4', '8', '8', '4', '2', '0', '0');
insert into EndScores (end_id, range_score_id, end_number, score_arrow1, score_arrow2, score_arrow3, score_arrow4, score_arrow5, score_arrow6) values ('2699', '450', '5', '9', '9', '7', '6', '3', '0');
insert into EndScores (end_id, range_score_id, end_number, score_arrow1, score_arrow2, score_arrow3, score_arrow4, score_arrow5, score_arrow6) values ('2700', '450', '6', '8', '6', '5', '3', '0', '0');
insert into RangeScores (range_score_id, round_score_id, round_range_id) values ('451', '113', '11');
insert into EndScores (end_id, range_score_id, end_number, score_arrow1, score_arrow2, score_arrow3, score_arrow4, score_arrow5, score_arrow6) values ('2701', '451', '1', '9', '8', '5', '5', '4', '3');
insert into EndScores (end_id, range_score_id, end_number, score_arrow1, score_arrow2, score_arrow3, score_arrow4, score_arrow5, score_arrow6) values ('2702', '451', '2', '6', '5', '3', '2', '2', '1');
insert into EndScores (end_id, range_score_id, end_number, score_arrow1, score_arrow2, score_arrow3, score_arrow4, score_arrow5, score_arrow6) values ('2703', '451', '3', '8', '6', '5', '4', '1', '1');
insert into EndScores (end_id, range_score_id, end_number, score_arrow1, score_arrow2, score_arrow3, score_arrow4, score_arrow5, score_arrow6) values ('2704', '451', '4', '7', '4', '2', '1', '0', '0');
insert into EndScores (end_id, range_score_id, end_number, score_arrow1, score_arrow2, score_arrow3, score_arrow4, score_arrow5, score_arrow6) values ('2705', '451', '5', '9', '5', '4', '4', '2', '2');
insert into EndScores (end_id, range_score_id, end_number, score_arrow1, score_arrow2, score_arrow3, score_arrow4, score_arrow5, score_arrow6) values ('2706', '451', '6', '9', '6', '4', '3', '2', '2');
insert into RangeScores (range_score_id, round_score_id, round_range_id) values ('452', '113', '12');
insert into EndScores (end_id, range_score_id, end_number, score_arrow1, score_arrow2, score_arrow3, score_arrow4, score_arrow5, score_arrow6) values ('2707', '452', '1', '8', '5', '5', '3', '2', '1');
insert into EndScores (end_id, range_score_id, end_number, score_arrow1, score_arrow2, score_arrow3, score_arrow4, score_arrow5, score_arrow6) values ('2708', '452', '2', '8', '6', '6', '6', '5', '0');
insert into EndScores (end_id, range_score_id, end_number, score_arrow1, score_arrow2, score_arrow3, score_arrow4, score_arrow5, score_arrow6) values ('2709', '452', '3', '9', '7', '5', '4', '1', '0');
insert into EndScores (end_id, range_score_id, end_number, score_arrow1, score_arrow2, score_arrow3, score_arrow4, score_arrow5, score_arrow6) values ('2710', '452', '4', '6', '6', '5', '4', '4', '0');
insert into EndScores (end_id, range_score_id, end_number, score_arrow1, score_arrow2, score_arrow3, score_arrow4, score_arrow5, score_arrow6) values ('2711', '452', '5', '9', '8', '6', '6', '2', '1');
insert into EndScores (end_id, range_score_id, end_number, score_arrow1, score_arrow2, score_arrow3, score_arrow4, score_arrow5, score_arrow6) values ('2712', '452', '6', '9', '7', '5', '3', '0', '0');
insert into CompetitionEnrolments (archer_id, competition_id) values ('116', '20');
insert into RoundScores (round_score_id, archer_id, competition_id, round_score_date_time, equipment_id, round_def_id, total_score, category_id) values ('114', '116', '20', '2023-04-23 17:21:10.575', 'L', '4', '669', '20');
insert into RangeScores (range_score_id, round_score_id, round_range_id) values ('453', '114', '13');
insert into EndScores (end_id, range_score_id, end_number, score_arrow1, score_arrow2, score_arrow3, score_arrow4, score_arrow5, score_arrow6) values ('2713', '453', '1', '9', '6', '6', '4', '3', '2');
insert into EndScores (end_id, range_score_id, end_number, score_arrow1, score_arrow2, score_arrow3, score_arrow4, score_arrow5, score_arrow6) values ('2714', '453', '2', '7', '5', '5', '3', '1', '0');
insert into EndScores (end_id, range_score_id, end_number, score_arrow1, score_arrow2, score_arrow3, score_arrow4, score_arrow5, score_arrow6) values ('2715', '453', '3', '9', '7', '7', '7', '3', '2');
insert into EndScores (end_id, range_score_id, end_number, score_arrow1, score_arrow2, score_arrow3, score_arrow4, score_arrow5, score_arrow6) values ('2716', '453', '4', '8', '8', '6', '3', '3', '2');
insert into EndScores (end_id, range_score_id, end_number, score_arrow1, score_arrow2, score_arrow3, score_arrow4, score_arrow5, score_arrow6) values ('2717', '453', '5', '8', '7', '6', '4', '1', '0');
insert into EndScores (end_id, range_score_id, end_number, score_arrow1, score_arrow2, score_arrow3, score_arrow4, score_arrow5, score_arrow6) values ('2718', '453', '6', '9', '6', '6', '6', '4', '2');
insert into RangeScores (range_score_id, round_score_id, round_range_id) values ('454', '114', '14');
insert into EndScores (end_id, range_score_id, end_number, score_arrow1, score_arrow2, score_arrow3, score_arrow4, score_arrow5, score_arrow6) values ('2719', '454', '1', '9', '7', '3', '2', '2', '2');
insert into EndScores (end_id, range_score_id, end_number, score_arrow1, score_arrow2, score_arrow3, score_arrow4, score_arrow5, score_arrow6) values ('2720', '454', '2', '7', '4', '3', '1', '0', '0');
insert into EndScores (end_id, range_score_id, end_number, score_arrow1, score_arrow2, score_arrow3, score_arrow4, score_arrow5, score_arrow6) values ('2721', '454', '3', '9', '8', '8', '6', '1', '0');
insert into EndScores (end_id, range_score_id, end_number, score_arrow1, score_arrow2, score_arrow3, score_arrow4, score_arrow5, score_arrow6) values ('2722', '454', '4', '8', '8', '7', '5', '4', '2');
insert into EndScores (end_id, range_score_id, end_number, score_arrow1, score_arrow2, score_arrow3, score_arrow4, score_arrow5, score_arrow6) values ('2723', '454', '5', '8', '5', '3', '3', '3', '2');
insert into EndScores (end_id, range_score_id, end_number, score_arrow1, score_arrow2, score_arrow3, score_arrow4, score_arrow5, score_arrow6) values ('2724', '454', '6', '9', '7', '6', '5', '0', '0');
insert into RangeScores (range_score_id, round_score_id, round_range_id) values ('455', '114', '15');
insert into EndScores (end_id, range_score_id, end_number, score_arrow1, score_arrow2, score_arrow3, score_arrow4, score_arrow5, score_arrow6) values ('2725', '455', '1', '9', '9', '7', '3', '3', '0');
insert into EndScores (end_id, range_score_id, end_number, score_arrow1, score_arrow2, score_arrow3, score_arrow4, score_arrow5, score_arrow6) values ('2726', '455', '2', '9', '6', '2', '0', '0', '0');
insert into EndScores (end_id, range_score_id, end_number, score_arrow1, score_arrow2, score_arrow3, score_arrow4, score_arrow5, score_arrow6) values ('2727', '455', '3', '9', '6', '5', '4', '4', '2');
insert into EndScores (end_id, range_score_id, end_number, score_arrow1, score_arrow2, score_arrow3, score_arrow4, score_arrow5, score_arrow6) values ('2728', '455', '4', '7', '5', '5', '4', '3', '1');
insert into EndScores (end_id, range_score_id, end_number, score_arrow1, score_arrow2, score_arrow3, score_arrow4, score_arrow5, score_arrow6) values ('2729', '455', '5', '4', '3', '1', '0', '0', '0');
insert into EndScores (end_id, range_score_id, end_number, score_arrow1, score_arrow2, score_arrow3, score_arrow4, score_arrow5, score_arrow6) values ('2730', '455', '6', '8', '7', '5', '3', '2', '1');
insert into RangeScores (range_score_id, round_score_id, round_range_id) values ('456', '114', '16');
insert into EndScores (end_id, range_score_id, end_number, score_arrow1, score_arrow2, score_arrow3, score_arrow4, score_arrow5, score_arrow6) values ('2731', '456', '1', '9', '9', '6', '5', '4', '2');
insert into EndScores (end_id, range_score_id, end_number, score_arrow1, score_arrow2, score_arrow3, score_arrow4, score_arrow5, score_arrow6) values ('2732', '456', '2', '9', '8', '7', '6', '6', '2');
insert into EndScores (end_id, range_score_id, end_number, score_arrow1, score_arrow2, score_arrow3, score_arrow4, score_arrow5, score_arrow6) values ('2733', '456', '3', '9', '7', '5', '5', '4', '0');
insert into EndScores (end_id, range_score_id, end_number, score_arrow1, score_arrow2, score_arrow3, score_arrow4, score_arrow5, score_arrow6) values ('2734', '456', '4', '8', '7', '7', '6', '4', '0');
insert into EndScores (end_id, range_score_id, end_number, score_arrow1, score_arrow2, score_arrow3, score_arrow4, score_arrow5, score_arrow6) values ('2735', '456', '5', '9', '8', '7', '6', '6', '3');
insert into EndScores (end_id, range_score_id, end_number, score_arrow1, score_arrow2, score_arrow3, score_arrow4, score_arrow5, score_arrow6) values ('2736', '456', '6', '9', '6', '5', '3', '3', '0');
insert into CompetitionEnrolments (archer_id, competition_id) values ('117', '43');
insert into RoundScores (round_score_id, archer_id, competition_id, round_score_date_time, equipment_id, round_def_id, total_score, category_id) values ('115', '117', '43', '2023-04-23 15:13:30.246', 'B', '3', '629', '43');
insert into RangeScores (range_score_id, round_score_id, round_range_id) values ('457', '115', '9');
insert into EndScores (end_id, range_score_id, end_number, score_arrow1, score_arrow2, score_arrow3, score_arrow4, score_arrow5, score_arrow6) values ('2737', '457', '1', '8', '7', '6', '4', '2', '0');
insert into EndScores (end_id, range_score_id, end_number, score_arrow1, score_arrow2, score_arrow3, score_arrow4, score_arrow5, score_arrow6) values ('2738', '457', '2', '7', '7', '6', '6', '5', '2');
insert into EndScores (end_id, range_score_id, end_number, score_arrow1, score_arrow2, score_arrow3, score_arrow4, score_arrow5, score_arrow6) values ('2739', '457', '3', '9', '9', '8', '7', '1', '0');
insert into EndScores (end_id, range_score_id, end_number, score_arrow1, score_arrow2, score_arrow3, score_arrow4, score_arrow5, score_arrow6) values ('2740', '457', '4', '6', '6', '4', '1', '1', '1');
insert into EndScores (end_id, range_score_id, end_number, score_arrow1, score_arrow2, score_arrow3, score_arrow4, score_arrow5, score_arrow6) values ('2741', '457', '5', '9', '6', '4', '2', '0', '0');
insert into EndScores (end_id, range_score_id, end_number, score_arrow1, score_arrow2, score_arrow3, score_arrow4, score_arrow5, score_arrow6) values ('2742', '457', '6', '8', '5', '4', '3', '1', '0');
insert into RangeScores (range_score_id, round_score_id, round_range_id) values ('458', '115', '10');
insert into EndScores (end_id, range_score_id, end_number, score_arrow1, score_arrow2, score_arrow3, score_arrow4, score_arrow5, score_arrow6) values ('2743', '458', '1', '3', '2', '2', '1', '0', '0');
insert into EndScores (end_id, range_score_id, end_number, score_arrow1, score_arrow2, score_arrow3, score_arrow4, score_arrow5, score_arrow6) values ('2744', '458', '2', '8', '8', '7', '3', '1', '1');
insert into EndScores (end_id, range_score_id, end_number, score_arrow1, score_arrow2, score_arrow3, score_arrow4, score_arrow5, score_arrow6) values ('2745', '458', '3', '8', '8', '6', '4', '3', '1');
insert into EndScores (end_id, range_score_id, end_number, score_arrow1, score_arrow2, score_arrow3, score_arrow4, score_arrow5, score_arrow6) values ('2746', '458', '4', '5', '5', '1', '1', '1', '0');
insert into EndScores (end_id, range_score_id, end_number, score_arrow1, score_arrow2, score_arrow3, score_arrow4, score_arrow5, score_arrow6) values ('2747', '458', '5', '9', '8', '5', '5', '5', '0');
insert into EndScores (end_id, range_score_id, end_number, score_arrow1, score_arrow2, score_arrow3, score_arrow4, score_arrow5, score_arrow6) values ('2748', '458', '6', '9', '7', '7', '6', '3', '1');
insert into RangeScores (range_score_id, round_score_id, round_range_id) values ('459', '115', '11');
insert into EndScores (end_id, range_score_id, end_number, score_arrow1, score_arrow2, score_arrow3, score_arrow4, score_arrow5, score_arrow6) values ('2749', '459', '1', '8', '6', '4', '3', '2', '1');
insert into EndScores (end_id, range_score_id, end_number, score_arrow1, score_arrow2, score_arrow3, score_arrow4, score_arrow5, score_arrow6) values ('2750', '459', '2', '6', '5', '3', '2', '1', '0');
insert into EndScores (end_id, range_score_id, end_number, score_arrow1, score_arrow2, score_arrow3, score_arrow4, score_arrow5, score_arrow6) values ('2751', '459', '3', '6', '5', '4', '3', '1', '1');
insert into EndScores (end_id, range_score_id, end_number, score_arrow1, score_arrow2, score_arrow3, score_arrow4, score_arrow5, score_arrow6) values ('2752', '459', '4', '9', '9', '8', '7', '1', '1');
insert into EndScores (end_id, range_score_id, end_number, score_arrow1, score_arrow2, score_arrow3, score_arrow4, score_arrow5, score_arrow6) values ('2753', '459', '5', '9', '7', '7', '6', '5', '3');
insert into EndScores (end_id, range_score_id, end_number, score_arrow1, score_arrow2, score_arrow3, score_arrow4, score_arrow5, score_arrow6) values ('2754', '459', '6', '9', '7', '6', '4', '1', '1');
insert into RangeScores (range_score_id, round_score_id, round_range_id) values ('460', '115', '12');
insert into EndScores (end_id, range_score_id, end_number, score_arrow1, score_arrow2, score_arrow3, score_arrow4, score_arrow5, score_arrow6) values ('2755', '460', '1', '9', '9', '8', '6', '4', '4');
insert into EndScores (end_id, range_score_id, end_number, score_arrow1, score_arrow2, score_arrow3, score_arrow4, score_arrow5, score_arrow6) values ('2756', '460', '2', '8', '7', '6', '4', '4', '1');
insert into EndScores (end_id, range_score_id, end_number, score_arrow1, score_arrow2, score_arrow3, score_arrow4, score_arrow5, score_arrow6) values ('2757', '460', '3', '9', '8', '4', '4', '0', '0');
insert into EndScores (end_id, range_score_id, end_number, score_arrow1, score_arrow2, score_arrow3, score_arrow4, score_arrow5, score_arrow6) values ('2758', '460', '4', '9', '5', '4', '4', '3', '1');
insert into EndScores (end_id, range_score_id, end_number, score_arrow1, score_arrow2, score_arrow3, score_arrow4, score_arrow5, score_arrow6) values ('2759', '460', '5', '7', '6', '5', '3', '2', '0');
insert into EndScores (end_id, range_score_id, end_number, score_arrow1, score_arrow2, score_arrow3, score_arrow4, score_arrow5, score_arrow6) values ('2760', '460', '6', '9', '6', '4', '3', '2', '1');
insert into CompetitionEnrolments (archer_id, competition_id) values ('118', '28');
insert into RoundScores (round_score_id, archer_id, competition_id, round_score_date_time, equipment_id, round_def_id, total_score, category_id) values ('116', '118', '28', '2023-04-23 10:2:45.740', 'L', '4', '607', '28');
insert into RangeScores (range_score_id, round_score_id, round_range_id) values ('461', '116', '13');
insert into EndScores (end_id, range_score_id, end_number, score_arrow1, score_arrow2, score_arrow3, score_arrow4, score_arrow5, score_arrow6) values ('2761', '461', '1', '9', '7', '6', '5', '4', '2');
insert into EndScores (end_id, range_score_id, end_number, score_arrow1, score_arrow2, score_arrow3, score_arrow4, score_arrow5, score_arrow6) values ('2762', '461', '2', '9', '6', '5', '3', '2', '1');
insert into EndScores (end_id, range_score_id, end_number, score_arrow1, score_arrow2, score_arrow3, score_arrow4, score_arrow5, score_arrow6) values ('2763', '461', '3', '7', '6', '5', '2', '1', '1');
insert into EndScores (end_id, range_score_id, end_number, score_arrow1, score_arrow2, score_arrow3, score_arrow4, score_arrow5, score_arrow6) values ('2764', '461', '4', '8', '7', '6', '4', '4', '1');
insert into EndScores (end_id, range_score_id, end_number, score_arrow1, score_arrow2, score_arrow3, score_arrow4, score_arrow5, score_arrow6) values ('2765', '461', '5', '7', '7', '5', '4', '4', '0');
insert into EndScores (end_id, range_score_id, end_number, score_arrow1, score_arrow2, score_arrow3, score_arrow4, score_arrow5, score_arrow6) values ('2766', '461', '6', '6', '5', '5', '3', '2', '1');
insert into RangeScores (range_score_id, round_score_id, round_range_id) values ('462', '116', '14');
insert into EndScores (end_id, range_score_id, end_number, score_arrow1, score_arrow2, score_arrow3, score_arrow4, score_arrow5, score_arrow6) values ('2767', '462', '1', '9', '8', '5', '4', '3', '0');
insert into EndScores (end_id, range_score_id, end_number, score_arrow1, score_arrow2, score_arrow3, score_arrow4, score_arrow5, score_arrow6) values ('2768', '462', '2', '7', '4', '2', '2', '2', '0');
insert into EndScores (end_id, range_score_id, end_number, score_arrow1, score_arrow2, score_arrow3, score_arrow4, score_arrow5, score_arrow6) values ('2769', '462', '3', '9', '8', '6', '3', '2', '1');
insert into EndScores (end_id, range_score_id, end_number, score_arrow1, score_arrow2, score_arrow3, score_arrow4, score_arrow5, score_arrow6) values ('2770', '462', '4', '7', '5', '3', '2', '0', '0');
insert into EndScores (end_id, range_score_id, end_number, score_arrow1, score_arrow2, score_arrow3, score_arrow4, score_arrow5, score_arrow6) values ('2771', '462', '5', '4', '4', '4', '3', '3', '2');
insert into EndScores (end_id, range_score_id, end_number, score_arrow1, score_arrow2, score_arrow3, score_arrow4, score_arrow5, score_arrow6) values ('2772', '462', '6', '5', '4', '2', '2', '2', '1');
insert into RangeScores (range_score_id, round_score_id, round_range_id) values ('463', '116', '15');
insert into EndScores (end_id, range_score_id, end_number, score_arrow1, score_arrow2, score_arrow3, score_arrow4, score_arrow5, score_arrow6) values ('2773', '463', '1', '9', '6', '5', '5', '5', '1');
insert into EndScores (end_id, range_score_id, end_number, score_arrow1, score_arrow2, score_arrow3, score_arrow4, score_arrow5, score_arrow6) values ('2774', '463', '2', '8', '7', '7', '0', '0', '0');
insert into EndScores (end_id, range_score_id, end_number, score_arrow1, score_arrow2, score_arrow3, score_arrow4, score_arrow5, score_arrow6) values ('2775', '463', '3', '9', '8', '7', '5', '5', '2');
insert into EndScores (end_id, range_score_id, end_number, score_arrow1, score_arrow2, score_arrow3, score_arrow4, score_arrow5, score_arrow6) values ('2776', '463', '4', '8', '6', '4', '4', '2', '0');
insert into EndScores (end_id, range_score_id, end_number, score_arrow1, score_arrow2, score_arrow3, score_arrow4, score_arrow5, score_arrow6) values ('2777', '463', '5', '9', '8', '7', '6', '6', '3');
insert into EndScores (end_id, range_score_id, end_number, score_arrow1, score_arrow2, score_arrow3, score_arrow4, score_arrow5, score_arrow6) values ('2778', '463', '6', '7', '6', '3', '1', '0', '0');
insert into RangeScores (range_score_id, round_score_id, round_range_id) values ('464', '116', '16');
insert into EndScores (end_id, range_score_id, end_number, score_arrow1, score_arrow2, score_arrow3, score_arrow4, score_arrow5, score_arrow6) values ('2779', '464', '1', '7', '6', '6', '4', '3', '0');
insert into EndScores (end_id, range_score_id, end_number, score_arrow1, score_arrow2, score_arrow3, score_arrow4, score_arrow5, score_arrow6) values ('2780', '464', '2', '6', '5', '4', '3', '3', '1');
insert into EndScores (end_id, range_score_id, end_number, score_arrow1, score_arrow2, score_arrow3, score_arrow4, score_arrow5, score_arrow6) values ('2781', '464', '3', '9', '6', '5', '4', '1', '0');
insert into EndScores (end_id, range_score_id, end_number, score_arrow1, score_arrow2, score_arrow3, score_arrow4, score_arrow5, score_arrow6) values ('2782', '464', '4', '9', '5', '4', '2', '2', '0');
insert into EndScores (end_id, range_score_id, end_number, score_arrow1, score_arrow2, score_arrow3, score_arrow4, score_arrow5, score_arrow6) values ('2783', '464', '5', '8', '7', '5', '3', '1', '1');
insert into EndScores (end_id, range_score_id, end_number, score_arrow1, score_arrow2, score_arrow3, score_arrow4, score_arrow5, score_arrow6) values ('2784', '464', '6', '9', '8', '6', '5', '2', '0');
insert into CompetitionEnrolments (archer_id, competition_id) values ('119', '7');
insert into RoundScores (round_score_id, archer_id, competition_id, round_score_date_time, equipment_id, round_def_id, total_score, category_id) values ('117', '119', '7', '2023-04-23 10:27:44.965', 'B', '3', '651', '7');
insert into RangeScores (range_score_id, round_score_id, round_range_id) values ('465', '117', '9');
insert into EndScores (end_id, range_score_id, end_number, score_arrow1, score_arrow2, score_arrow3, score_arrow4, score_arrow5, score_arrow6) values ('2785', '465', '1', '8', '7', '6', '4', '1', '0');
insert into EndScores (end_id, range_score_id, end_number, score_arrow1, score_arrow2, score_arrow3, score_arrow4, score_arrow5, score_arrow6) values ('2786', '465', '2', '9', '6', '6', '4', '2', '0');
insert into EndScores (end_id, range_score_id, end_number, score_arrow1, score_arrow2, score_arrow3, score_arrow4, score_arrow5, score_arrow6) values ('2787', '465', '3', '5', '5', '2', '2', '0', '0');
insert into EndScores (end_id, range_score_id, end_number, score_arrow1, score_arrow2, score_arrow3, score_arrow4, score_arrow5, score_arrow6) values ('2788', '465', '4', '5', '5', '3', '1', '0', '0');
insert into EndScores (end_id, range_score_id, end_number, score_arrow1, score_arrow2, score_arrow3, score_arrow4, score_arrow5, score_arrow6) values ('2789', '465', '5', '6', '4', '3', '3', '2', '2');
insert into EndScores (end_id, range_score_id, end_number, score_arrow1, score_arrow2, score_arrow3, score_arrow4, score_arrow5, score_arrow6) values ('2790', '465', '6', '7', '4', '3', '2', '2', '0');
insert into RangeScores (range_score_id, round_score_id, round_range_id) values ('466', '117', '10');
insert into EndScores (end_id, range_score_id, end_number, score_arrow1, score_arrow2, score_arrow3, score_arrow4, score_arrow5, score_arrow6) values ('2791', '466', '1', '9', '8', '5', '5', '3', '0');
insert into EndScores (end_id, range_score_id, end_number, score_arrow1, score_arrow2, score_arrow3, score_arrow4, score_arrow5, score_arrow6) values ('2792', '466', '2', '9', '7', '6', '4', '2', '0');
insert into EndScores (end_id, range_score_id, end_number, score_arrow1, score_arrow2, score_arrow3, score_arrow4, score_arrow5, score_arrow6) values ('2793', '466', '3', '6', '6', '5', '5', '5', '2');
insert into EndScores (end_id, range_score_id, end_number, score_arrow1, score_arrow2, score_arrow3, score_arrow4, score_arrow5, score_arrow6) values ('2794', '466', '4', '7', '6', '6', '6', '5', '1');
insert into EndScores (end_id, range_score_id, end_number, score_arrow1, score_arrow2, score_arrow3, score_arrow4, score_arrow5, score_arrow6) values ('2795', '466', '5', '7', '7', '5', '4', '1', '1');
insert into EndScores (end_id, range_score_id, end_number, score_arrow1, score_arrow2, score_arrow3, score_arrow4, score_arrow5, score_arrow6) values ('2796', '466', '6', '5', '5', '4', '3', '1', '0');
insert into RangeScores (range_score_id, round_score_id, round_range_id) values ('467', '117', '11');
insert into EndScores (end_id, range_score_id, end_number, score_arrow1, score_arrow2, score_arrow3, score_arrow4, score_arrow5, score_arrow6) values ('2797', '467', '1', '8', '7', '5', '3', '2', '0');
insert into EndScores (end_id, range_score_id, end_number, score_arrow1, score_arrow2, score_arrow3, score_arrow4, score_arrow5, score_arrow6) values ('2798', '467', '2', '9', '8', '8', '4', '3', '2');
insert into EndScores (end_id, range_score_id, end_number, score_arrow1, score_arrow2, score_arrow3, score_arrow4, score_arrow5, score_arrow6) values ('2799', '467', '3', '9', '9', '8', '7', '5', '3');
insert into EndScores (end_id, range_score_id, end_number, score_arrow1, score_arrow2, score_arrow3, score_arrow4, score_arrow5, score_arrow6) values ('2800', '467', '4', '9', '8', '8', '6', '6', '3');
insert into EndScores (end_id, range_score_id, end_number, score_arrow1, score_arrow2, score_arrow3, score_arrow4, score_arrow5, score_arrow6) values ('2801', '467', '5', '9', '7', '7', '5', '3', '2');
insert into EndScores (end_id, range_score_id, end_number, score_arrow1, score_arrow2, score_arrow3, score_arrow4, score_arrow5, score_arrow6) values ('2802', '467', '6', '7', '6', '4', '4', '4', '2');
insert into RangeScores (range_score_id, round_score_id, round_range_id) values ('468', '117', '12');
insert into EndScores (end_id, range_score_id, end_number, score_arrow1, score_arrow2, score_arrow3, score_arrow4, score_arrow5, score_arrow6) values ('2803', '468', '1', '9', '4', '4', '2', '1', '0');
insert into EndScores (end_id, range_score_id, end_number, score_arrow1, score_arrow2, score_arrow3, score_arrow4, score_arrow5, score_arrow6) values ('2804', '468', '2', '9', '9', '7', '7', '2', '1');
insert into EndScores (end_id, range_score_id, end_number, score_arrow1, score_arrow2, score_arrow3, score_arrow4, score_arrow5, score_arrow6) values ('2805', '468', '3', '8', '7', '7', '5', '2', '0');
insert into EndScores (end_id, range_score_id, end_number, score_arrow1, score_arrow2, score_arrow3, score_arrow4, score_arrow5, score_arrow6) values ('2806', '468', '4', '9', '5', '4', '4', '3', '1');
insert into EndScores (end_id, range_score_id, end_number, score_arrow1, score_arrow2, score_arrow3, score_arrow4, score_arrow5, score_arrow6) values ('2807', '468', '5', '7', '7', '7', '4', '2', '1');
insert into EndScores (end_id, range_score_id, end_number, score_arrow1, score_arrow2, score_arrow3, score_arrow4, score_arrow5, score_arrow6) values ('2808', '468', '6', '9', '7', '6', '5', '4', '2');
insert into CompetitionEnrolments (archer_id, competition_id) values ('120', '1');
insert into RoundScores (round_score_id, archer_id, competition_id, round_score_date_time, equipment_id, round_def_id, total_score, category_id) values ('118', '120', '1', '2023-04-23 15:32:39.277', 'R', '1', '680', '1');
insert into RangeScores (range_score_id, round_score_id, round_range_id) values ('469', '118', '1');
insert into EndScores (end_id, range_score_id, end_number, score_arrow1, score_arrow2, score_arrow3, score_arrow4, score_arrow5, score_arrow6) values ('2809', '469', '1', '7', '7', '6', '6', '4', '2');
insert into EndScores (end_id, range_score_id, end_number, score_arrow1, score_arrow2, score_arrow3, score_arrow4, score_arrow5, score_arrow6) values ('2810', '469', '2', '9', '7', '7', '7', '6', '0');
insert into EndScores (end_id, range_score_id, end_number, score_arrow1, score_arrow2, score_arrow3, score_arrow4, score_arrow5, score_arrow6) values ('2811', '469', '3', '8', '7', '7', '7', '1', '1');
insert into EndScores (end_id, range_score_id, end_number, score_arrow1, score_arrow2, score_arrow3, score_arrow4, score_arrow5, score_arrow6) values ('2812', '469', '4', '9', '9', '8', '8', '1', '1');
insert into EndScores (end_id, range_score_id, end_number, score_arrow1, score_arrow2, score_arrow3, score_arrow4, score_arrow5, score_arrow6) values ('2813', '469', '5', '9', '4', '3', '1', '1', '0');
insert into EndScores (end_id, range_score_id, end_number, score_arrow1, score_arrow2, score_arrow3, score_arrow4, score_arrow5, score_arrow6) values ('2814', '469', '6', '8', '5', '5', '4', '3', '2');
insert into RangeScores (range_score_id, round_score_id, round_range_id) values ('470', '118', '2');
insert into EndScores (end_id, range_score_id, end_number, score_arrow1, score_arrow2, score_arrow3, score_arrow4, score_arrow5, score_arrow6) values ('2815', '470', '1', '9', '8', '6', '6', '2', '1');
insert into EndScores (end_id, range_score_id, end_number, score_arrow1, score_arrow2, score_arrow3, score_arrow4, score_arrow5, score_arrow6) values ('2816', '470', '2', '7', '7', '5', '2', '1', '1');
insert into EndScores (end_id, range_score_id, end_number, score_arrow1, score_arrow2, score_arrow3, score_arrow4, score_arrow5, score_arrow6) values ('2817', '470', '3', '7', '6', '6', '4', '3', '1');
insert into EndScores (end_id, range_score_id, end_number, score_arrow1, score_arrow2, score_arrow3, score_arrow4, score_arrow5, score_arrow6) values ('2818', '470', '4', '9', '8', '7', '6', '5', '1');
insert into EndScores (end_id, range_score_id, end_number, score_arrow1, score_arrow2, score_arrow3, score_arrow4, score_arrow5, score_arrow6) values ('2819', '470', '5', '9', '5', '5', '3', '2', '2');
insert into EndScores (end_id, range_score_id, end_number, score_arrow1, score_arrow2, score_arrow3, score_arrow4, score_arrow5, score_arrow6) values ('2820', '470', '6', '7', '7', '6', '5', '2', '1');
insert into RangeScores (range_score_id, round_score_id, round_range_id) values ('471', '118', '3');
insert into EndScores (end_id, range_score_id, end_number, score_arrow1, score_arrow2, score_arrow3, score_arrow4, score_arrow5, score_arrow6) values ('2821', '471', '1', '9', '9', '8', '5', '5', '2');
insert into EndScores (end_id, range_score_id, end_number, score_arrow1, score_arrow2, score_arrow3, score_arrow4, score_arrow5, score_arrow6) values ('2822', '471', '2', '7', '7', '4', '2', '1', '0');
insert into EndScores (end_id, range_score_id, end_number, score_arrow1, score_arrow2, score_arrow3, score_arrow4, score_arrow5, score_arrow6) values ('2823', '471', '3', '6', '5', '5', '4', '2', '0');
insert into EndScores (end_id, range_score_id, end_number, score_arrow1, score_arrow2, score_arrow3, score_arrow4, score_arrow5, score_arrow6) values ('2824', '471', '4', '7', '7', '5', '4', '3', '1');
insert into EndScores (end_id, range_score_id, end_number, score_arrow1, score_arrow2, score_arrow3, score_arrow4, score_arrow5, score_arrow6) values ('2825', '471', '5', '9', '4', '2', '1', '1', '0');
insert into EndScores (end_id, range_score_id, end_number, score_arrow1, score_arrow2, score_arrow3, score_arrow4, score_arrow5, score_arrow6) values ('2826', '471', '6', '8', '8', '7', '6', '4', '1');
insert into RangeScores (range_score_id, round_score_id, round_range_id) values ('472', '118', '4');
insert into EndScores (end_id, range_score_id, end_number, score_arrow1, score_arrow2, score_arrow3, score_arrow4, score_arrow5, score_arrow6) values ('2827', '472', '1', '9', '5', '5', '3', '2', '1');
insert into EndScores (end_id, range_score_id, end_number, score_arrow1, score_arrow2, score_arrow3, score_arrow4, score_arrow5, score_arrow6) values ('2828', '472', '2', '9', '9', '8', '7', '3', '1');
insert into EndScores (end_id, range_score_id, end_number, score_arrow1, score_arrow2, score_arrow3, score_arrow4, score_arrow5, score_arrow6) values ('2829', '472', '3', '9', '8', '3', '2', '1', '0');
insert into EndScores (end_id, range_score_id, end_number, score_arrow1, score_arrow2, score_arrow3, score_arrow4, score_arrow5, score_arrow6) values ('2830', '472', '4', '9', '7', '7', '4', '0', '0');
insert into EndScores (end_id, range_score_id, end_number, score_arrow1, score_arrow2, score_arrow3, score_arrow4, score_arrow5, score_arrow6) values ('2831', '472', '5', '9', '7', '6', '3', '1', '0');
insert into EndScores (end_id, range_score_id, end_number, score_arrow1, score_arrow2, score_arrow3, score_arrow4, score_arrow5, score_arrow6) values ('2832', '472', '6', '8', '8', '6', '5', '2', '2');
insert into CompetitionEnrolments (archer_id, competition_id) values ('121', '23');
insert into RoundScores (round_score_id, archer_id, competition_id, round_score_date_time, equipment_id, round_def_id, total_score, category_id) values ('119', '121', '23', '2023-04-23 13:28:37.747', 'B', '4', '719', '23');
insert into RangeScores (range_score_id, round_score_id, round_range_id) values ('473', '119', '13');
insert into EndScores (end_id, range_score_id, end_number, score_arrow1, score_arrow2, score_arrow3, score_arrow4, score_arrow5, score_arrow6) values ('2833', '473', '1', '9', '9', '9', '7', '4', '2');
insert into EndScores (end_id, range_score_id, end_number, score_arrow1, score_arrow2, score_arrow3, score_arrow4, score_arrow5, score_arrow6) values ('2834', '473', '2', '8', '7', '6', '3', '3', '0');
insert into EndScores (end_id, range_score_id, end_number, score_arrow1, score_arrow2, score_arrow3, score_arrow4, score_arrow5, score_arrow6) values ('2835', '473', '3', '6', '6', '5', '4', '3', '2');
insert into EndScores (end_id, range_score_id, end_number, score_arrow1, score_arrow2, score_arrow3, score_arrow4, score_arrow5, score_arrow6) values ('2836', '473', '4', '9', '8', '6', '5', '1', '0');
insert into EndScores (end_id, range_score_id, end_number, score_arrow1, score_arrow2, score_arrow3, score_arrow4, score_arrow5, score_arrow6) values ('2837', '473', '5', '8', '8', '8', '4', '3', '0');
insert into EndScores (end_id, range_score_id, end_number, score_arrow1, score_arrow2, score_arrow3, score_arrow4, score_arrow5, score_arrow6) values ('2838', '473', '6', '9', '8', '8', '7', '3', '2');
insert into RangeScores (range_score_id, round_score_id, round_range_id) values ('474', '119', '14');
insert into EndScores (end_id, range_score_id, end_number, score_arrow1, score_arrow2, score_arrow3, score_arrow4, score_arrow5, score_arrow6) values ('2839', '474', '1', '9', '8', '7', '6', '4', '4');
insert into EndScores (end_id, range_score_id, end_number, score_arrow1, score_arrow2, score_arrow3, score_arrow4, score_arrow5, score_arrow6) values ('2840', '474', '2', '8', '6', '3', '2', '1', '0');
insert into EndScores (end_id, range_score_id, end_number, score_arrow1, score_arrow2, score_arrow3, score_arrow4, score_arrow5, score_arrow6) values ('2841', '474', '3', '8', '7', '5', '4', '4', '3');
insert into EndScores (end_id, range_score_id, end_number, score_arrow1, score_arrow2, score_arrow3, score_arrow4, score_arrow5, score_arrow6) values ('2842', '474', '4', '9', '7', '6', '5', '4', '4');
insert into EndScores (end_id, range_score_id, end_number, score_arrow1, score_arrow2, score_arrow3, score_arrow4, score_arrow5, score_arrow6) values ('2843', '474', '5', '5', '4', '4', '2', '1', '0');
insert into EndScores (end_id, range_score_id, end_number, score_arrow1, score_arrow2, score_arrow3, score_arrow4, score_arrow5, score_arrow6) values ('2844', '474', '6', '9', '8', '8', '5', '3', '2');
insert into RangeScores (range_score_id, round_score_id, round_range_id) values ('475', '119', '15');
insert into EndScores (end_id, range_score_id, end_number, score_arrow1, score_arrow2, score_arrow3, score_arrow4, score_arrow5, score_arrow6) values ('2845', '475', '1', '9', '8', '4', '4', '4', '1');
insert into EndScores (end_id, range_score_id, end_number, score_arrow1, score_arrow2, score_arrow3, score_arrow4, score_arrow5, score_arrow6) values ('2846', '475', '2', '7', '7', '6', '5', '3', '2');
insert into EndScores (end_id, range_score_id, end_number, score_arrow1, score_arrow2, score_arrow3, score_arrow4, score_arrow5, score_arrow6) values ('2847', '475', '3', '9', '8', '7', '6', '6', '0');
insert into EndScores (end_id, range_score_id, end_number, score_arrow1, score_arrow2, score_arrow3, score_arrow4, score_arrow5, score_arrow6) values ('2848', '475', '4', '9', '9', '5', '3', '1', '0');
insert into EndScores (end_id, range_score_id, end_number, score_arrow1, score_arrow2, score_arrow3, score_arrow4, score_arrow5, score_arrow6) values ('2849', '475', '5', '7', '7', '3', '1', '1', '1');
insert into EndScores (end_id, range_score_id, end_number, score_arrow1, score_arrow2, score_arrow3, score_arrow4, score_arrow5, score_arrow6) values ('2850', '475', '6', '7', '6', '6', '4', '4', '0');
insert into RangeScores (range_score_id, round_score_id, round_range_id) values ('476', '119', '16');
insert into EndScores (end_id, range_score_id, end_number, score_arrow1, score_arrow2, score_arrow3, score_arrow4, score_arrow5, score_arrow6) values ('2851', '476', '1', '9', '8', '4', '4', '1', '0');
insert into EndScores (end_id, range_score_id, end_number, score_arrow1, score_arrow2, score_arrow3, score_arrow4, score_arrow5, score_arrow6) values ('2852', '476', '2', '9', '7', '5', '3', '2', '2');
insert into EndScores (end_id, range_score_id, end_number, score_arrow1, score_arrow2, score_arrow3, score_arrow4, score_arrow5, score_arrow6) values ('2853', '476', '3', '9', '6', '6', '5', '4', '2');
insert into EndScores (end_id, range_score_id, end_number, score_arrow1, score_arrow2, score_arrow3, score_arrow4, score_arrow5, score_arrow6) values ('2854', '476', '4', '8', '8', '6', '5', '4', '4');
insert into EndScores (end_id, range_score_id, end_number, score_arrow1, score_arrow2, score_arrow3, score_arrow4, score_arrow5, score_arrow6) values ('2855', '476', '5', '8', '6', '6', '5', '4', '1');
insert into EndScores (end_id, range_score_id, end_number, score_arrow1, score_arrow2, score_arrow3, score_arrow4, score_arrow5, score_arrow6) values ('2856', '476', '6', '8', '8', '8', '5', '3', '1');
insert into CompetitionEnrolments (archer_id, competition_id) values ('122', '25');
insert into RoundScores (round_score_id, archer_id, competition_id, round_score_date_time, equipment_id, round_def_id, total_score, category_id) values ('120', '122', '25', '2023-04-23 14:21:34.241', 'R', '3', '632', '25');
insert into RangeScores (range_score_id, round_score_id, round_range_id) values ('477', '120', '9');
insert into EndScores (end_id, range_score_id, end_number, score_arrow1, score_arrow2, score_arrow3, score_arrow4, score_arrow5, score_arrow6) values ('2857', '477', '1', '7', '7', '5', '2', '0', '0');
insert into EndScores (end_id, range_score_id, end_number, score_arrow1, score_arrow2, score_arrow3, score_arrow4, score_arrow5, score_arrow6) values ('2858', '477', '2', '9', '8', '7', '4', '2', '1');
insert into EndScores (end_id, range_score_id, end_number, score_arrow1, score_arrow2, score_arrow3, score_arrow4, score_arrow5, score_arrow6) values ('2859', '477', '3', '9', '8', '5', '5', '1', '0');
insert into EndScores (end_id, range_score_id, end_number, score_arrow1, score_arrow2, score_arrow3, score_arrow4, score_arrow5, score_arrow6) values ('2860', '477', '4', '9', '8', '2', '1', '1', '0');
insert into EndScores (end_id, range_score_id, end_number, score_arrow1, score_arrow2, score_arrow3, score_arrow4, score_arrow5, score_arrow6) values ('2861', '477', '5', '7', '6', '6', '5', '3', '1');
insert into EndScores (end_id, range_score_id, end_number, score_arrow1, score_arrow2, score_arrow3, score_arrow4, score_arrow5, score_arrow6) values ('2862', '477', '6', '9', '6', '3', '2', '2', '2');
insert into RangeScores (range_score_id, round_score_id, round_range_id) values ('478', '120', '10');
insert into EndScores (end_id, range_score_id, end_number, score_arrow1, score_arrow2, score_arrow3, score_arrow4, score_arrow5, score_arrow6) values ('2863', '478', '1', '9', '7', '5', '4', '3', '0');
insert into EndScores (end_id, range_score_id, end_number, score_arrow1, score_arrow2, score_arrow3, score_arrow4, score_arrow5, score_arrow6) values ('2864', '478', '2', '8', '7', '7', '7', '4', '4');
insert into EndScores (end_id, range_score_id, end_number, score_arrow1, score_arrow2, score_arrow3, score_arrow4, score_arrow5, score_arrow6) values ('2865', '478', '3', '7', '7', '4', '1', '1', '0');
insert into EndScores (end_id, range_score_id, end_number, score_arrow1, score_arrow2, score_arrow3, score_arrow4, score_arrow5, score_arrow6) values ('2866', '478', '4', '9', '7', '3', '3', '1', '0');
insert into EndScores (end_id, range_score_id, end_number, score_arrow1, score_arrow2, score_arrow3, score_arrow4, score_arrow5, score_arrow6) values ('2867', '478', '5', '8', '8', '4', '2', '1', '0');
insert into EndScores (end_id, range_score_id, end_number, score_arrow1, score_arrow2, score_arrow3, score_arrow4, score_arrow5, score_arrow6) values ('2868', '478', '6', '5', '4', '3', '3', '3', '0');
insert into RangeScores (range_score_id, round_score_id, round_range_id) values ('479', '120', '11');
insert into EndScores (end_id, range_score_id, end_number, score_arrow1, score_arrow2, score_arrow3, score_arrow4, score_arrow5, score_arrow6) values ('2869', '479', '1', '8', '4', '4', '3', '2', '1');
insert into EndScores (end_id, range_score_id, end_number, score_arrow1, score_arrow2, score_arrow3, score_arrow4, score_arrow5, score_arrow6) values ('2870', '479', '2', '9', '8', '4', '3', '2', '0');
insert into EndScores (end_id, range_score_id, end_number, score_arrow1, score_arrow2, score_arrow3, score_arrow4, score_arrow5, score_arrow6) values ('2871', '479', '3', '8', '8', '7', '6', '3', '1');
insert into EndScores (end_id, range_score_id, end_number, score_arrow1, score_arrow2, score_arrow3, score_arrow4, score_arrow5, score_arrow6) values ('2872', '479', '4', '9', '8', '2', '2', '1', '0');
insert into EndScores (end_id, range_score_id, end_number, score_arrow1, score_arrow2, score_arrow3, score_arrow4, score_arrow5, score_arrow6) values ('2873', '479', '5', '9', '8', '6', '3', '2', '2');
insert into EndScores (end_id, range_score_id, end_number, score_arrow1, score_arrow2, score_arrow3, score_arrow4, score_arrow5, score_arrow6) values ('2874', '479', '6', '9', '6', '4', '2', '0', '0');
insert into RangeScores (range_score_id, round_score_id, round_range_id) values ('480', '120', '12');
insert into EndScores (end_id, range_score_id, end_number, score_arrow1, score_arrow2, score_arrow3, score_arrow4, score_arrow5, score_arrow6) values ('2875', '480', '1', '9', '9', '8', '5', '5', '0');
insert into EndScores (end_id, range_score_id, end_number, score_arrow1, score_arrow2, score_arrow3, score_arrow4, score_arrow5, score_arrow6) values ('2876', '480', '2', '9', '9', '5', '5', '3', '0');
insert into EndScores (end_id, range_score_id, end_number, score_arrow1, score_arrow2, score_arrow3, score_arrow4, score_arrow5, score_arrow6) values ('2877', '480', '3', '8', '8', '4', '3', '1', '1');
insert into EndScores (end_id, range_score_id, end_number, score_arrow1, score_arrow2, score_arrow3, score_arrow4, score_arrow5, score_arrow6) values ('2878', '480', '4', '8', '8', '7', '6', '2', '0');
insert into EndScores (end_id, range_score_id, end_number, score_arrow1, score_arrow2, score_arrow3, score_arrow4, score_arrow5, score_arrow6) values ('2879', '480', '5', '9', '6', '5', '2', '1', '0');
insert into EndScores (end_id, range_score_id, end_number, score_arrow1, score_arrow2, score_arrow3, score_arrow4, score_arrow5, score_arrow6) values ('2880', '480', '6', '9', '9', '5', '4', '3', '0');
insert into CompetitionEnrolments (archer_id, competition_id) values ('123', '20');
insert into RoundScores (round_score_id, archer_id, competition_id, round_score_date_time, equipment_id, round_def_id, total_score, category_id) values ('121', '123', '20', '2023-04-23 14:35:21.132', 'L', '4', '650', '20');
insert into RangeScores (range_score_id, round_score_id, round_range_id) values ('481', '121', '13');
insert into EndScores (end_id, range_score_id, end_number, score_arrow1, score_arrow2, score_arrow3, score_arrow4, score_arrow5, score_arrow6) values ('2881', '481', '1', '8', '7', '6', '6', '5', '0');
insert into EndScores (end_id, range_score_id, end_number, score_arrow1, score_arrow2, score_arrow3, score_arrow4, score_arrow5, score_arrow6) values ('2882', '481', '2', '9', '9', '5', '4', '3', '0');
insert into EndScores (end_id, range_score_id, end_number, score_arrow1, score_arrow2, score_arrow3, score_arrow4, score_arrow5, score_arrow6) values ('2883', '481', '3', '8', '6', '5', '3', '2', '0');
insert into EndScores (end_id, range_score_id, end_number, score_arrow1, score_arrow2, score_arrow3, score_arrow4, score_arrow5, score_arrow6) values ('2884', '481', '4', '9', '9', '9', '7', '0', '0');
insert into EndScores (end_id, range_score_id, end_number, score_arrow1, score_arrow2, score_arrow3, score_arrow4, score_arrow5, score_arrow6) values ('2885', '481', '5', '6', '4', '3', '2', '1', '1');
insert into EndScores (end_id, range_score_id, end_number, score_arrow1, score_arrow2, score_arrow3, score_arrow4, score_arrow5, score_arrow6) values ('2886', '481', '6', '9', '8', '5', '4', '2', '0');
insert into RangeScores (range_score_id, round_score_id, round_range_id) values ('482', '121', '14');
insert into EndScores (end_id, range_score_id, end_number, score_arrow1, score_arrow2, score_arrow3, score_arrow4, score_arrow5, score_arrow6) values ('2887', '482', '1', '7', '6', '5', '5', '2', '1');
insert into EndScores (end_id, range_score_id, end_number, score_arrow1, score_arrow2, score_arrow3, score_arrow4, score_arrow5, score_arrow6) values ('2888', '482', '2', '9', '9', '6', '5', '3', '0');
insert into EndScores (end_id, range_score_id, end_number, score_arrow1, score_arrow2, score_arrow3, score_arrow4, score_arrow5, score_arrow6) values ('2889', '482', '3', '6', '6', '5', '5', '3', '0');
insert into EndScores (end_id, range_score_id, end_number, score_arrow1, score_arrow2, score_arrow3, score_arrow4, score_arrow5, score_arrow6) values ('2890', '482', '4', '9', '8', '5', '3', '2', '1');
insert into EndScores (end_id, range_score_id, end_number, score_arrow1, score_arrow2, score_arrow3, score_arrow4, score_arrow5, score_arrow6) values ('2891', '482', '5', '9', '7', '5', '4', '2', '2');
insert into EndScores (end_id, range_score_id, end_number, score_arrow1, score_arrow2, score_arrow3, score_arrow4, score_arrow5, score_arrow6) values ('2892', '482', '6', '8', '7', '6', '4', '3', '1');
insert into RangeScores (range_score_id, round_score_id, round_range_id) values ('483', '121', '15');
insert into EndScores (end_id, range_score_id, end_number, score_arrow1, score_arrow2, score_arrow3, score_arrow4, score_arrow5, score_arrow6) values ('2893', '483', '1', '9', '8', '8', '5', '4', '1');
insert into EndScores (end_id, range_score_id, end_number, score_arrow1, score_arrow2, score_arrow3, score_arrow4, score_arrow5, score_arrow6) values ('2894', '483', '2', '9', '8', '7', '6', '5', '4');
insert into EndScores (end_id, range_score_id, end_number, score_arrow1, score_arrow2, score_arrow3, score_arrow4, score_arrow5, score_arrow6) values ('2895', '483', '3', '9', '8', '8', '6', '1', '0');
insert into EndScores (end_id, range_score_id, end_number, score_arrow1, score_arrow2, score_arrow3, score_arrow4, score_arrow5, score_arrow6) values ('2896', '483', '4', '8', '7', '6', '3', '2', '1');
insert into EndScores (end_id, range_score_id, end_number, score_arrow1, score_arrow2, score_arrow3, score_arrow4, score_arrow5, score_arrow6) values ('2897', '483', '5', '7', '7', '6', '3', '3', '1');
insert into EndScores (end_id, range_score_id, end_number, score_arrow1, score_arrow2, score_arrow3, score_arrow4, score_arrow5, score_arrow6) values ('2898', '483', '6', '7', '4', '4', '3', '0', '0');
insert into RangeScores (range_score_id, round_score_id, round_range_id) values ('484', '121', '16');
insert into EndScores (end_id, range_score_id, end_number, score_arrow1, score_arrow2, score_arrow3, score_arrow4, score_arrow5, score_arrow6) values ('2899', '484', '1', '7', '5', '3', '1', '0', '0');
insert into EndScores (end_id, range_score_id, end_number, score_arrow1, score_arrow2, score_arrow3, score_arrow4, score_arrow5, score_arrow6) values ('2900', '484', '2', '9', '9', '7', '5', '5', '3');
insert into EndScores (end_id, range_score_id, end_number, score_arrow1, score_arrow2, score_arrow3, score_arrow4, score_arrow5, score_arrow6) values ('2901', '484', '3', '8', '4', '2', '1', '1', '0');
insert into EndScores (end_id, range_score_id, end_number, score_arrow1, score_arrow2, score_arrow3, score_arrow4, score_arrow5, score_arrow6) values ('2902', '484', '4', '8', '7', '6', '3', '2', '1');
insert into EndScores (end_id, range_score_id, end_number, score_arrow1, score_arrow2, score_arrow3, score_arrow4, score_arrow5, score_arrow6) values ('2903', '484', '5', '5', '5', '4', '2', '2', '1');
insert into EndScores (end_id, range_score_id, end_number, score_arrow1, score_arrow2, score_arrow3, score_arrow4, score_arrow5, score_arrow6) values ('2904', '484', '6', '9', '6', '4', '2', '1', '0');
insert into CompetitionEnrolments (archer_id, competition_id) values ('124', '2');
insert into RoundScores (round_score_id, archer_id, competition_id, round_score_date_time, equipment_id, round_def_id, total_score, category_id) values ('122', '124', '2', '2023-04-23 11:15:34.294', 'C', '1', '676', '2');
insert into RangeScores (range_score_id, round_score_id, round_range_id) values ('485', '122', '1');
insert into EndScores (end_id, range_score_id, end_number, score_arrow1, score_arrow2, score_arrow3, score_arrow4, score_arrow5, score_arrow6) values ('2905', '485', '1', '9', '8', '7', '6', '3', '2');
insert into EndScores (end_id, range_score_id, end_number, score_arrow1, score_arrow2, score_arrow3, score_arrow4, score_arrow5, score_arrow6) values ('2906', '485', '2', '7', '6', '4', '2', '0', '0');
insert into EndScores (end_id, range_score_id, end_number, score_arrow1, score_arrow2, score_arrow3, score_arrow4, score_arrow5, score_arrow6) values ('2907', '485', '3', '5', '5', '5', '3', '3', '2');
insert into EndScores (end_id, range_score_id, end_number, score_arrow1, score_arrow2, score_arrow3, score_arrow4, score_arrow5, score_arrow6) values ('2908', '485', '4', '9', '8', '8', '7', '7', '3');
insert into EndScores (end_id, range_score_id, end_number, score_arrow1, score_arrow2, score_arrow3, score_arrow4, score_arrow5, score_arrow6) values ('2909', '485', '5', '8', '7', '6', '5', '5', '4');
insert into EndScores (end_id, range_score_id, end_number, score_arrow1, score_arrow2, score_arrow3, score_arrow4, score_arrow5, score_arrow6) values ('2910', '485', '6', '9', '5', '5', '4', '2', '1');
insert into RangeScores (range_score_id, round_score_id, round_range_id) values ('486', '122', '2');
insert into EndScores (end_id, range_score_id, end_number, score_arrow1, score_arrow2, score_arrow3, score_arrow4, score_arrow5, score_arrow6) values ('2911', '486', '1', '9', '8', '7', '4', '4', '1');
insert into EndScores (end_id, range_score_id, end_number, score_arrow1, score_arrow2, score_arrow3, score_arrow4, score_arrow5, score_arrow6) values ('2912', '486', '2', '8', '7', '4', '3', '2', '1');
insert into EndScores (end_id, range_score_id, end_number, score_arrow1, score_arrow2, score_arrow3, score_arrow4, score_arrow5, score_arrow6) values ('2913', '486', '3', '9', '8', '5', '4', '4', '1');
insert into EndScores (end_id, range_score_id, end_number, score_arrow1, score_arrow2, score_arrow3, score_arrow4, score_arrow5, score_arrow6) values ('2914', '486', '4', '9', '6', '5', '4', '2', '1');
insert into EndScores (end_id, range_score_id, end_number, score_arrow1, score_arrow2, score_arrow3, score_arrow4, score_arrow5, score_arrow6) values ('2915', '486', '5', '8', '7', '6', '4', '2', '0');
insert into EndScores (end_id, range_score_id, end_number, score_arrow1, score_arrow2, score_arrow3, score_arrow4, score_arrow5, score_arrow6) values ('2916', '486', '6', '6', '5', '5', '4', '3', '1');
insert into RangeScores (range_score_id, round_score_id, round_range_id) values ('487', '122', '3');
insert into EndScores (end_id, range_score_id, end_number, score_arrow1, score_arrow2, score_arrow3, score_arrow4, score_arrow5, score_arrow6) values ('2917', '487', '1', '8', '5', '5', '5', '4', '0');
insert into EndScores (end_id, range_score_id, end_number, score_arrow1, score_arrow2, score_arrow3, score_arrow4, score_arrow5, score_arrow6) values ('2918', '487', '2', '9', '8', '7', '3', '2', '2');
insert into EndScores (end_id, range_score_id, end_number, score_arrow1, score_arrow2, score_arrow3, score_arrow4, score_arrow5, score_arrow6) values ('2919', '487', '3', '7', '6', '6', '6', '2', '0');
insert into EndScores (end_id, range_score_id, end_number, score_arrow1, score_arrow2, score_arrow3, score_arrow4, score_arrow5, score_arrow6) values ('2920', '487', '4', '9', '7', '6', '3', '2', '1');
insert into EndScores (end_id, range_score_id, end_number, score_arrow1, score_arrow2, score_arrow3, score_arrow4, score_arrow5, score_arrow6) values ('2921', '487', '5', '8', '8', '7', '6', '4', '4');
insert into EndScores (end_id, range_score_id, end_number, score_arrow1, score_arrow2, score_arrow3, score_arrow4, score_arrow5, score_arrow6) values ('2922', '487', '6', '7', '7', '6', '6', '3', '1');
insert into RangeScores (range_score_id, round_score_id, round_range_id) values ('488', '122', '4');
insert into EndScores (end_id, range_score_id, end_number, score_arrow1, score_arrow2, score_arrow3, score_arrow4, score_arrow5, score_arrow6) values ('2923', '488', '1', '8', '7', '4', '3', '1', '0');
insert into EndScores (end_id, range_score_id, end_number, score_arrow1, score_arrow2, score_arrow3, score_arrow4, score_arrow5, score_arrow6) values ('2924', '488', '2', '9', '8', '4', '3', '3', '1');
insert into EndScores (end_id, range_score_id, end_number, score_arrow1, score_arrow2, score_arrow3, score_arrow4, score_arrow5, score_arrow6) values ('2925', '488', '3', '9', '6', '3', '3', '2', '2');
insert into EndScores (end_id, range_score_id, end_number, score_arrow1, score_arrow2, score_arrow3, score_arrow4, score_arrow5, score_arrow6) values ('2926', '488', '4', '9', '7', '6', '3', '1', '1');
insert into EndScores (end_id, range_score_id, end_number, score_arrow1, score_arrow2, score_arrow3, score_arrow4, score_arrow5, score_arrow6) values ('2927', '488', '5', '5', '5', '3', '1', '1', '0');
insert into EndScores (end_id, range_score_id, end_number, score_arrow1, score_arrow2, score_arrow3, score_arrow4, score_arrow5, score_arrow6) values ('2928', '488', '6', '8', '6', '6', '6', '5', '0');
insert into CompetitionEnrolments (archer_id, competition_id) values ('125', '30');
insert into RoundScores (round_score_id, archer_id, competition_id, round_score_date_time, equipment_id, round_def_id, total_score, category_id) values ('123', '125', '30', '2023-04-23 10:38:53.64', 'C', '4', '603', '30');
insert into RangeScores (range_score_id, round_score_id, round_range_id) values ('489', '123', '13');
insert into EndScores (end_id, range_score_id, end_number, score_arrow1, score_arrow2, score_arrow3, score_arrow4, score_arrow5, score_arrow6) values ('2929', '489', '1', '9', '9', '7', '5', '3', '1');
insert into EndScores (end_id, range_score_id, end_number, score_arrow1, score_arrow2, score_arrow3, score_arrow4, score_arrow5, score_arrow6) values ('2930', '489', '2', '4', '3', '3', '2', '2', '1');
insert into EndScores (end_id, range_score_id, end_number, score_arrow1, score_arrow2, score_arrow3, score_arrow4, score_arrow5, score_arrow6) values ('2931', '489', '3', '8', '7', '3', '3', '2', '1');
insert into EndScores (end_id, range_score_id, end_number, score_arrow1, score_arrow2, score_arrow3, score_arrow4, score_arrow5, score_arrow6) values ('2932', '489', '4', '6', '4', '2', '2', '1', '0');
insert into EndScores (end_id, range_score_id, end_number, score_arrow1, score_arrow2, score_arrow3, score_arrow4, score_arrow5, score_arrow6) values ('2933', '489', '5', '7', '6', '6', '5', '4', '2');
insert into EndScores (end_id, range_score_id, end_number, score_arrow1, score_arrow2, score_arrow3, score_arrow4, score_arrow5, score_arrow6) values ('2934', '489', '6', '5', '5', '4', '4', '4', '1');
insert into RangeScores (range_score_id, round_score_id, round_range_id) values ('490', '123', '14');
insert into EndScores (end_id, range_score_id, end_number, score_arrow1, score_arrow2, score_arrow3, score_arrow4, score_arrow5, score_arrow6) values ('2935', '490', '1', '9', '7', '6', '5', '1', '1');
insert into EndScores (end_id, range_score_id, end_number, score_arrow1, score_arrow2, score_arrow3, score_arrow4, score_arrow5, score_arrow6) values ('2936', '490', '2', '8', '4', '4', '4', '1', '0');
insert into EndScores (end_id, range_score_id, end_number, score_arrow1, score_arrow2, score_arrow3, score_arrow4, score_arrow5, score_arrow6) values ('2937', '490', '3', '8', '8', '3', '2', '2', '0');
insert into EndScores (end_id, range_score_id, end_number, score_arrow1, score_arrow2, score_arrow3, score_arrow4, score_arrow5, score_arrow6) values ('2938', '490', '4', '6', '5', '5', '4', '3', '0');
insert into EndScores (end_id, range_score_id, end_number, score_arrow1, score_arrow2, score_arrow3, score_arrow4, score_arrow5, score_arrow6) values ('2939', '490', '5', '9', '9', '8', '6', '5', '0');
insert into EndScores (end_id, range_score_id, end_number, score_arrow1, score_arrow2, score_arrow3, score_arrow4, score_arrow5, score_arrow6) values ('2940', '490', '6', '7', '4', '3', '3', '1', '1');
insert into RangeScores (range_score_id, round_score_id, round_range_id) values ('491', '123', '15');
insert into EndScores (end_id, range_score_id, end_number, score_arrow1, score_arrow2, score_arrow3, score_arrow4, score_arrow5, score_arrow6) values ('2941', '491', '1', '9', '8', '4', '4', '4', '1');
insert into EndScores (end_id, range_score_id, end_number, score_arrow1, score_arrow2, score_arrow3, score_arrow4, score_arrow5, score_arrow6) values ('2942', '491', '2', '8', '6', '4', '3', '0', '0');
insert into EndScores (end_id, range_score_id, end_number, score_arrow1, score_arrow2, score_arrow3, score_arrow4, score_arrow5, score_arrow6) values ('2943', '491', '3', '9', '7', '7', '5', '4', '1');
insert into EndScores (end_id, range_score_id, end_number, score_arrow1, score_arrow2, score_arrow3, score_arrow4, score_arrow5, score_arrow6) values ('2944', '491', '4', '9', '8', '6', '1', '0', '0');
insert into EndScores (end_id, range_score_id, end_number, score_arrow1, score_arrow2, score_arrow3, score_arrow4, score_arrow5, score_arrow6) values ('2945', '491', '5', '9', '7', '7', '6', '4', '1');
insert into EndScores (end_id, range_score_id, end_number, score_arrow1, score_arrow2, score_arrow3, score_arrow4, score_arrow5, score_arrow6) values ('2946', '491', '6', '7', '7', '4', '2', '0', '0');
insert into RangeScores (range_score_id, round_score_id, round_range_id) values ('492', '123', '16');
insert into EndScores (end_id, range_score_id, end_number, score_arrow1, score_arrow2, score_arrow3, score_arrow4, score_arrow5, score_arrow6) values ('2947', '492', '1', '5', '5', '5', '4', '2', '0');
insert into EndScores (end_id, range_score_id, end_number, score_arrow1, score_arrow2, score_arrow3, score_arrow4, score_arrow5, score_arrow6) values ('2948', '492', '2', '8', '6', '6', '4', '0', '0');
insert into EndScores (end_id, range_score_id, end_number, score_arrow1, score_arrow2, score_arrow3, score_arrow4, score_arrow5, score_arrow6) values ('2949', '492', '3', '9', '7', '3', '3', '3', '2');
insert into EndScores (end_id, range_score_id, end_number, score_arrow1, score_arrow2, score_arrow3, score_arrow4, score_arrow5, score_arrow6) values ('2950', '492', '4', '6', '6', '4', '2', '2', '1');
insert into EndScores (end_id, range_score_id, end_number, score_arrow1, score_arrow2, score_arrow3, score_arrow4, score_arrow5, score_arrow6) values ('2951', '492', '5', '8', '6', '3', '3', '1', '0');
insert into EndScores (end_id, range_score_id, end_number, score_arrow1, score_arrow2, score_arrow3, score_arrow4, score_arrow5, score_arrow6) values ('2952', '492', '6', '9', '9', '5', '4', '4', '3');
insert into CompetitionEnrolments (archer_id, competition_id) values ('126', '20');
insert into RoundScores (round_score_id, archer_id, competition_id, round_score_date_time, equipment_id, round_def_id, total_score, category_id) values ('124', '126', '20', '2023-04-23 18:38:14.741', 'L', '4', '671', '20');
insert into RangeScores (range_score_id, round_score_id, round_range_id) values ('493', '124', '13');
insert into EndScores (end_id, range_score_id, end_number, score_arrow1, score_arrow2, score_arrow3, score_arrow4, score_arrow5, score_arrow6) values ('2953', '493', '1', '9', '7', '5', '4', '2', '1');
insert into EndScores (end_id, range_score_id, end_number, score_arrow1, score_arrow2, score_arrow3, score_arrow4, score_arrow5, score_arrow6) values ('2954', '493', '2', '9', '6', '5', '5', '3', '2');
insert into EndScores (end_id, range_score_id, end_number, score_arrow1, score_arrow2, score_arrow3, score_arrow4, score_arrow5, score_arrow6) values ('2955', '493', '3', '7', '6', '5', '3', '2', '2');
insert into EndScores (end_id, range_score_id, end_number, score_arrow1, score_arrow2, score_arrow3, score_arrow4, score_arrow5, score_arrow6) values ('2956', '493', '4', '9', '7', '7', '5', '5', '0');
insert into EndScores (end_id, range_score_id, end_number, score_arrow1, score_arrow2, score_arrow3, score_arrow4, score_arrow5, score_arrow6) values ('2957', '493', '5', '8', '7', '6', '4', '1', '0');
insert into EndScores (end_id, range_score_id, end_number, score_arrow1, score_arrow2, score_arrow3, score_arrow4, score_arrow5, score_arrow6) values ('2958', '493', '6', '9', '7', '6', '4', '1', '0');
insert into RangeScores (range_score_id, round_score_id, round_range_id) values ('494', '124', '14');
insert into EndScores (end_id, range_score_id, end_number, score_arrow1, score_arrow2, score_arrow3, score_arrow4, score_arrow5, score_arrow6) values ('2959', '494', '1', '9', '6', '5', '5', '5', '1');
insert into EndScores (end_id, range_score_id, end_number, score_arrow1, score_arrow2, score_arrow3, score_arrow4, score_arrow5, score_arrow6) values ('2960', '494', '2', '9', '8', '4', '3', '1', '0');
insert into EndScores (end_id, range_score_id, end_number, score_arrow1, score_arrow2, score_arrow3, score_arrow4, score_arrow5, score_arrow6) values ('2961', '494', '3', '9', '8', '8', '5', '3', '1');
insert into EndScores (end_id, range_score_id, end_number, score_arrow1, score_arrow2, score_arrow3, score_arrow4, score_arrow5, score_arrow6) values ('2962', '494', '4', '9', '8', '8', '3', '3', '2');
insert into EndScores (end_id, range_score_id, end_number, score_arrow1, score_arrow2, score_arrow3, score_arrow4, score_arrow5, score_arrow6) values ('2963', '494', '5', '9', '6', '2', '1', '1', '1');
insert into EndScores (end_id, range_score_id, end_number, score_arrow1, score_arrow2, score_arrow3, score_arrow4, score_arrow5, score_arrow6) values ('2964', '494', '6', '9', '8', '8', '5', '4', '2');
insert into RangeScores (range_score_id, round_score_id, round_range_id) values ('495', '124', '15');
insert into EndScores (end_id, range_score_id, end_number, score_arrow1, score_arrow2, score_arrow3, score_arrow4, score_arrow5, score_arrow6) values ('2965', '495', '1', '9', '8', '5', '3', '3', '0');
insert into EndScores (end_id, range_score_id, end_number, score_arrow1, score_arrow2, score_arrow3, score_arrow4, score_arrow5, score_arrow6) values ('2966', '495', '2', '7', '3', '3', '3', '1', '0');
insert into EndScores (end_id, range_score_id, end_number, score_arrow1, score_arrow2, score_arrow3, score_arrow4, score_arrow5, score_arrow6) values ('2967', '495', '3', '6', '3', '2', '2', '0', '0');
insert into EndScores (end_id, range_score_id, end_number, score_arrow1, score_arrow2, score_arrow3, score_arrow4, score_arrow5, score_arrow6) values ('2968', '495', '4', '8', '6', '4', '3', '2', '0');
insert into EndScores (end_id, range_score_id, end_number, score_arrow1, score_arrow2, score_arrow3, score_arrow4, score_arrow5, score_arrow6) values ('2969', '495', '5', '9', '8', '7', '7', '3', '3');
insert into EndScores (end_id, range_score_id, end_number, score_arrow1, score_arrow2, score_arrow3, score_arrow4, score_arrow5, score_arrow6) values ('2970', '495', '6', '5', '5', '3', '2', '1', '1');
insert into RangeScores (range_score_id, round_score_id, round_range_id) values ('496', '124', '16');
insert into EndScores (end_id, range_score_id, end_number, score_arrow1, score_arrow2, score_arrow3, score_arrow4, score_arrow5, score_arrow6) values ('2971', '496', '1', '9', '9', '8', '8', '6', '2');
insert into EndScores (end_id, range_score_id, end_number, score_arrow1, score_arrow2, score_arrow3, score_arrow4, score_arrow5, score_arrow6) values ('2972', '496', '2', '8', '6', '5', '5', '4', '0');
insert into EndScores (end_id, range_score_id, end_number, score_arrow1, score_arrow2, score_arrow3, score_arrow4, score_arrow5, score_arrow6) values ('2973', '496', '3', '9', '8', '8', '7', '2', '2');
insert into EndScores (end_id, range_score_id, end_number, score_arrow1, score_arrow2, score_arrow3, score_arrow4, score_arrow5, score_arrow6) values ('2974', '496', '4', '7', '6', '6', '4', '0', '0');
insert into EndScores (end_id, range_score_id, end_number, score_arrow1, score_arrow2, score_arrow3, score_arrow4, score_arrow5, score_arrow6) values ('2975', '496', '5', '9', '9', '5', '1', '1', '0');
insert into EndScores (end_id, range_score_id, end_number, score_arrow1, score_arrow2, score_arrow3, score_arrow4, score_arrow5, score_arrow6) values ('2976', '496', '6', '9', '8', '7', '6', '4', '0');
insert into CompetitionEnrolments (archer_id, competition_id) values ('127', '10');
insert into RoundScores (round_score_id, archer_id, competition_id, round_score_date_time, equipment_id, round_def_id, total_score, category_id) values ('125', '127', '10', '2023-04-23 11:43:50.343', 'C', '2', '652', '10');
insert into RangeScores (range_score_id, round_score_id, round_range_id) values ('497', '125', '5');
insert into EndScores (end_id, range_score_id, end_number, score_arrow1, score_arrow2, score_arrow3, score_arrow4, score_arrow5, score_arrow6) values ('2977', '497', '1', '8', '5', '5', '5', '2', '1');
insert into EndScores (end_id, range_score_id, end_number, score_arrow1, score_arrow2, score_arrow3, score_arrow4, score_arrow5, score_arrow6) values ('2978', '497', '2', '9', '9', '8', '4', '4', '1');
insert into EndScores (end_id, range_score_id, end_number, score_arrow1, score_arrow2, score_arrow3, score_arrow4, score_arrow5, score_arrow6) values ('2979', '497', '3', '8', '8', '5', '4', '2', '2');
insert into EndScores (end_id, range_score_id, end_number, score_arrow1, score_arrow2, score_arrow3, score_arrow4, score_arrow5, score_arrow6) values ('2980', '497', '4', '5', '3', '3', '2', '2', '0');
insert into EndScores (end_id, range_score_id, end_number, score_arrow1, score_arrow2, score_arrow3, score_arrow4, score_arrow5, score_arrow6) values ('2981', '497', '5', '8', '7', '7', '6', '3', '0');
insert into EndScores (end_id, range_score_id, end_number, score_arrow1, score_arrow2, score_arrow3, score_arrow4, score_arrow5, score_arrow6) values ('2982', '497', '6', '9', '9', '8', '5', '1', '0');
insert into RangeScores (range_score_id, round_score_id, round_range_id) values ('498', '125', '6');
insert into EndScores (end_id, range_score_id, end_number, score_arrow1, score_arrow2, score_arrow3, score_arrow4, score_arrow5, score_arrow6) values ('2983', '498', '1', '9', '7', '6', '4', '3', '0');
insert into EndScores (end_id, range_score_id, end_number, score_arrow1, score_arrow2, score_arrow3, score_arrow4, score_arrow5, score_arrow6) values ('2984', '498', '2', '7', '4', '3', '3', '2', '1');
insert into EndScores (end_id, range_score_id, end_number, score_arrow1, score_arrow2, score_arrow3, score_arrow4, score_arrow5, score_arrow6) values ('2985', '498', '3', '8', '7', '7', '4', '0', '0');
insert into EndScores (end_id, range_score_id, end_number, score_arrow1, score_arrow2, score_arrow3, score_arrow4, score_arrow5, score_arrow6) values ('2986', '498', '4', '9', '7', '5', '2', '0', '0');
insert into EndScores (end_id, range_score_id, end_number, score_arrow1, score_arrow2, score_arrow3, score_arrow4, score_arrow5, score_arrow6) values ('2987', '498', '5', '9', '9', '4', '4', '2', '1');
insert into EndScores (end_id, range_score_id, end_number, score_arrow1, score_arrow2, score_arrow3, score_arrow4, score_arrow5, score_arrow6) values ('2988', '498', '6', '9', '8', '6', '2', '0', '0');
insert into RangeScores (range_score_id, round_score_id, round_range_id) values ('499', '125', '7');
insert into EndScores (end_id, range_score_id, end_number, score_arrow1, score_arrow2, score_arrow3, score_arrow4, score_arrow5, score_arrow6) values ('2989', '499', '1', '8', '8', '4', '2', '2', '1');
insert into EndScores (end_id, range_score_id, end_number, score_arrow1, score_arrow2, score_arrow3, score_arrow4, score_arrow5, score_arrow6) values ('2990', '499', '2', '8', '7', '6', '6', '5', '4');
insert into EndScores (end_id, range_score_id, end_number, score_arrow1, score_arrow2, score_arrow3, score_arrow4, score_arrow5, score_arrow6) values ('2991', '499', '3', '9', '7', '2', '2', '1', '0');
insert into EndScores (end_id, range_score_id, end_number, score_arrow1, score_arrow2, score_arrow3, score_arrow4, score_arrow5, score_arrow6) values ('2992', '499', '4', '8', '6', '6', '6', '4', '4');
insert into EndScores (end_id, range_score_id, end_number, score_arrow1, score_arrow2, score_arrow3, score_arrow4, score_arrow5, score_arrow6) values ('2993', '499', '5', '8', '7', '7', '6', '5', '0');
insert into EndScores (end_id, range_score_id, end_number, score_arrow1, score_arrow2, score_arrow3, score_arrow4, score_arrow5, score_arrow6) values ('2994', '499', '6', '9', '7', '6', '5', '4', '0');
insert into RangeScores (range_score_id, round_score_id, round_range_id) values ('500', '125', '8');
insert into EndScores (end_id, range_score_id, end_number, score_arrow1, score_arrow2, score_arrow3, score_arrow4, score_arrow5, score_arrow6) values ('2995', '500', '1', '9', '5', '5', '3', '2', '1');
insert into EndScores (end_id, range_score_id, end_number, score_arrow1, score_arrow2, score_arrow3, score_arrow4, score_arrow5, score_arrow6) values ('2996', '500', '2', '7', '7', '5', '5', '3', '1');
insert into EndScores (end_id, range_score_id, end_number, score_arrow1, score_arrow2, score_arrow3, score_arrow4, score_arrow5, score_arrow6) values ('2997', '500', '3', '8', '7', '6', '5', '0', '0');
insert into EndScores (end_id, range_score_id, end_number, score_arrow1, score_arrow2, score_arrow3, score_arrow4, score_arrow5, score_arrow6) values ('2998', '500', '4', '8', '7', '3', '3', '2', '0');
insert into EndScores (end_id, range_score_id, end_number, score_arrow1, score_arrow2, score_arrow3, score_arrow4, score_arrow5, score_arrow6) values ('2999', '500', '5', '9', '8', '6', '5', '3', '3');
insert into EndScores (end_id, range_score_id, end_number, score_arrow1, score_arrow2, score_arrow3, score_arrow4, score_arrow5, score_arrow6) values ('3000', '500', '6', '7', '5', '2', '2', '0', '0');
insert into CompetitionEnrolments (archer_id, competition_id) values ('128', '28');
insert into RoundScores (round_score_id, archer_id, competition_id, round_score_date_time, equipment_id, round_def_id, total_score, category_id) values ('126', '128', '28', '2023-04-23 15:34:56.822', 'L', '4', '673', '28');
insert into RangeScores (range_score_id, round_score_id, round_range_id) values ('501', '126', '13');
insert into EndScores (end_id, range_score_id, end_number, score_arrow1, score_arrow2, score_arrow3, score_arrow4, score_arrow5, score_arrow6) values ('3001', '501', '1', '9', '8', '8', '8', '5', '3');
insert into EndScores (end_id, range_score_id, end_number, score_arrow1, score_arrow2, score_arrow3, score_arrow4, score_arrow5, score_arrow6) values ('3002', '501', '2', '8', '7', '6', '5', '4', '3');
insert into EndScores (end_id, range_score_id, end_number, score_arrow1, score_arrow2, score_arrow3, score_arrow4, score_arrow5, score_arrow6) values ('3003', '501', '3', '9', '7', '5', '5', '3', '3');
insert into EndScores (end_id, range_score_id, end_number, score_arrow1, score_arrow2, score_arrow3, score_arrow4, score_arrow5, score_arrow6) values ('3004', '501', '4', '9', '8', '5', '5', '5', '4');
insert into EndScores (end_id, range_score_id, end_number, score_arrow1, score_arrow2, score_arrow3, score_arrow4, score_arrow5, score_arrow6) values ('3005', '501', '5', '9', '8', '5', '4', '1', '1');
insert into EndScores (end_id, range_score_id, end_number, score_arrow1, score_arrow2, score_arrow3, score_arrow4, score_arrow5, score_arrow6) values ('3006', '501', '6', '9', '8', '6', '4', '4', '2');
insert into RangeScores (range_score_id, round_score_id, round_range_id) values ('502', '126', '14');
insert into EndScores (end_id, range_score_id, end_number, score_arrow1, score_arrow2, score_arrow3, score_arrow4, score_arrow5, score_arrow6) values ('3007', '502', '1', '9', '7', '4', '4', '2', '1');
insert into EndScores (end_id, range_score_id, end_number, score_arrow1, score_arrow2, score_arrow3, score_arrow4, score_arrow5, score_arrow6) values ('3008', '502', '2', '8', '7', '6', '3', '1', '0');
insert into EndScores (end_id, range_score_id, end_number, score_arrow1, score_arrow2, score_arrow3, score_arrow4, score_arrow5, score_arrow6) values ('3009', '502', '3', '8', '8', '6', '6', '5', '3');
insert into EndScores (end_id, range_score_id, end_number, score_arrow1, score_arrow2, score_arrow3, score_arrow4, score_arrow5, score_arrow6) values ('3010', '502', '4', '9', '5', '2', '2', '0', '0');
insert into EndScores (end_id, range_score_id, end_number, score_arrow1, score_arrow2, score_arrow3, score_arrow4, score_arrow5, score_arrow6) values ('3011', '502', '5', '9', '6', '6', '6', '1', '1');
insert into EndScores (end_id, range_score_id, end_number, score_arrow1, score_arrow2, score_arrow3, score_arrow4, score_arrow5, score_arrow6) values ('3012', '502', '6', '8', '8', '8', '1', '1', '0');
insert into RangeScores (range_score_id, round_score_id, round_range_id) values ('503', '126', '15');
insert into EndScores (end_id, range_score_id, end_number, score_arrow1, score_arrow2, score_arrow3, score_arrow4, score_arrow5, score_arrow6) values ('3013', '503', '1', '9', '8', '7', '6', '2', '0');
insert into EndScores (end_id, range_score_id, end_number, score_arrow1, score_arrow2, score_arrow3, score_arrow4, score_arrow5, score_arrow6) values ('3014', '503', '2', '9', '4', '1', '1', '1', '1');
insert into EndScores (end_id, range_score_id, end_number, score_arrow1, score_arrow2, score_arrow3, score_arrow4, score_arrow5, score_arrow6) values ('3015', '503', '3', '7', '5', '4', '4', '2', '1');
insert into EndScores (end_id, range_score_id, end_number, score_arrow1, score_arrow2, score_arrow3, score_arrow4, score_arrow5, score_arrow6) values ('3016', '503', '4', '7', '7', '3', '3', '1', '0');
insert into EndScores (end_id, range_score_id, end_number, score_arrow1, score_arrow2, score_arrow3, score_arrow4, score_arrow5, score_arrow6) values ('3017', '503', '5', '9', '9', '9', '8', '8', '1');
insert into EndScores (end_id, range_score_id, end_number, score_arrow1, score_arrow2, score_arrow3, score_arrow4, score_arrow5, score_arrow6) values ('3018', '503', '6', '8', '6', '1', '1', '0', '0');
insert into RangeScores (range_score_id, round_score_id, round_range_id) values ('504', '126', '16');
insert into EndScores (end_id, range_score_id, end_number, score_arrow1, score_arrow2, score_arrow3, score_arrow4, score_arrow5, score_arrow6) values ('3019', '504', '1', '9', '6', '6', '4', '1', '0');
insert into EndScores (end_id, range_score_id, end_number, score_arrow1, score_arrow2, score_arrow3, score_arrow4, score_arrow5, score_arrow6) values ('3020', '504', '2', '9', '8', '7', '5', '4', '4');
insert into EndScores (end_id, range_score_id, end_number, score_arrow1, score_arrow2, score_arrow3, score_arrow4, score_arrow5, score_arrow6) values ('3021', '504', '3', '8', '5', '4', '4', '4', '1');
insert into EndScores (end_id, range_score_id, end_number, score_arrow1, score_arrow2, score_arrow3, score_arrow4, score_arrow5, score_arrow6) values ('3022', '504', '4', '6', '6', '5', '5', '4', '0');
insert into EndScores (end_id, range_score_id, end_number, score_arrow1, score_arrow2, score_arrow3, score_arrow4, score_arrow5, score_arrow6) values ('3023', '504', '5', '4', '4', '1', '1', '0', '0');
insert into EndScores (end_id, range_score_id, end_number, score_arrow1, score_arrow2, score_arrow3, score_arrow4, score_arrow5, score_arrow6) values ('3024', '504', '6', '8', '6', '6', '6', '5', '0');
insert into CompetitionEnrolments (archer_id, competition_id) values ('129', '30');
insert into RoundScores (round_score_id, archer_id, competition_id, round_score_date_time, equipment_id, round_def_id, total_score, category_id) values ('127', '129', '30', '2023-04-23 13:52:2.440', 'C', '4', '619', '30');
insert into RangeScores (range_score_id, round_score_id, round_range_id) values ('505', '127', '13');
insert into EndScores (end_id, range_score_id, end_number, score_arrow1, score_arrow2, score_arrow3, score_arrow4, score_arrow5, score_arrow6) values ('3025', '505', '1', '8', '4', '4', '4', '0', '0');
insert into EndScores (end_id, range_score_id, end_number, score_arrow1, score_arrow2, score_arrow3, score_arrow4, score_arrow5, score_arrow6) values ('3026', '505', '2', '9', '6', '6', '5', '2', '1');
insert into EndScores (end_id, range_score_id, end_number, score_arrow1, score_arrow2, score_arrow3, score_arrow4, score_arrow5, score_arrow6) values ('3027', '505', '3', '7', '6', '4', '1', '0', '0');
insert into EndScores (end_id, range_score_id, end_number, score_arrow1, score_arrow2, score_arrow3, score_arrow4, score_arrow5, score_arrow6) values ('3028', '505', '4', '8', '7', '7', '6', '6', '2');
insert into EndScores (end_id, range_score_id, end_number, score_arrow1, score_arrow2, score_arrow3, score_arrow4, score_arrow5, score_arrow6) values ('3029', '505', '5', '9', '8', '6', '1', '1', '0');
insert into EndScores (end_id, range_score_id, end_number, score_arrow1, score_arrow2, score_arrow3, score_arrow4, score_arrow5, score_arrow6) values ('3030', '505', '6', '7', '6', '5', '5', '4', '3');
insert into RangeScores (range_score_id, round_score_id, round_range_id) values ('506', '127', '14');
insert into EndScores (end_id, range_score_id, end_number, score_arrow1, score_arrow2, score_arrow3, score_arrow4, score_arrow5, score_arrow6) values ('3031', '506', '1', '8', '6', '3', '3', '1', '0');
insert into EndScores (end_id, range_score_id, end_number, score_arrow1, score_arrow2, score_arrow3, score_arrow4, score_arrow5, score_arrow6) values ('3032', '506', '2', '9', '9', '6', '5', '4', '0');
insert into EndScores (end_id, range_score_id, end_number, score_arrow1, score_arrow2, score_arrow3, score_arrow4, score_arrow5, score_arrow6) values ('3033', '506', '3', '6', '6', '4', '3', '2', '2');
insert into EndScores (end_id, range_score_id, end_number, score_arrow1, score_arrow2, score_arrow3, score_arrow4, score_arrow5, score_arrow6) values ('3034', '506', '4', '9', '9', '6', '4', '3', '2');
insert into EndScores (end_id, range_score_id, end_number, score_arrow1, score_arrow2, score_arrow3, score_arrow4, score_arrow5, score_arrow6) values ('3035', '506', '5', '8', '7', '7', '6', '2', '0');
insert into EndScores (end_id, range_score_id, end_number, score_arrow1, score_arrow2, score_arrow3, score_arrow4, score_arrow5, score_arrow6) values ('3036', '506', '6', '8', '6', '6', '6', '1', '1');
insert into RangeScores (range_score_id, round_score_id, round_range_id) values ('507', '127', '15');
insert into EndScores (end_id, range_score_id, end_number, score_arrow1, score_arrow2, score_arrow3, score_arrow4, score_arrow5, score_arrow6) values ('3037', '507', '1', '8', '8', '5', '5', '2', '1');
insert into EndScores (end_id, range_score_id, end_number, score_arrow1, score_arrow2, score_arrow3, score_arrow4, score_arrow5, score_arrow6) values ('3038', '507', '2', '9', '7', '4', '4', '3', '0');
insert into EndScores (end_id, range_score_id, end_number, score_arrow1, score_arrow2, score_arrow3, score_arrow4, score_arrow5, score_arrow6) values ('3039', '507', '3', '7', '5', '4', '3', '3', '1');
insert into EndScores (end_id, range_score_id, end_number, score_arrow1, score_arrow2, score_arrow3, score_arrow4, score_arrow5, score_arrow6) values ('3040', '507', '4', '7', '5', '5', '4', '2', '1');
insert into EndScores (end_id, range_score_id, end_number, score_arrow1, score_arrow2, score_arrow3, score_arrow4, score_arrow5, score_arrow6) values ('3041', '507', '5', '8', '5', '3', '2', '2', '0');
insert into EndScores (end_id, range_score_id, end_number, score_arrow1, score_arrow2, score_arrow3, score_arrow4, score_arrow5, score_arrow6) values ('3042', '507', '6', '7', '6', '6', '5', '3', '2');
insert into RangeScores (range_score_id, round_score_id, round_range_id) values ('508', '127', '16');
insert into EndScores (end_id, range_score_id, end_number, score_arrow1, score_arrow2, score_arrow3, score_arrow4, score_arrow5, score_arrow6) values ('3043', '508', '1', '9', '8', '4', '1', '0', '0');
insert into EndScores (end_id, range_score_id, end_number, score_arrow1, score_arrow2, score_arrow3, score_arrow4, score_arrow5, score_arrow6) values ('3044', '508', '2', '8', '6', '5', '3', '2', '0');
insert into EndScores (end_id, range_score_id, end_number, score_arrow1, score_arrow2, score_arrow3, score_arrow4, score_arrow5, score_arrow6) values ('3045', '508', '3', '9', '7', '7', '3', '1', '0');
insert into EndScores (end_id, range_score_id, end_number, score_arrow1, score_arrow2, score_arrow3, score_arrow4, score_arrow5, score_arrow6) values ('3046', '508', '4', '8', '7', '4', '0', '0', '0');
insert into EndScores (end_id, range_score_id, end_number, score_arrow1, score_arrow2, score_arrow3, score_arrow4, score_arrow5, score_arrow6) values ('3047', '508', '5', '8', '7', '7', '6', '2', '1');
insert into EndScores (end_id, range_score_id, end_number, score_arrow1, score_arrow2, score_arrow3, score_arrow4, score_arrow5, score_arrow6) values ('3048', '508', '6', '6', '4', '3', '2', '2', '1');
insert into CompetitionEnrolments (archer_id, competition_id) values ('130', '7');
insert into RoundScores (round_score_id, archer_id, competition_id, round_score_date_time, equipment_id, round_def_id, total_score, category_id) values ('128', '130', '7', '2023-04-23 16:4:8.772', 'B', '3', '625', '7');
insert into RangeScores (range_score_id, round_score_id, round_range_id) values ('509', '128', '9');
insert into EndScores (end_id, range_score_id, end_number, score_arrow1, score_arrow2, score_arrow3, score_arrow4, score_arrow5, score_arrow6) values ('3049', '509', '1', '9', '4', '2', '2', '1', '0');
insert into EndScores (end_id, range_score_id, end_number, score_arrow1, score_arrow2, score_arrow3, score_arrow4, score_arrow5, score_arrow6) values ('3050', '509', '2', '7', '4', '2', '2', '1', '0');
insert into EndScores (end_id, range_score_id, end_number, score_arrow1, score_arrow2, score_arrow3, score_arrow4, score_arrow5, score_arrow6) values ('3051', '509', '3', '7', '4', '4', '2', '2', '2');
insert into EndScores (end_id, range_score_id, end_number, score_arrow1, score_arrow2, score_arrow3, score_arrow4, score_arrow5, score_arrow6) values ('3052', '509', '4', '3', '3', '2', '2', '2', '0');
insert into EndScores (end_id, range_score_id, end_number, score_arrow1, score_arrow2, score_arrow3, score_arrow4, score_arrow5, score_arrow6) values ('3053', '509', '5', '8', '4', '3', '1', '0', '0');
insert into EndScores (end_id, range_score_id, end_number, score_arrow1, score_arrow2, score_arrow3, score_arrow4, score_arrow5, score_arrow6) values ('3054', '509', '6', '6', '5', '3', '1', '1', '0');
insert into RangeScores (range_score_id, round_score_id, round_range_id) values ('510', '128', '10');
insert into EndScores (end_id, range_score_id, end_number, score_arrow1, score_arrow2, score_arrow3, score_arrow4, score_arrow5, score_arrow6) values ('3055', '510', '1', '8', '7', '4', '3', '2', '1');
insert into EndScores (end_id, range_score_id, end_number, score_arrow1, score_arrow2, score_arrow3, score_arrow4, score_arrow5, score_arrow6) values ('3056', '510', '2', '8', '8', '7', '6', '4', '4');
insert into EndScores (end_id, range_score_id, end_number, score_arrow1, score_arrow2, score_arrow3, score_arrow4, score_arrow5, score_arrow6) values ('3057', '510', '3', '7', '7', '5', '4', '4', '2');
insert into EndScores (end_id, range_score_id, end_number, score_arrow1, score_arrow2, score_arrow3, score_arrow4, score_arrow5, score_arrow6) values ('3058', '510', '4', '8', '3', '3', '3', '3', '0');
insert into EndScores (end_id, range_score_id, end_number, score_arrow1, score_arrow2, score_arrow3, score_arrow4, score_arrow5, score_arrow6) values ('3059', '510', '5', '9', '7', '5', '1', '0', '0');
insert into EndScores (end_id, range_score_id, end_number, score_arrow1, score_arrow2, score_arrow3, score_arrow4, score_arrow5, score_arrow6) values ('3060', '510', '6', '9', '7', '4', '3', '3', '1');
insert into RangeScores (range_score_id, round_score_id, round_range_id) values ('511', '128', '11');
insert into EndScores (end_id, range_score_id, end_number, score_arrow1, score_arrow2, score_arrow3, score_arrow4, score_arrow5, score_arrow6) values ('3061', '511', '1', '9', '9', '8', '8', '2', '0');
insert into EndScores (end_id, range_score_id, end_number, score_arrow1, score_arrow2, score_arrow3, score_arrow4, score_arrow5, score_arrow6) values ('3062', '511', '2', '7', '4', '3', '1', '1', '0');
insert into EndScores (end_id, range_score_id, end_number, score_arrow1, score_arrow2, score_arrow3, score_arrow4, score_arrow5, score_arrow6) values ('3063', '511', '3', '9', '9', '7', '7', '5', '0');
insert into EndScores (end_id, range_score_id, end_number, score_arrow1, score_arrow2, score_arrow3, score_arrow4, score_arrow5, score_arrow6) values ('3064', '511', '4', '7', '7', '3', '3', '2', '2');
insert into EndScores (end_id, range_score_id, end_number, score_arrow1, score_arrow2, score_arrow3, score_arrow4, score_arrow5, score_arrow6) values ('3065', '511', '5', '5', '5', '4', '3', '1', '0');
insert into EndScores (end_id, range_score_id, end_number, score_arrow1, score_arrow2, score_arrow3, score_arrow4, score_arrow5, score_arrow6) values ('3066', '511', '6', '8', '7', '7', '6', '3', '2');
insert into RangeScores (range_score_id, round_score_id, round_range_id) values ('512', '128', '12');
insert into EndScores (end_id, range_score_id, end_number, score_arrow1, score_arrow2, score_arrow3, score_arrow4, score_arrow5, score_arrow6) values ('3067', '512', '1', '9', '8', '7', '6', '5', '2');
insert into EndScores (end_id, range_score_id, end_number, score_arrow1, score_arrow2, score_arrow3, score_arrow4, score_arrow5, score_arrow6) values ('3068', '512', '2', '9', '7', '6', '6', '4', '3');
insert into EndScores (end_id, range_score_id, end_number, score_arrow1, score_arrow2, score_arrow3, score_arrow4, score_arrow5, score_arrow6) values ('3069', '512', '3', '9', '9', '7', '4', '3', '1');
insert into EndScores (end_id, range_score_id, end_number, score_arrow1, score_arrow2, score_arrow3, score_arrow4, score_arrow5, score_arrow6) values ('3070', '512', '4', '8', '8', '5', '4', '3', '3');
insert into EndScores (end_id, range_score_id, end_number, score_arrow1, score_arrow2, score_arrow3, score_arrow4, score_arrow5, score_arrow6) values ('3071', '512', '5', '8', '7', '6', '5', '4', '3');
insert into EndScores (end_id, range_score_id, end_number, score_arrow1, score_arrow2, score_arrow3, score_arrow4, score_arrow5, score_arrow6) values ('3072', '512', '6', '9', '8', '8', '7', '1', '0');
insert into CompetitionEnrolments (archer_id, competition_id) values ('131', '8');
insert into RoundScores (round_score_id, archer_id, competition_id, round_score_date_time, equipment_id, round_def_id, total_score, category_id) values ('129', '131', '8', '2023-04-23 18:50:30.808', 'L', '4', '620', '8');
insert into RangeScores (range_score_id, round_score_id, round_range_id) values ('513', '129', '13');
insert into EndScores (end_id, range_score_id, end_number, score_arrow1, score_arrow2, score_arrow3, score_arrow4, score_arrow5, score_arrow6) values ('3073', '513', '1', '6', '6', '4', '4', '2', '0');
insert into EndScores (end_id, range_score_id, end_number, score_arrow1, score_arrow2, score_arrow3, score_arrow4, score_arrow5, score_arrow6) values ('3074', '513', '2', '9', '9', '7', '6', '5', '2');
insert into EndScores (end_id, range_score_id, end_number, score_arrow1, score_arrow2, score_arrow3, score_arrow4, score_arrow5, score_arrow6) values ('3075', '513', '3', '9', '5', '4', '4', '1', '1');
insert into EndScores (end_id, range_score_id, end_number, score_arrow1, score_arrow2, score_arrow3, score_arrow4, score_arrow5, score_arrow6) values ('3076', '513', '4', '8', '8', '6', '5', '3', '1');
insert into EndScores (end_id, range_score_id, end_number, score_arrow1, score_arrow2, score_arrow3, score_arrow4, score_arrow5, score_arrow6) values ('3077', '513', '5', '9', '8', '8', '6', '5', '1');
insert into EndScores (end_id, range_score_id, end_number, score_arrow1, score_arrow2, score_arrow3, score_arrow4, score_arrow5, score_arrow6) values ('3078', '513', '6', '7', '7', '7', '6', '4', '1');
insert into RangeScores (range_score_id, round_score_id, round_range_id) values ('514', '129', '14');
insert into EndScores (end_id, range_score_id, end_number, score_arrow1, score_arrow2, score_arrow3, score_arrow4, score_arrow5, score_arrow6) values ('3079', '514', '1', '6', '2', '2', '1', '1', '0');
insert into EndScores (end_id, range_score_id, end_number, score_arrow1, score_arrow2, score_arrow3, score_arrow4, score_arrow5, score_arrow6) values ('3080', '514', '2', '8', '5', '3', '1', '0', '0');
insert into EndScores (end_id, range_score_id, end_number, score_arrow1, score_arrow2, score_arrow3, score_arrow4, score_arrow5, score_arrow6) values ('3081', '514', '3', '9', '6', '3', '3', '1', '0');
insert into EndScores (end_id, range_score_id, end_number, score_arrow1, score_arrow2, score_arrow3, score_arrow4, score_arrow5, score_arrow6) values ('3082', '514', '4', '9', '8', '6', '5', '3', '0');
insert into EndScores (end_id, range_score_id, end_number, score_arrow1, score_arrow2, score_arrow3, score_arrow4, score_arrow5, score_arrow6) values ('3083', '514', '5', '5', '4', '4', '3', '1', '0');
insert into EndScores (end_id, range_score_id, end_number, score_arrow1, score_arrow2, score_arrow3, score_arrow4, score_arrow5, score_arrow6) values ('3084', '514', '6', '6', '5', '3', '3', '3', '1');
insert into RangeScores (range_score_id, round_score_id, round_range_id) values ('515', '129', '15');
insert into EndScores (end_id, range_score_id, end_number, score_arrow1, score_arrow2, score_arrow3, score_arrow4, score_arrow5, score_arrow6) values ('3085', '515', '1', '9', '8', '5', '3', '2', '1');
insert into EndScores (end_id, range_score_id, end_number, score_arrow1, score_arrow2, score_arrow3, score_arrow4, score_arrow5, score_arrow6) values ('3086', '515', '2', '7', '5', '5', '5', '3', '3');
insert into EndScores (end_id, range_score_id, end_number, score_arrow1, score_arrow2, score_arrow3, score_arrow4, score_arrow5, score_arrow6) values ('3087', '515', '3', '6', '4', '2', '1', '1', '1');
insert into EndScores (end_id, range_score_id, end_number, score_arrow1, score_arrow2, score_arrow3, score_arrow4, score_arrow5, score_arrow6) values ('3088', '515', '4', '9', '8', '8', '7', '7', '7');
insert into EndScores (end_id, range_score_id, end_number, score_arrow1, score_arrow2, score_arrow3, score_arrow4, score_arrow5, score_arrow6) values ('3089', '515', '5', '7', '7', '5', '3', '2', '0');
insert into EndScores (end_id, range_score_id, end_number, score_arrow1, score_arrow2, score_arrow3, score_arrow4, score_arrow5, score_arrow6) values ('3090', '515', '6', '7', '6', '5', '4', '0', '0');
insert into RangeScores (range_score_id, round_score_id, round_range_id) values ('516', '129', '16');
insert into EndScores (end_id, range_score_id, end_number, score_arrow1, score_arrow2, score_arrow3, score_arrow4, score_arrow5, score_arrow6) values ('3091', '516', '1', '8', '7', '4', '3', '2', '1');
insert into EndScores (end_id, range_score_id, end_number, score_arrow1, score_arrow2, score_arrow3, score_arrow4, score_arrow5, score_arrow6) values ('3092', '516', '2', '9', '7', '4', '4', '3', '2');
insert into EndScores (end_id, range_score_id, end_number, score_arrow1, score_arrow2, score_arrow3, score_arrow4, score_arrow5, score_arrow6) values ('3093', '516', '3', '6', '6', '6', '4', '3', '2');
insert into EndScores (end_id, range_score_id, end_number, score_arrow1, score_arrow2, score_arrow3, score_arrow4, score_arrow5, score_arrow6) values ('3094', '516', '4', '4', '2', '2', '2', '1', '0');
insert into EndScores (end_id, range_score_id, end_number, score_arrow1, score_arrow2, score_arrow3, score_arrow4, score_arrow5, score_arrow6) values ('3095', '516', '5', '9', '9', '8', '2', '0', '0');
insert into EndScores (end_id, range_score_id, end_number, score_arrow1, score_arrow2, score_arrow3, score_arrow4, score_arrow5, score_arrow6) values ('3096', '516', '6', '8', '8', '8', '4', '4', '1');
insert into CompetitionEnrolments (archer_id, competition_id) values ('132', '15');
insert into RoundScores (round_score_id, archer_id, competition_id, round_score_date_time, equipment_id, round_def_id, total_score, category_id) values ('130', '132', '15', '2023-04-23 13:52:7.47', 'B', '3', '604', '15');
insert into RangeScores (range_score_id, round_score_id, round_range_id) values ('517', '130', '9');
insert into EndScores (end_id, range_score_id, end_number, score_arrow1, score_arrow2, score_arrow3, score_arrow4, score_arrow5, score_arrow6) values ('3097', '517', '1', '8', '7', '3', '1', '0', '0');
insert into EndScores (end_id, range_score_id, end_number, score_arrow1, score_arrow2, score_arrow3, score_arrow4, score_arrow5, score_arrow6) values ('3098', '517', '2', '6', '5', '5', '4', '2', '1');
insert into EndScores (end_id, range_score_id, end_number, score_arrow1, score_arrow2, score_arrow3, score_arrow4, score_arrow5, score_arrow6) values ('3099', '517', '3', '9', '9', '7', '4', '3', '2');
insert into EndScores (end_id, range_score_id, end_number, score_arrow1, score_arrow2, score_arrow3, score_arrow4, score_arrow5, score_arrow6) values ('3100', '517', '4', '8', '7', '6', '4', '2', '0');
insert into EndScores (end_id, range_score_id, end_number, score_arrow1, score_arrow2, score_arrow3, score_arrow4, score_arrow5, score_arrow6) values ('3101', '517', '5', '7', '6', '5', '1', '0', '0');
insert into EndScores (end_id, range_score_id, end_number, score_arrow1, score_arrow2, score_arrow3, score_arrow4, score_arrow5, score_arrow6) values ('3102', '517', '6', '8', '8', '6', '3', '3', '1');
insert into RangeScores (range_score_id, round_score_id, round_range_id) values ('518', '130', '10');
insert into EndScores (end_id, range_score_id, end_number, score_arrow1, score_arrow2, score_arrow3, score_arrow4, score_arrow5, score_arrow6) values ('3103', '518', '1', '7', '6', '2', '1', '1', '1');
insert into EndScores (end_id, range_score_id, end_number, score_arrow1, score_arrow2, score_arrow3, score_arrow4, score_arrow5, score_arrow6) values ('3104', '518', '2', '7', '6', '6', '0', '0', '0');
insert into EndScores (end_id, range_score_id, end_number, score_arrow1, score_arrow2, score_arrow3, score_arrow4, score_arrow5, score_arrow6) values ('3105', '518', '3', '8', '7', '5', '4', '1', '0');
insert into EndScores (end_id, range_score_id, end_number, score_arrow1, score_arrow2, score_arrow3, score_arrow4, score_arrow5, score_arrow6) values ('3106', '518', '4', '8', '8', '5', '5', '2', '0');
insert into EndScores (end_id, range_score_id, end_number, score_arrow1, score_arrow2, score_arrow3, score_arrow4, score_arrow5, score_arrow6) values ('3107', '518', '5', '9', '8', '5', '4', '1', '0');
insert into EndScores (end_id, range_score_id, end_number, score_arrow1, score_arrow2, score_arrow3, score_arrow4, score_arrow5, score_arrow6) values ('3108', '518', '6', '7', '6', '5', '4', '4', '3');
insert into RangeScores (range_score_id, round_score_id, round_range_id) values ('519', '130', '11');
insert into EndScores (end_id, range_score_id, end_number, score_arrow1, score_arrow2, score_arrow3, score_arrow4, score_arrow5, score_arrow6) values ('3109', '519', '1', '9', '7', '6', '4', '2', '0');
insert into EndScores (end_id, range_score_id, end_number, score_arrow1, score_arrow2, score_arrow3, score_arrow4, score_arrow5, score_arrow6) values ('3110', '519', '2', '7', '6', '4', '4', '2', '0');
insert into EndScores (end_id, range_score_id, end_number, score_arrow1, score_arrow2, score_arrow3, score_arrow4, score_arrow5, score_arrow6) values ('3111', '519', '3', '7', '7', '6', '6', '2', '2');
insert into EndScores (end_id, range_score_id, end_number, score_arrow1, score_arrow2, score_arrow3, score_arrow4, score_arrow5, score_arrow6) values ('3112', '519', '4', '9', '5', '3', '3', '3', '1');
insert into EndScores (end_id, range_score_id, end_number, score_arrow1, score_arrow2, score_arrow3, score_arrow4, score_arrow5, score_arrow6) values ('3113', '519', '5', '8', '6', '5', '5', '4', '0');
insert into EndScores (end_id, range_score_id, end_number, score_arrow1, score_arrow2, score_arrow3, score_arrow4, score_arrow5, score_arrow6) values ('3114', '519', '6', '8', '7', '4', '4', '2', '2');
insert into RangeScores (range_score_id, round_score_id, round_range_id) values ('520', '130', '12');
insert into EndScores (end_id, range_score_id, end_number, score_arrow1, score_arrow2, score_arrow3, score_arrow4, score_arrow5, score_arrow6) values ('3115', '520', '1', '8', '8', '4', '4', '0', '0');
insert into EndScores (end_id, range_score_id, end_number, score_arrow1, score_arrow2, score_arrow3, score_arrow4, score_arrow5, score_arrow6) values ('3116', '520', '2', '8', '7', '5', '5', '4', '3');
insert into EndScores (end_id, range_score_id, end_number, score_arrow1, score_arrow2, score_arrow3, score_arrow4, score_arrow5, score_arrow6) values ('3117', '520', '3', '7', '7', '5', '4', '2', '0');
insert into EndScores (end_id, range_score_id, end_number, score_arrow1, score_arrow2, score_arrow3, score_arrow4, score_arrow5, score_arrow6) values ('3118', '520', '4', '6', '6', '6', '3', '1', '0');
insert into EndScores (end_id, range_score_id, end_number, score_arrow1, score_arrow2, score_arrow3, score_arrow4, score_arrow5, score_arrow6) values ('3119', '520', '5', '5', '5', '4', '3', '1', '0');
insert into EndScores (end_id, range_score_id, end_number, score_arrow1, score_arrow2, score_arrow3, score_arrow4, score_arrow5, score_arrow6) values ('3120', '520', '6', '8', '7', '5', '3', '3', '0');
insert into CompetitionEnrolments (archer_id, competition_id) values ('133', '32');
insert into RoundScores (round_score_id, archer_id, competition_id, round_score_date_time, equipment_id, round_def_id, total_score, category_id) values ('131', '133', '32', '2023-04-23 11:16:0.600', 'L', '4', '661', '32');
insert into RangeScores (range_score_id, round_score_id, round_range_id) values ('521', '131', '13');
insert into EndScores (end_id, range_score_id, end_number, score_arrow1, score_arrow2, score_arrow3, score_arrow4, score_arrow5, score_arrow6) values ('3121', '521', '1', '6', '6', '5', '3', '1', '0');
insert into EndScores (end_id, range_score_id, end_number, score_arrow1, score_arrow2, score_arrow3, score_arrow4, score_arrow5, score_arrow6) values ('3122', '521', '2', '9', '9', '5', '4', '4', '1');
insert into EndScores (end_id, range_score_id, end_number, score_arrow1, score_arrow2, score_arrow3, score_arrow4, score_arrow5, score_arrow6) values ('3123', '521', '3', '9', '8', '6', '3', '2', '0');
insert into EndScores (end_id, range_score_id, end_number, score_arrow1, score_arrow2, score_arrow3, score_arrow4, score_arrow5, score_arrow6) values ('3124', '521', '4', '8', '7', '6', '6', '4', '2');
insert into EndScores (end_id, range_score_id, end_number, score_arrow1, score_arrow2, score_arrow3, score_arrow4, score_arrow5, score_arrow6) values ('3125', '521', '5', '9', '8', '7', '7', '1', '0');
insert into EndScores (end_id, range_score_id, end_number, score_arrow1, score_arrow2, score_arrow3, score_arrow4, score_arrow5, score_arrow6) values ('3126', '521', '6', '7', '5', '5', '4', '4', '0');
insert into RangeScores (range_score_id, round_score_id, round_range_id) values ('522', '131', '14');
insert into EndScores (end_id, range_score_id, end_number, score_arrow1, score_arrow2, score_arrow3, score_arrow4, score_arrow5, score_arrow6) values ('3127', '522', '1', '9', '8', '3', '2', '2', '0');
insert into EndScores (end_id, range_score_id, end_number, score_arrow1, score_arrow2, score_arrow3, score_arrow4, score_arrow5, score_arrow6) values ('3128', '522', '2', '9', '9', '8', '7', '4', '3');
insert into EndScores (end_id, range_score_id, end_number, score_arrow1, score_arrow2, score_arrow3, score_arrow4, score_arrow5, score_arrow6) values ('3129', '522', '3', '7', '6', '3', '2', '1', '0');
insert into EndScores (end_id, range_score_id, end_number, score_arrow1, score_arrow2, score_arrow3, score_arrow4, score_arrow5, score_arrow6) values ('3130', '522', '4', '7', '4', '2', '2', '2', '0');
insert into EndScores (end_id, range_score_id, end_number, score_arrow1, score_arrow2, score_arrow3, score_arrow4, score_arrow5, score_arrow6) values ('3131', '522', '5', '9', '4', '2', '1', '0', '0');
insert into EndScores (end_id, range_score_id, end_number, score_arrow1, score_arrow2, score_arrow3, score_arrow4, score_arrow5, score_arrow6) values ('3132', '522', '6', '8', '8', '7', '2', '2', '1');
insert into RangeScores (range_score_id, round_score_id, round_range_id) values ('523', '131', '15');
insert into EndScores (end_id, range_score_id, end_number, score_arrow1, score_arrow2, score_arrow3, score_arrow4, score_arrow5, score_arrow6) values ('3133', '523', '1', '9', '9', '8', '5', '4', '2');
insert into EndScores (end_id, range_score_id, end_number, score_arrow1, score_arrow2, score_arrow3, score_arrow4, score_arrow5, score_arrow6) values ('3134', '523', '2', '6', '5', '5', '4', '2', '2');
insert into EndScores (end_id, range_score_id, end_number, score_arrow1, score_arrow2, score_arrow3, score_arrow4, score_arrow5, score_arrow6) values ('3135', '523', '3', '8', '8', '6', '6', '4', '2');
insert into EndScores (end_id, range_score_id, end_number, score_arrow1, score_arrow2, score_arrow3, score_arrow4, score_arrow5, score_arrow6) values ('3136', '523', '4', '9', '8', '7', '7', '6', '1');
insert into EndScores (end_id, range_score_id, end_number, score_arrow1, score_arrow2, score_arrow3, score_arrow4, score_arrow5, score_arrow6) values ('3137', '523', '5', '9', '7', '6', '3', '1', '0');
insert into EndScores (end_id, range_score_id, end_number, score_arrow1, score_arrow2, score_arrow3, score_arrow4, score_arrow5, score_arrow6) values ('3138', '523', '6', '8', '8', '4', '3', '2', '2');
insert into RangeScores (range_score_id, round_score_id, round_range_id) values ('524', '131', '16');
insert into EndScores (end_id, range_score_id, end_number, score_arrow1, score_arrow2, score_arrow3, score_arrow4, score_arrow5, score_arrow6) values ('3139', '524', '1', '9', '9', '8', '8', '7', '3');
insert into EndScores (end_id, range_score_id, end_number, score_arrow1, score_arrow2, score_arrow3, score_arrow4, score_arrow5, score_arrow6) values ('3140', '524', '2', '8', '7', '5', '5', '1', '0');
insert into EndScores (end_id, range_score_id, end_number, score_arrow1, score_arrow2, score_arrow3, score_arrow4, score_arrow5, score_arrow6) values ('3141', '524', '3', '7', '2', '2', '2', '1', '1');
insert into EndScores (end_id, range_score_id, end_number, score_arrow1, score_arrow2, score_arrow3, score_arrow4, score_arrow5, score_arrow6) values ('3142', '524', '4', '6', '4', '2', '2', '1', '0');
insert into EndScores (end_id, range_score_id, end_number, score_arrow1, score_arrow2, score_arrow3, score_arrow4, score_arrow5, score_arrow6) values ('3143', '524', '5', '9', '9', '6', '6', '4', '4');
insert into EndScores (end_id, range_score_id, end_number, score_arrow1, score_arrow2, score_arrow3, score_arrow4, score_arrow5, score_arrow6) values ('3144', '524', '6', '9', '7', '3', '1', '1', '1');
insert into CompetitionEnrolments (archer_id, competition_id) values ('134', '8');
insert into RoundScores (round_score_id, archer_id, competition_id, round_score_date_time, equipment_id, round_def_id, total_score, category_id) values ('132', '134', '8', '2023-04-23 14:4:45.893', 'L', '4', '637', '8');
insert into RangeScores (range_score_id, round_score_id, round_range_id) values ('525', '132', '13');
insert into EndScores (end_id, range_score_id, end_number, score_arrow1, score_arrow2, score_arrow3, score_arrow4, score_arrow5, score_arrow6) values ('3145', '525', '1', '9', '7', '6', '5', '5', '3');
insert into EndScores (end_id, range_score_id, end_number, score_arrow1, score_arrow2, score_arrow3, score_arrow4, score_arrow5, score_arrow6) values ('3146', '525', '2', '9', '8', '8', '6', '2', '0');
insert into EndScores (end_id, range_score_id, end_number, score_arrow1, score_arrow2, score_arrow3, score_arrow4, score_arrow5, score_arrow6) values ('3147', '525', '3', '9', '7', '3', '3', '0', '0');
insert into EndScores (end_id, range_score_id, end_number, score_arrow1, score_arrow2, score_arrow3, score_arrow4, score_arrow5, score_arrow6) values ('3148', '525', '4', '8', '7', '6', '3', '2', '1');
insert into EndScores (end_id, range_score_id, end_number, score_arrow1, score_arrow2, score_arrow3, score_arrow4, score_arrow5, score_arrow6) values ('3149', '525', '5', '9', '6', '4', '3', '1', '0');
insert into EndScores (end_id, range_score_id, end_number, score_arrow1, score_arrow2, score_arrow3, score_arrow4, score_arrow5, score_arrow6) values ('3150', '525', '6', '9', '6', '6', '6', '3', '0');
insert into RangeScores (range_score_id, round_score_id, round_range_id) values ('526', '132', '14');
insert into EndScores (end_id, range_score_id, end_number, score_arrow1, score_arrow2, score_arrow3, score_arrow4, score_arrow5, score_arrow6) values ('3151', '526', '1', '9', '7', '5', '3', '2', '1');
insert into EndScores (end_id, range_score_id, end_number, score_arrow1, score_arrow2, score_arrow3, score_arrow4, score_arrow5, score_arrow6) values ('3152', '526', '2', '9', '4', '2', '1', '0', '0');
insert into EndScores (end_id, range_score_id, end_number, score_arrow1, score_arrow2, score_arrow3, score_arrow4, score_arrow5, score_arrow6) values ('3153', '526', '3', '9', '7', '4', '4', '1', '0');
insert into EndScores (end_id, range_score_id, end_number, score_arrow1, score_arrow2, score_arrow3, score_arrow4, score_arrow5, score_arrow6) values ('3154', '526', '4', '8', '6', '6', '4', '2', '0');
insert into EndScores (end_id, range_score_id, end_number, score_arrow1, score_arrow2, score_arrow3, score_arrow4, score_arrow5, score_arrow6) values ('3155', '526', '5', '6', '5', '2', '2', '2', '1');
insert into EndScores (end_id, range_score_id, end_number, score_arrow1, score_arrow2, score_arrow3, score_arrow4, score_arrow5, score_arrow6) values ('3156', '526', '6', '7', '7', '4', '4', '3', '2');
insert into RangeScores (range_score_id, round_score_id, round_range_id) values ('527', '132', '15');
insert into EndScores (end_id, range_score_id, end_number, score_arrow1, score_arrow2, score_arrow3, score_arrow4, score_arrow5, score_arrow6) values ('3157', '527', '1', '9', '7', '5', '4', '4', '2');
insert into EndScores (end_id, range_score_id, end_number, score_arrow1, score_arrow2, score_arrow3, score_arrow4, score_arrow5, score_arrow6) values ('3158', '527', '2', '8', '4', '4', '3', '2', '1');
insert into EndScores (end_id, range_score_id, end_number, score_arrow1, score_arrow2, score_arrow3, score_arrow4, score_arrow5, score_arrow6) values ('3159', '527', '3', '8', '7', '1', '0', '0', '0');
insert into EndScores (end_id, range_score_id, end_number, score_arrow1, score_arrow2, score_arrow3, score_arrow4, score_arrow5, score_arrow6) values ('3160', '527', '4', '6', '5', '5', '5', '3', '3');
insert into EndScores (end_id, range_score_id, end_number, score_arrow1, score_arrow2, score_arrow3, score_arrow4, score_arrow5, score_arrow6) values ('3161', '527', '5', '8', '8', '6', '3', '3', '0');
insert into EndScores (end_id, range_score_id, end_number, score_arrow1, score_arrow2, score_arrow3, score_arrow4, score_arrow5, score_arrow6) values ('3162', '527', '6', '8', '7', '3', '3', '3', '0');
insert into RangeScores (range_score_id, round_score_id, round_range_id) values ('528', '132', '16');
insert into EndScores (end_id, range_score_id, end_number, score_arrow1, score_arrow2, score_arrow3, score_arrow4, score_arrow5, score_arrow6) values ('3163', '528', '1', '8', '8', '6', '3', '3', '0');
insert into EndScores (end_id, range_score_id, end_number, score_arrow1, score_arrow2, score_arrow3, score_arrow4, score_arrow5, score_arrow6) values ('3164', '528', '2', '9', '8', '7', '7', '7', '3');
insert into EndScores (end_id, range_score_id, end_number, score_arrow1, score_arrow2, score_arrow3, score_arrow4, score_arrow5, score_arrow6) values ('3165', '528', '3', '9', '7', '5', '4', '3', '2');
insert into EndScores (end_id, range_score_id, end_number, score_arrow1, score_arrow2, score_arrow3, score_arrow4, score_arrow5, score_arrow6) values ('3166', '528', '4', '7', '6', '3', '3', '1', '0');
insert into EndScores (end_id, range_score_id, end_number, score_arrow1, score_arrow2, score_arrow3, score_arrow4, score_arrow5, score_arrow6) values ('3167', '528', '5', '9', '9', '8', '6', '3', '2');
insert into EndScores (end_id, range_score_id, end_number, score_arrow1, score_arrow2, score_arrow3, score_arrow4, score_arrow5, score_arrow6) values ('3168', '528', '6', '7', '6', '4', '4', '2', '1');
insert into CompetitionEnrolments (archer_id, competition_id) values ('135', '4');
insert into RoundScores (round_score_id, archer_id, competition_id, round_score_date_time, equipment_id, round_def_id, total_score, category_id) values ('133', '135', '4', '2023-04-23 18:45:58.109', 'L', '3', '641', '4');
insert into RangeScores (range_score_id, round_score_id, round_range_id) values ('529', '133', '9');
insert into EndScores (end_id, range_score_id, end_number, score_arrow1, score_arrow2, score_arrow3, score_arrow4, score_arrow5, score_arrow6) values ('3169', '529', '1', '8', '7', '4', '3', '3', '1');
insert into EndScores (end_id, range_score_id, end_number, score_arrow1, score_arrow2, score_arrow3, score_arrow4, score_arrow5, score_arrow6) values ('3170', '529', '2', '7', '6', '5', '1', '1', '1');
insert into EndScores (end_id, range_score_id, end_number, score_arrow1, score_arrow2, score_arrow3, score_arrow4, score_arrow5, score_arrow6) values ('3171', '529', '3', '6', '4', '3', '3', '3', '1');
insert into EndScores (end_id, range_score_id, end_number, score_arrow1, score_arrow2, score_arrow3, score_arrow4, score_arrow5, score_arrow6) values ('3172', '529', '4', '9', '5', '4', '3', '2', '2');
insert into EndScores (end_id, range_score_id, end_number, score_arrow1, score_arrow2, score_arrow3, score_arrow4, score_arrow5, score_arrow6) values ('3173', '529', '5', '9', '9', '6', '6', '5', '3');
insert into EndScores (end_id, range_score_id, end_number, score_arrow1, score_arrow2, score_arrow3, score_arrow4, score_arrow5, score_arrow6) values ('3174', '529', '6', '6', '5', '4', '4', '4', '2');
insert into RangeScores (range_score_id, round_score_id, round_range_id) values ('530', '133', '10');
insert into EndScores (end_id, range_score_id, end_number, score_arrow1, score_arrow2, score_arrow3, score_arrow4, score_arrow5, score_arrow6) values ('3175', '530', '1', '9', '8', '5', '4', '4', '2');
insert into EndScores (end_id, range_score_id, end_number, score_arrow1, score_arrow2, score_arrow3, score_arrow4, score_arrow5, score_arrow6) values ('3176', '530', '2', '9', '8', '6', '5', '4', '1');
insert into EndScores (end_id, range_score_id, end_number, score_arrow1, score_arrow2, score_arrow3, score_arrow4, score_arrow5, score_arrow6) values ('3177', '530', '3', '8', '7', '5', '5', '4', '3');
insert into EndScores (end_id, range_score_id, end_number, score_arrow1, score_arrow2, score_arrow3, score_arrow4, score_arrow5, score_arrow6) values ('3178', '530', '4', '8', '7', '7', '6', '5', '0');
insert into EndScores (end_id, range_score_id, end_number, score_arrow1, score_arrow2, score_arrow3, score_arrow4, score_arrow5, score_arrow6) values ('3179', '530', '5', '7', '5', '4', '4', '3', '2');
insert into EndScores (end_id, range_score_id, end_number, score_arrow1, score_arrow2, score_arrow3, score_arrow4, score_arrow5, score_arrow6) values ('3180', '530', '6', '9', '7', '6', '6', '6', '3');
insert into RangeScores (range_score_id, round_score_id, round_range_id) values ('531', '133', '11');
insert into EndScores (end_id, range_score_id, end_number, score_arrow1, score_arrow2, score_arrow3, score_arrow4, score_arrow5, score_arrow6) values ('3181', '531', '1', '8', '7', '6', '4', '3', '2');
insert into EndScores (end_id, range_score_id, end_number, score_arrow1, score_arrow2, score_arrow3, score_arrow4, score_arrow5, score_arrow6) values ('3182', '531', '2', '8', '5', '3', '2', '2', '1');
insert into EndScores (end_id, range_score_id, end_number, score_arrow1, score_arrow2, score_arrow3, score_arrow4, score_arrow5, score_arrow6) values ('3183', '531', '3', '5', '3', '2', '2', '2', '0');
insert into EndScores (end_id, range_score_id, end_number, score_arrow1, score_arrow2, score_arrow3, score_arrow4, score_arrow5, score_arrow6) values ('3184', '531', '4', '9', '7', '7', '6', '4', '0');
insert into EndScores (end_id, range_score_id, end_number, score_arrow1, score_arrow2, score_arrow3, score_arrow4, score_arrow5, score_arrow6) values ('3185', '531', '5', '9', '7', '6', '2', '0', '0');
insert into EndScores (end_id, range_score_id, end_number, score_arrow1, score_arrow2, score_arrow3, score_arrow4, score_arrow5, score_arrow6) values ('3186', '531', '6', '8', '8', '5', '3', '1', '0');
insert into RangeScores (range_score_id, round_score_id, round_range_id) values ('532', '133', '12');
insert into EndScores (end_id, range_score_id, end_number, score_arrow1, score_arrow2, score_arrow3, score_arrow4, score_arrow5, score_arrow6) values ('3187', '532', '1', '8', '8', '4', '3', '1', '0');
insert into EndScores (end_id, range_score_id, end_number, score_arrow1, score_arrow2, score_arrow3, score_arrow4, score_arrow5, score_arrow6) values ('3188', '532', '2', '9', '8', '6', '3', '3', '2');
insert into EndScores (end_id, range_score_id, end_number, score_arrow1, score_arrow2, score_arrow3, score_arrow4, score_arrow5, score_arrow6) values ('3189', '532', '3', '9', '8', '2', '1', '1', '0');
insert into EndScores (end_id, range_score_id, end_number, score_arrow1, score_arrow2, score_arrow3, score_arrow4, score_arrow5, score_arrow6) values ('3190', '532', '4', '9', '6', '4', '3', '1', '1');
insert into EndScores (end_id, range_score_id, end_number, score_arrow1, score_arrow2, score_arrow3, score_arrow4, score_arrow5, score_arrow6) values ('3191', '532', '5', '5', '5', '4', '4', '3', '1');
insert into EndScores (end_id, range_score_id, end_number, score_arrow1, score_arrow2, score_arrow3, score_arrow4, score_arrow5, score_arrow6) values ('3192', '532', '6', '9', '8', '4', '3', '1', '0');
insert into CompetitionEnrolments (archer_id, competition_id) values ('136', '12');
insert into RoundScores (round_score_id, archer_id, competition_id, round_score_date_time, equipment_id, round_def_id, total_score, category_id) values ('134', '136', '12', '2023-04-23 17:12:46.500', 'L', '4', '623', '12');
insert into RangeScores (range_score_id, round_score_id, round_range_id) values ('533', '134', '13');
insert into EndScores (end_id, range_score_id, end_number, score_arrow1, score_arrow2, score_arrow3, score_arrow4, score_arrow5, score_arrow6) values ('3193', '533', '1', '8', '7', '3', '2', '2', '1');
insert into EndScores (end_id, range_score_id, end_number, score_arrow1, score_arrow2, score_arrow3, score_arrow4, score_arrow5, score_arrow6) values ('3194', '533', '2', '9', '8', '6', '4', '3', '2');
insert into EndScores (end_id, range_score_id, end_number, score_arrow1, score_arrow2, score_arrow3, score_arrow4, score_arrow5, score_arrow6) values ('3195', '533', '3', '7', '5', '5', '3', '2', '2');
insert into EndScores (end_id, range_score_id, end_number, score_arrow1, score_arrow2, score_arrow3, score_arrow4, score_arrow5, score_arrow6) values ('3196', '533', '4', '9', '8', '3', '1', '1', '0');
insert into EndScores (end_id, range_score_id, end_number, score_arrow1, score_arrow2, score_arrow3, score_arrow4, score_arrow5, score_arrow6) values ('3197', '533', '5', '9', '9', '8', '8', '7', '2');
insert into EndScores (end_id, range_score_id, end_number, score_arrow1, score_arrow2, score_arrow3, score_arrow4, score_arrow5, score_arrow6) values ('3198', '533', '6', '9', '8', '7', '5', '5', '0');
insert into RangeScores (range_score_id, round_score_id, round_range_id) values ('534', '134', '14');
insert into EndScores (end_id, range_score_id, end_number, score_arrow1, score_arrow2, score_arrow3, score_arrow4, score_arrow5, score_arrow6) values ('3199', '534', '1', '6', '6', '6', '3', '1', '0');
insert into EndScores (end_id, range_score_id, end_number, score_arrow1, score_arrow2, score_arrow3, score_arrow4, score_arrow5, score_arrow6) values ('3200', '534', '2', '8', '6', '4', '3', '3', '1');
insert into EndScores (end_id, range_score_id, end_number, score_arrow1, score_arrow2, score_arrow3, score_arrow4, score_arrow5, score_arrow6) values ('3201', '534', '3', '6', '6', '4', '3', '2', '0');
insert into EndScores (end_id, range_score_id, end_number, score_arrow1, score_arrow2, score_arrow3, score_arrow4, score_arrow5, score_arrow6) values ('3202', '534', '4', '6', '6', '2', '2', '2', '0');
insert into EndScores (end_id, range_score_id, end_number, score_arrow1, score_arrow2, score_arrow3, score_arrow4, score_arrow5, score_arrow6) values ('3203', '534', '5', '7', '4', '4', '3', '1', '0');
insert into EndScores (end_id, range_score_id, end_number, score_arrow1, score_arrow2, score_arrow3, score_arrow4, score_arrow5, score_arrow6) values ('3204', '534', '6', '9', '9', '8', '7', '4', '4');
insert into RangeScores (range_score_id, round_score_id, round_range_id) values ('535', '134', '15');
insert into EndScores (end_id, range_score_id, end_number, score_arrow1, score_arrow2, score_arrow3, score_arrow4, score_arrow5, score_arrow6) values ('3205', '535', '1', '4', '3', '3', '2', '1', '1');
insert into EndScores (end_id, range_score_id, end_number, score_arrow1, score_arrow2, score_arrow3, score_arrow4, score_arrow5, score_arrow6) values ('3206', '535', '2', '7', '6', '5', '2', '2', '0');
insert into EndScores (end_id, range_score_id, end_number, score_arrow1, score_arrow2, score_arrow3, score_arrow4, score_arrow5, score_arrow6) values ('3207', '535', '3', '9', '8', '4', '4', '3', '1');
insert into EndScores (end_id, range_score_id, end_number, score_arrow1, score_arrow2, score_arrow3, score_arrow4, score_arrow5, score_arrow6) values ('3208', '535', '4', '9', '5', '4', '3', '2', '1');
insert into EndScores (end_id, range_score_id, end_number, score_arrow1, score_arrow2, score_arrow3, score_arrow4, score_arrow5, score_arrow6) values ('3209', '535', '5', '8', '3', '1', '0', '0', '0');
insert into EndScores (end_id, range_score_id, end_number, score_arrow1, score_arrow2, score_arrow3, score_arrow4, score_arrow5, score_arrow6) values ('3210', '535', '6', '9', '7', '7', '5', '2', '0');
insert into RangeScores (range_score_id, round_score_id, round_range_id) values ('536', '134', '16');
insert into EndScores (end_id, range_score_id, end_number, score_arrow1, score_arrow2, score_arrow3, score_arrow4, score_arrow5, score_arrow6) values ('3211', '536', '1', '7', '6', '5', '5', '4', '1');
insert into EndScores (end_id, range_score_id, end_number, score_arrow1, score_arrow2, score_arrow3, score_arrow4, score_arrow5, score_arrow6) values ('3212', '536', '2', '9', '7', '5', '5', '1', '0');
insert into EndScores (end_id, range_score_id, end_number, score_arrow1, score_arrow2, score_arrow3, score_arrow4, score_arrow5, score_arrow6) values ('3213', '536', '3', '9', '5', '4', '4', '2', '1');
insert into EndScores (end_id, range_score_id, end_number, score_arrow1, score_arrow2, score_arrow3, score_arrow4, score_arrow5, score_arrow6) values ('3214', '536', '4', '8', '8', '7', '6', '4', '2');
insert into EndScores (end_id, range_score_id, end_number, score_arrow1, score_arrow2, score_arrow3, score_arrow4, score_arrow5, score_arrow6) values ('3215', '536', '5', '7', '6', '5', '5', '4', '3');
insert into EndScores (end_id, range_score_id, end_number, score_arrow1, score_arrow2, score_arrow3, score_arrow4, score_arrow5, score_arrow6) values ('3216', '536', '6', '8', '5', '4', '3', '2', '1');
insert into CompetitionEnrolments (archer_id, competition_id) values ('137', '5');
insert into RoundScores (round_score_id, archer_id, competition_id, round_score_date_time, equipment_id, round_def_id, total_score, category_id) values ('135', '137', '5', '2023-04-23 11:0:12.816', 'R', '2', '675', '5');
insert into RangeScores (range_score_id, round_score_id, round_range_id) values ('537', '135', '5');
insert into EndScores (end_id, range_score_id, end_number, score_arrow1, score_arrow2, score_arrow3, score_arrow4, score_arrow5, score_arrow6) values ('3217', '537', '1', '9', '9', '8', '7', '2', '0');
insert into EndScores (end_id, range_score_id, end_number, score_arrow1, score_arrow2, score_arrow3, score_arrow4, score_arrow5, score_arrow6) values ('3218', '537', '2', '9', '7', '5', '4', '3', '0');
insert into EndScores (end_id, range_score_id, end_number, score_arrow1, score_arrow2, score_arrow3, score_arrow4, score_arrow5, score_arrow6) values ('3219', '537', '3', '9', '6', '6', '3', '3', '0');
insert into EndScores (end_id, range_score_id, end_number, score_arrow1, score_arrow2, score_arrow3, score_arrow4, score_arrow5, score_arrow6) values ('3220', '537', '4', '9', '8', '7', '6', '4', '4');
insert into EndScores (end_id, range_score_id, end_number, score_arrow1, score_arrow2, score_arrow3, score_arrow4, score_arrow5, score_arrow6) values ('3221', '537', '5', '5', '4', '3', '3', '2', '1');
insert into EndScores (end_id, range_score_id, end_number, score_arrow1, score_arrow2, score_arrow3, score_arrow4, score_arrow5, score_arrow6) values ('3222', '537', '6', '8', '8', '7', '6', '5', '1');
insert into RangeScores (range_score_id, round_score_id, round_range_id) values ('538', '135', '6');
insert into EndScores (end_id, range_score_id, end_number, score_arrow1, score_arrow2, score_arrow3, score_arrow4, score_arrow5, score_arrow6) values ('3223', '538', '1', '4', '4', '3', '3', '3', '2');
insert into EndScores (end_id, range_score_id, end_number, score_arrow1, score_arrow2, score_arrow3, score_arrow4, score_arrow5, score_arrow6) values ('3224', '538', '2', '8', '7', '2', '2', '2', '0');
insert into EndScores (end_id, range_score_id, end_number, score_arrow1, score_arrow2, score_arrow3, score_arrow4, score_arrow5, score_arrow6) values ('3225', '538', '3', '8', '5', '4', '3', '2', '1');
insert into EndScores (end_id, range_score_id, end_number, score_arrow1, score_arrow2, score_arrow3, score_arrow4, score_arrow5, score_arrow6) values ('3226', '538', '4', '8', '7', '5', '4', '2', '2');
insert into EndScores (end_id, range_score_id, end_number, score_arrow1, score_arrow2, score_arrow3, score_arrow4, score_arrow5, score_arrow6) values ('3227', '538', '5', '9', '3', '3', '3', '2', '1');
insert into EndScores (end_id, range_score_id, end_number, score_arrow1, score_arrow2, score_arrow3, score_arrow4, score_arrow5, score_arrow6) values ('3228', '538', '6', '8', '8', '7', '5', '4', '4');
insert into RangeScores (range_score_id, round_score_id, round_range_id) values ('539', '135', '7');
insert into EndScores (end_id, range_score_id, end_number, score_arrow1, score_arrow2, score_arrow3, score_arrow4, score_arrow5, score_arrow6) values ('3229', '539', '1', '7', '7', '7', '7', '3', '1');
insert into EndScores (end_id, range_score_id, end_number, score_arrow1, score_arrow2, score_arrow3, score_arrow4, score_arrow5, score_arrow6) values ('3230', '539', '2', '8', '7', '7', '6', '2', '1');
insert into EndScores (end_id, range_score_id, end_number, score_arrow1, score_arrow2, score_arrow3, score_arrow4, score_arrow5, score_arrow6) values ('3231', '539', '3', '9', '9', '9', '5', '3', '0');
insert into EndScores (end_id, range_score_id, end_number, score_arrow1, score_arrow2, score_arrow3, score_arrow4, score_arrow5, score_arrow6) values ('3232', '539', '4', '6', '5', '5', '5', '2', '2');
insert into EndScores (end_id, range_score_id, end_number, score_arrow1, score_arrow2, score_arrow3, score_arrow4, score_arrow5, score_arrow6) values ('3233', '539', '5', '9', '7', '6', '6', '2', '0');
insert into EndScores (end_id, range_score_id, end_number, score_arrow1, score_arrow2, score_arrow3, score_arrow4, score_arrow5, score_arrow6) values ('3234', '539', '6', '9', '9', '5', '5', '3', '1');
insert into RangeScores (range_score_id, round_score_id, round_range_id) values ('540', '135', '8');
insert into EndScores (end_id, range_score_id, end_number, score_arrow1, score_arrow2, score_arrow3, score_arrow4, score_arrow5, score_arrow6) values ('3235', '540', '1', '6', '6', '3', '2', '0', '0');
insert into EndScores (end_id, range_score_id, end_number, score_arrow1, score_arrow2, score_arrow3, score_arrow4, score_arrow5, score_arrow6) values ('3236', '540', '2', '8', '7', '6', '3', '2', '0');
insert into EndScores (end_id, range_score_id, end_number, score_arrow1, score_arrow2, score_arrow3, score_arrow4, score_arrow5, score_arrow6) values ('3237', '540', '3', '9', '4', '4', '2', '0', '0');
insert into EndScores (end_id, range_score_id, end_number, score_arrow1, score_arrow2, score_arrow3, score_arrow4, score_arrow5, score_arrow6) values ('3238', '540', '4', '8', '8', '7', '7', '3', '2');
insert into EndScores (end_id, range_score_id, end_number, score_arrow1, score_arrow2, score_arrow3, score_arrow4, score_arrow5, score_arrow6) values ('3239', '540', '5', '9', '8', '7', '6', '5', '0');
insert into EndScores (end_id, range_score_id, end_number, score_arrow1, score_arrow2, score_arrow3, score_arrow4, score_arrow5, score_arrow6) values ('3240', '540', '6', '9', '7', '5', '3', '3', '2');
insert into CompetitionEnrolments (archer_id, competition_id) values ('138', '27');
insert into RoundScores (round_score_id, archer_id, competition_id, round_score_date_time, equipment_id, round_def_id, total_score, category_id) values ('136', '138', '27', '2023-04-23 9:35:37.923', 'B', '3', '654', '27');
insert into RangeScores (range_score_id, round_score_id, round_range_id) values ('541', '136', '9');
insert into EndScores (end_id, range_score_id, end_number, score_arrow1, score_arrow2, score_arrow3, score_arrow4, score_arrow5, score_arrow6) values ('3241', '541', '1', '9', '9', '7', '3', '3', '0');
insert into EndScores (end_id, range_score_id, end_number, score_arrow1, score_arrow2, score_arrow3, score_arrow4, score_arrow5, score_arrow6) values ('3242', '541', '2', '9', '7', '6', '6', '2', '1');
insert into EndScores (end_id, range_score_id, end_number, score_arrow1, score_arrow2, score_arrow3, score_arrow4, score_arrow5, score_arrow6) values ('3243', '541', '3', '9', '7', '4', '2', '0', '0');
insert into EndScores (end_id, range_score_id, end_number, score_arrow1, score_arrow2, score_arrow3, score_arrow4, score_arrow5, score_arrow6) values ('3244', '541', '4', '9', '9', '7', '7', '5', '4');
insert into EndScores (end_id, range_score_id, end_number, score_arrow1, score_arrow2, score_arrow3, score_arrow4, score_arrow5, score_arrow6) values ('3245', '541', '5', '9', '9', '4', '4', '4', '2');
insert into EndScores (end_id, range_score_id, end_number, score_arrow1, score_arrow2, score_arrow3, score_arrow4, score_arrow5, score_arrow6) values ('3246', '541', '6', '8', '4', '4', '2', '2', '2');
insert into RangeScores (range_score_id, round_score_id, round_range_id) values ('542', '136', '10');
insert into EndScores (end_id, range_score_id, end_number, score_arrow1, score_arrow2, score_arrow3, score_arrow4, score_arrow5, score_arrow6) values ('3247', '542', '1', '9', '4', '3', '3', '3', '0');
insert into EndScores (end_id, range_score_id, end_number, score_arrow1, score_arrow2, score_arrow3, score_arrow4, score_arrow5, score_arrow6) values ('3248', '542', '2', '9', '8', '8', '5', '4', '0');
insert into EndScores (end_id, range_score_id, end_number, score_arrow1, score_arrow2, score_arrow3, score_arrow4, score_arrow5, score_arrow6) values ('3249', '542', '3', '6', '6', '4', '4', '1', '0');
insert into EndScores (end_id, range_score_id, end_number, score_arrow1, score_arrow2, score_arrow3, score_arrow4, score_arrow5, score_arrow6) values ('3250', '542', '4', '7', '6', '5', '4', '2', '0');
insert into EndScores (end_id, range_score_id, end_number, score_arrow1, score_arrow2, score_arrow3, score_arrow4, score_arrow5, score_arrow6) values ('3251', '542', '5', '8', '8', '8', '7', '4', '1');
insert into EndScores (end_id, range_score_id, end_number, score_arrow1, score_arrow2, score_arrow3, score_arrow4, score_arrow5, score_arrow6) values ('3252', '542', '6', '6', '5', '4', '4', '3', '3');
insert into RangeScores (range_score_id, round_score_id, round_range_id) values ('543', '136', '11');
insert into EndScores (end_id, range_score_id, end_number, score_arrow1, score_arrow2, score_arrow3, score_arrow4, score_arrow5, score_arrow6) values ('3253', '543', '1', '9', '7', '3', '3', '3', '1');
insert into EndScores (end_id, range_score_id, end_number, score_arrow1, score_arrow2, score_arrow3, score_arrow4, score_arrow5, score_arrow6) values ('3254', '543', '2', '8', '8', '7', '7', '6', '2');
insert into EndScores (end_id, range_score_id, end_number, score_arrow1, score_arrow2, score_arrow3, score_arrow4, score_arrow5, score_arrow6) values ('3255', '543', '3', '9', '9', '6', '5', '4', '2');
insert into EndScores (end_id, range_score_id, end_number, score_arrow1, score_arrow2, score_arrow3, score_arrow4, score_arrow5, score_arrow6) values ('3256', '543', '4', '8', '7', '4', '4', '2', '0');
insert into EndScores (end_id, range_score_id, end_number, score_arrow1, score_arrow2, score_arrow3, score_arrow4, score_arrow5, score_arrow6) values ('3257', '543', '5', '9', '6', '6', '2', '1', '0');
insert into EndScores (end_id, range_score_id, end_number, score_arrow1, score_arrow2, score_arrow3, score_arrow4, score_arrow5, score_arrow6) values ('3258', '543', '6', '7', '6', '6', '5', '3', '0');
insert into RangeScores (range_score_id, round_score_id, round_range_id) values ('544', '136', '12');
insert into EndScores (end_id, range_score_id, end_number, score_arrow1, score_arrow2, score_arrow3, score_arrow4, score_arrow5, score_arrow6) values ('3259', '544', '1', '8', '7', '5', '1', '0', '0');
insert into EndScores (end_id, range_score_id, end_number, score_arrow1, score_arrow2, score_arrow3, score_arrow4, score_arrow5, score_arrow6) values ('3260', '544', '2', '6', '5', '4', '1', '1', '0');
insert into EndScores (end_id, range_score_id, end_number, score_arrow1, score_arrow2, score_arrow3, score_arrow4, score_arrow5, score_arrow6) values ('3261', '544', '3', '9', '7', '6', '5', '3', '0');
insert into EndScores (end_id, range_score_id, end_number, score_arrow1, score_arrow2, score_arrow3, score_arrow4, score_arrow5, score_arrow6) values ('3262', '544', '4', '9', '8', '7', '5', '4', '0');
insert into EndScores (end_id, range_score_id, end_number, score_arrow1, score_arrow2, score_arrow3, score_arrow4, score_arrow5, score_arrow6) values ('3263', '544', '5', '6', '4', '2', '2', '2', '0');
insert into EndScores (end_id, range_score_id, end_number, score_arrow1, score_arrow2, score_arrow3, score_arrow4, score_arrow5, score_arrow6) values ('3264', '544', '6', '6', '4', '3', '3', '3', '2');
insert into CompetitionEnrolments (archer_id, competition_id) values ('139', '18');
insert into RoundScores (round_score_id, archer_id, competition_id, round_score_date_time, equipment_id, round_def_id, total_score, category_id) values ('137', '139', '18', '2023-04-23 18:43:4.277', 'C', '3', '631', '18');
insert into RangeScores (range_score_id, round_score_id, round_range_id) values ('545', '137', '9');
insert into EndScores (end_id, range_score_id, end_number, score_arrow1, score_arrow2, score_arrow3, score_arrow4, score_arrow5, score_arrow6) values ('3265', '545', '1', '9', '8', '6', '3', '3', '1');
insert into EndScores (end_id, range_score_id, end_number, score_arrow1, score_arrow2, score_arrow3, score_arrow4, score_arrow5, score_arrow6) values ('3266', '545', '2', '8', '7', '5', '3', '2', '0');
insert into EndScores (end_id, range_score_id, end_number, score_arrow1, score_arrow2, score_arrow3, score_arrow4, score_arrow5, score_arrow6) values ('3267', '545', '3', '9', '7', '4', '2', '1', '0');
insert into EndScores (end_id, range_score_id, end_number, score_arrow1, score_arrow2, score_arrow3, score_arrow4, score_arrow5, score_arrow6) values ('3268', '545', '4', '9', '6', '3', '3', '2', '0');
insert into EndScores (end_id, range_score_id, end_number, score_arrow1, score_arrow2, score_arrow3, score_arrow4, score_arrow5, score_arrow6) values ('3269', '545', '5', '9', '7', '5', '4', '2', '1');
insert into EndScores (end_id, range_score_id, end_number, score_arrow1, score_arrow2, score_arrow3, score_arrow4, score_arrow5, score_arrow6) values ('3270', '545', '6', '7', '7', '6', '5', '1', '1');
insert into RangeScores (range_score_id, round_score_id, round_range_id) values ('546', '137', '10');
insert into EndScores (end_id, range_score_id, end_number, score_arrow1, score_arrow2, score_arrow3, score_arrow4, score_arrow5, score_arrow6) values ('3271', '546', '1', '9', '8', '5', '5', '5', '3');
insert into EndScores (end_id, range_score_id, end_number, score_arrow1, score_arrow2, score_arrow3, score_arrow4, score_arrow5, score_arrow6) values ('3272', '546', '2', '9', '9', '8', '2', '2', '2');
insert into EndScores (end_id, range_score_id, end_number, score_arrow1, score_arrow2, score_arrow3, score_arrow4, score_arrow5, score_arrow6) values ('3273', '546', '3', '8', '7', '7', '6', '2', '1');
insert into EndScores (end_id, range_score_id, end_number, score_arrow1, score_arrow2, score_arrow3, score_arrow4, score_arrow5, score_arrow6) values ('3274', '546', '4', '5', '4', '3', '1', '1', '0');
insert into EndScores (end_id, range_score_id, end_number, score_arrow1, score_arrow2, score_arrow3, score_arrow4, score_arrow5, score_arrow6) values ('3275', '546', '5', '9', '9', '9', '6', '5', '1');
insert into EndScores (end_id, range_score_id, end_number, score_arrow1, score_arrow2, score_arrow3, score_arrow4, score_arrow5, score_arrow6) values ('3276', '546', '6', '4', '4', '4', '3', '0', '0');
insert into RangeScores (range_score_id, round_score_id, round_range_id) values ('547', '137', '11');
insert into EndScores (end_id, range_score_id, end_number, score_arrow1, score_arrow2, score_arrow3, score_arrow4, score_arrow5, score_arrow6) values ('3277', '547', '1', '8', '5', '5', '1', '1', '1');
insert into EndScores (end_id, range_score_id, end_number, score_arrow1, score_arrow2, score_arrow3, score_arrow4, score_arrow5, score_arrow6) values ('3278', '547', '2', '5', '3', '1', '1', '0', '0');
insert into EndScores (end_id, range_score_id, end_number, score_arrow1, score_arrow2, score_arrow3, score_arrow4, score_arrow5, score_arrow6) values ('3279', '547', '3', '9', '8', '7', '7', '6', '4');
insert into EndScores (end_id, range_score_id, end_number, score_arrow1, score_arrow2, score_arrow3, score_arrow4, score_arrow5, score_arrow6) values ('3280', '547', '4', '7', '7', '4', '4', '3', '1');
insert into EndScores (end_id, range_score_id, end_number, score_arrow1, score_arrow2, score_arrow3, score_arrow4, score_arrow5, score_arrow6) values ('3281', '547', '5', '8', '7', '6', '4', '3', '0');
insert into EndScores (end_id, range_score_id, end_number, score_arrow1, score_arrow2, score_arrow3, score_arrow4, score_arrow5, score_arrow6) values ('3282', '547', '6', '8', '6', '3', '2', '1', '1');
insert into RangeScores (range_score_id, round_score_id, round_range_id) values ('548', '137', '12');
insert into EndScores (end_id, range_score_id, end_number, score_arrow1, score_arrow2, score_arrow3, score_arrow4, score_arrow5, score_arrow6) values ('3283', '548', '1', '8', '6', '6', '6', '6', '0');
insert into EndScores (end_id, range_score_id, end_number, score_arrow1, score_arrow2, score_arrow3, score_arrow4, score_arrow5, score_arrow6) values ('3284', '548', '2', '9', '7', '7', '2', '2', '1');
insert into EndScores (end_id, range_score_id, end_number, score_arrow1, score_arrow2, score_arrow3, score_arrow4, score_arrow5, score_arrow6) values ('3285', '548', '3', '9', '7', '4', '2', '1', '0');
insert into EndScores (end_id, range_score_id, end_number, score_arrow1, score_arrow2, score_arrow3, score_arrow4, score_arrow5, score_arrow6) values ('3286', '548', '4', '9', '8', '7', '5', '5', '1');
insert into EndScores (end_id, range_score_id, end_number, score_arrow1, score_arrow2, score_arrow3, score_arrow4, score_arrow5, score_arrow6) values ('3287', '548', '5', '9', '8', '7', '5', '3', '2');
insert into EndScores (end_id, range_score_id, end_number, score_arrow1, score_arrow2, score_arrow3, score_arrow4, score_arrow5, score_arrow6) values ('3288', '548', '6', '3', '2', '2', '2', '1', '0');
insert into CompetitionEnrolments (archer_id, competition_id) values ('140', '31');
insert into RoundScores (round_score_id, archer_id, competition_id, round_score_date_time, equipment_id, round_def_id, total_score, category_id) values ('138', '140', '31', '2023-04-23 9:21:25.551', 'B', '4', '672', '31');
insert into RangeScores (range_score_id, round_score_id, round_range_id) values ('549', '138', '13');
insert into EndScores (end_id, range_score_id, end_number, score_arrow1, score_arrow2, score_arrow3, score_arrow4, score_arrow5, score_arrow6) values ('3289', '549', '1', '9', '4', '4', '3', '2', '1');
insert into EndScores (end_id, range_score_id, end_number, score_arrow1, score_arrow2, score_arrow3, score_arrow4, score_arrow5, score_arrow6) values ('3290', '549', '2', '6', '6', '5', '2', '2', '0');
insert into EndScores (end_id, range_score_id, end_number, score_arrow1, score_arrow2, score_arrow3, score_arrow4, score_arrow5, score_arrow6) values ('3291', '549', '3', '7', '6', '5', '5', '2', '0');
insert into EndScores (end_id, range_score_id, end_number, score_arrow1, score_arrow2, score_arrow3, score_arrow4, score_arrow5, score_arrow6) values ('3292', '549', '4', '6', '5', '4', '2', '0', '0');
insert into EndScores (end_id, range_score_id, end_number, score_arrow1, score_arrow2, score_arrow3, score_arrow4, score_arrow5, score_arrow6) values ('3293', '549', '5', '9', '8', '8', '8', '7', '0');
insert into EndScores (end_id, range_score_id, end_number, score_arrow1, score_arrow2, score_arrow3, score_arrow4, score_arrow5, score_arrow6) values ('3294', '549', '6', '9', '9', '7', '7', '3', '3');
insert into RangeScores (range_score_id, round_score_id, round_range_id) values ('550', '138', '14');
insert into EndScores (end_id, range_score_id, end_number, score_arrow1, score_arrow2, score_arrow3, score_arrow4, score_arrow5, score_arrow6) values ('3295', '550', '1', '7', '6', '3', '1', '1', '0');
insert into EndScores (end_id, range_score_id, end_number, score_arrow1, score_arrow2, score_arrow3, score_arrow4, score_arrow5, score_arrow6) values ('3296', '550', '2', '8', '3', '3', '2', '1', '1');
insert into EndScores (end_id, range_score_id, end_number, score_arrow1, score_arrow2, score_arrow3, score_arrow4, score_arrow5, score_arrow6) values ('3297', '550', '3', '9', '9', '8', '7', '2', '2');
insert into EndScores (end_id, range_score_id, end_number, score_arrow1, score_arrow2, score_arrow3, score_arrow4, score_arrow5, score_arrow6) values ('3298', '550', '4', '7', '6', '5', '5', '0', '0');
insert into EndScores (end_id, range_score_id, end_number, score_arrow1, score_arrow2, score_arrow3, score_arrow4, score_arrow5, score_arrow6) values ('3299', '550', '5', '9', '8', '8', '7', '4', '2');
insert into EndScores (end_id, range_score_id, end_number, score_arrow1, score_arrow2, score_arrow3, score_arrow4, score_arrow5, score_arrow6) values ('3300', '550', '6', '9', '7', '6', '5', '3', '0');
insert into RangeScores (range_score_id, round_score_id, round_range_id) values ('551', '138', '15');
insert into EndScores (end_id, range_score_id, end_number, score_arrow1, score_arrow2, score_arrow3, score_arrow4, score_arrow5, score_arrow6) values ('3301', '551', '1', '9', '8', '7', '6', '6', '2');
insert into EndScores (end_id, range_score_id, end_number, score_arrow1, score_arrow2, score_arrow3, score_arrow4, score_arrow5, score_arrow6) values ('3302', '551', '2', '9', '8', '4', '3', '2', '0');
insert into EndScores (end_id, range_score_id, end_number, score_arrow1, score_arrow2, score_arrow3, score_arrow4, score_arrow5, score_arrow6) values ('3303', '551', '3', '9', '9', '9', '8', '6', '5');
insert into EndScores (end_id, range_score_id, end_number, score_arrow1, score_arrow2, score_arrow3, score_arrow4, score_arrow5, score_arrow6) values ('3304', '551', '4', '6', '6', '5', '5', '2', '2');
insert into EndScores (end_id, range_score_id, end_number, score_arrow1, score_arrow2, score_arrow3, score_arrow4, score_arrow5, score_arrow6) values ('3305', '551', '5', '7', '6', '6', '2', '2', '1');
insert into EndScores (end_id, range_score_id, end_number, score_arrow1, score_arrow2, score_arrow3, score_arrow4, score_arrow5, score_arrow6) values ('3306', '551', '6', '9', '9', '6', '1', '1', '0');
insert into RangeScores (range_score_id, round_score_id, round_range_id) values ('552', '138', '16');
insert into EndScores (end_id, range_score_id, end_number, score_arrow1, score_arrow2, score_arrow3, score_arrow4, score_arrow5, score_arrow6) values ('3307', '552', '1', '8', '8', '7', '5', '3', '3');
insert into EndScores (end_id, range_score_id, end_number, score_arrow1, score_arrow2, score_arrow3, score_arrow4, score_arrow5, score_arrow6) values ('3308', '552', '2', '9', '8', '8', '7', '4', '0');
insert into EndScores (end_id, range_score_id, end_number, score_arrow1, score_arrow2, score_arrow3, score_arrow4, score_arrow5, score_arrow6) values ('3309', '552', '3', '8', '6', '4', '2', '1', '1');
insert into EndScores (end_id, range_score_id, end_number, score_arrow1, score_arrow2, score_arrow3, score_arrow4, score_arrow5, score_arrow6) values ('3310', '552', '4', '6', '5', '3', '2', '1', '1');
insert into EndScores (end_id, range_score_id, end_number, score_arrow1, score_arrow2, score_arrow3, score_arrow4, score_arrow5, score_arrow6) values ('3311', '552', '5', '5', '4', '3', '3', '2', '2');
insert into EndScores (end_id, range_score_id, end_number, score_arrow1, score_arrow2, score_arrow3, score_arrow4, score_arrow5, score_arrow6) values ('3312', '552', '6', '8', '7', '7', '4', '2', '1');
insert into CompetitionEnrolments (archer_id, competition_id) values ('141', '18');
insert into RoundScores (round_score_id, archer_id, competition_id, round_score_date_time, equipment_id, round_def_id, total_score, category_id) values ('139', '141', '18', '2023-04-23 14:4:2.493', 'C', '3', '626', '18');
insert into RangeScores (range_score_id, round_score_id, round_range_id) values ('553', '139', '9');
insert into EndScores (end_id, range_score_id, end_number, score_arrow1, score_arrow2, score_arrow3, score_arrow4, score_arrow5, score_arrow6) values ('3313', '553', '1', '7', '6', '5', '4', '3', '2');
insert into EndScores (end_id, range_score_id, end_number, score_arrow1, score_arrow2, score_arrow3, score_arrow4, score_arrow5, score_arrow6) values ('3314', '553', '2', '6', '5', '3', '1', '0', '0');
insert into EndScores (end_id, range_score_id, end_number, score_arrow1, score_arrow2, score_arrow3, score_arrow4, score_arrow5, score_arrow6) values ('3315', '553', '3', '5', '4', '4', '3', '3', '2');
insert into EndScores (end_id, range_score_id, end_number, score_arrow1, score_arrow2, score_arrow3, score_arrow4, score_arrow5, score_arrow6) values ('3316', '553', '4', '4', '4', '2', '1', '1', '0');
insert into EndScores (end_id, range_score_id, end_number, score_arrow1, score_arrow2, score_arrow3, score_arrow4, score_arrow5, score_arrow6) values ('3317', '553', '5', '7', '7', '5', '5', '2', '1');
insert into EndScores (end_id, range_score_id, end_number, score_arrow1, score_arrow2, score_arrow3, score_arrow4, score_arrow5, score_arrow6) values ('3318', '553', '6', '8', '7', '6', '0', '0', '0');
insert into RangeScores (range_score_id, round_score_id, round_range_id) values ('554', '139', '10');
insert into EndScores (end_id, range_score_id, end_number, score_arrow1, score_arrow2, score_arrow3, score_arrow4, score_arrow5, score_arrow6) values ('3319', '554', '1', '9', '8', '6', '4', '4', '3');
insert into EndScores (end_id, range_score_id, end_number, score_arrow1, score_arrow2, score_arrow3, score_arrow4, score_arrow5, score_arrow6) values ('3320', '554', '2', '7', '7', '6', '4', '2', '0');
insert into EndScores (end_id, range_score_id, end_number, score_arrow1, score_arrow2, score_arrow3, score_arrow4, score_arrow5, score_arrow6) values ('3321', '554', '3', '7', '7', '6', '3', '1', '0');
insert into EndScores (end_id, range_score_id, end_number, score_arrow1, score_arrow2, score_arrow3, score_arrow4, score_arrow5, score_arrow6) values ('3322', '554', '4', '9', '8', '8', '8', '3', '1');
insert into EndScores (end_id, range_score_id, end_number, score_arrow1, score_arrow2, score_arrow3, score_arrow4, score_arrow5, score_arrow6) values ('3323', '554', '5', '9', '8', '7', '6', '3', '2');
insert into EndScores (end_id, range_score_id, end_number, score_arrow1, score_arrow2, score_arrow3, score_arrow4, score_arrow5, score_arrow6) values ('3324', '554', '6', '8', '7', '6', '6', '4', '1');
insert into RangeScores (range_score_id, round_score_id, round_range_id) values ('555', '139', '11');
insert into EndScores (end_id, range_score_id, end_number, score_arrow1, score_arrow2, score_arrow3, score_arrow4, score_arrow5, score_arrow6) values ('3325', '555', '1', '7', '6', '5', '5', '2', '1');
insert into EndScores (end_id, range_score_id, end_number, score_arrow1, score_arrow2, score_arrow3, score_arrow4, score_arrow5, score_arrow6) values ('3326', '555', '2', '7', '6', '2', '2', '2', '0');
insert into EndScores (end_id, range_score_id, end_number, score_arrow1, score_arrow2, score_arrow3, score_arrow4, score_arrow5, score_arrow6) values ('3327', '555', '3', '8', '6', '4', '3', '2', '0');
insert into EndScores (end_id, range_score_id, end_number, score_arrow1, score_arrow2, score_arrow3, score_arrow4, score_arrow5, score_arrow6) values ('3328', '555', '4', '9', '8', '7', '4', '2', '1');
insert into EndScores (end_id, range_score_id, end_number, score_arrow1, score_arrow2, score_arrow3, score_arrow4, score_arrow5, score_arrow6) values ('3329', '555', '5', '7', '3', '3', '2', '1', '0');
insert into EndScores (end_id, range_score_id, end_number, score_arrow1, score_arrow2, score_arrow3, score_arrow4, score_arrow5, score_arrow6) values ('3330', '555', '6', '8', '7', '6', '5', '3', '0');
insert into RangeScores (range_score_id, round_score_id, round_range_id) values ('556', '139', '12');
insert into EndScores (end_id, range_score_id, end_number, score_arrow1, score_arrow2, score_arrow3, score_arrow4, score_arrow5, score_arrow6) values ('3331', '556', '1', '9', '9', '5', '4', '3', '2');
insert into EndScores (end_id, range_score_id, end_number, score_arrow1, score_arrow2, score_arrow3, score_arrow4, score_arrow5, score_arrow6) values ('3332', '556', '2', '7', '6', '5', '4', '2', '1');
insert into EndScores (end_id, range_score_id, end_number, score_arrow1, score_arrow2, score_arrow3, score_arrow4, score_arrow5, score_arrow6) values ('3333', '556', '3', '9', '9', '8', '4', '3', '2');
insert into EndScores (end_id, range_score_id, end_number, score_arrow1, score_arrow2, score_arrow3, score_arrow4, score_arrow5, score_arrow6) values ('3334', '556', '4', '9', '8', '2', '1', '0', '0');
insert into EndScores (end_id, range_score_id, end_number, score_arrow1, score_arrow2, score_arrow3, score_arrow4, score_arrow5, score_arrow6) values ('3335', '556', '5', '7', '5', '3', '3', '1', '0');
insert into EndScores (end_id, range_score_id, end_number, score_arrow1, score_arrow2, score_arrow3, score_arrow4, score_arrow5, score_arrow6) values ('3336', '556', '6', '9', '8', '8', '8', '4', '3');
insert into CompetitionEnrolments (archer_id, competition_id) values ('142', '7');
insert into RoundScores (round_score_id, archer_id, competition_id, round_score_date_time, equipment_id, round_def_id, total_score, category_id) values ('140', '142', '7', '2023-04-23 15:45:45.125', 'B', '3', '611', '7');
insert into RangeScores (range_score_id, round_score_id, round_range_id) values ('557', '140', '9');
insert into EndScores (end_id, range_score_id, end_number, score_arrow1, score_arrow2, score_arrow3, score_arrow4, score_arrow5, score_arrow6) values ('3337', '557', '1', '9', '8', '5', '5', '2', '2');
insert into EndScores (end_id, range_score_id, end_number, score_arrow1, score_arrow2, score_arrow3, score_arrow4, score_arrow5, score_arrow6) values ('3338', '557', '2', '9', '9', '7', '6', '2', '0');
insert into EndScores (end_id, range_score_id, end_number, score_arrow1, score_arrow2, score_arrow3, score_arrow4, score_arrow5, score_arrow6) values ('3339', '557', '3', '8', '7', '3', '3', '2', '1');
insert into EndScores (end_id, range_score_id, end_number, score_arrow1, score_arrow2, score_arrow3, score_arrow4, score_arrow5, score_arrow6) values ('3340', '557', '4', '9', '8', '8', '3', '2', '0');
insert into EndScores (end_id, range_score_id, end_number, score_arrow1, score_arrow2, score_arrow3, score_arrow4, score_arrow5, score_arrow6) values ('3341', '557', '5', '9', '6', '6', '6', '0', '0');
insert into EndScores (end_id, range_score_id, end_number, score_arrow1, score_arrow2, score_arrow3, score_arrow4, score_arrow5, score_arrow6) values ('3342', '557', '6', '9', '8', '8', '7', '7', '1');
insert into RangeScores (range_score_id, round_score_id, round_range_id) values ('558', '140', '10');
insert into EndScores (end_id, range_score_id, end_number, score_arrow1, score_arrow2, score_arrow3, score_arrow4, score_arrow5, score_arrow6) values ('3343', '558', '1', '4', '3', '1', '0', '0', '0');
insert into EndScores (end_id, range_score_id, end_number, score_arrow1, score_arrow2, score_arrow3, score_arrow4, score_arrow5, score_arrow6) values ('3344', '558', '2', '9', '7', '7', '5', '5', '3');
insert into EndScores (end_id, range_score_id, end_number, score_arrow1, score_arrow2, score_arrow3, score_arrow4, score_arrow5, score_arrow6) values ('3345', '558', '3', '7', '4', '4', '3', '2', '0');
insert into EndScores (end_id, range_score_id, end_number, score_arrow1, score_arrow2, score_arrow3, score_arrow4, score_arrow5, score_arrow6) values ('3346', '558', '4', '8', '8', '7', '2', '1', '1');
insert into EndScores (end_id, range_score_id, end_number, score_arrow1, score_arrow2, score_arrow3, score_arrow4, score_arrow5, score_arrow6) values ('3347', '558', '5', '8', '4', '3', '3', '2', '0');
insert into EndScores (end_id, range_score_id, end_number, score_arrow1, score_arrow2, score_arrow3, score_arrow4, score_arrow5, score_arrow6) values ('3348', '558', '6', '9', '5', '5', '4', '3', '0');
insert into RangeScores (range_score_id, round_score_id, round_range_id) values ('559', '140', '11');
insert into EndScores (end_id, range_score_id, end_number, score_arrow1, score_arrow2, score_arrow3, score_arrow4, score_arrow5, score_arrow6) values ('3349', '559', '1', '9', '8', '8', '7', '7', '5');
insert into EndScores (end_id, range_score_id, end_number, score_arrow1, score_arrow2, score_arrow3, score_arrow4, score_arrow5, score_arrow6) values ('3350', '559', '2', '9', '8', '3', '3', '1', '0');
insert into EndScores (end_id, range_score_id, end_number, score_arrow1, score_arrow2, score_arrow3, score_arrow4, score_arrow5, score_arrow6) values ('3351', '559', '3', '9', '7', '6', '3', '3', '0');
insert into EndScores (end_id, range_score_id, end_number, score_arrow1, score_arrow2, score_arrow3, score_arrow4, score_arrow5, score_arrow6) values ('3352', '559', '4', '9', '7', '5', '3', '0', '0');
insert into EndScores (end_id, range_score_id, end_number, score_arrow1, score_arrow2, score_arrow3, score_arrow4, score_arrow5, score_arrow6) values ('3353', '559', '5', '9', '8', '3', '2', '2', '1');
insert into EndScores (end_id, range_score_id, end_number, score_arrow1, score_arrow2, score_arrow3, score_arrow4, score_arrow5, score_arrow6) values ('3354', '559', '6', '3', '2', '2', '2', '1', '1');
insert into RangeScores (range_score_id, round_score_id, round_range_id) values ('560', '140', '12');
insert into EndScores (end_id, range_score_id, end_number, score_arrow1, score_arrow2, score_arrow3, score_arrow4, score_arrow5, score_arrow6) values ('3355', '560', '1', '7', '6', '3', '1', '0', '0');
insert into EndScores (end_id, range_score_id, end_number, score_arrow1, score_arrow2, score_arrow3, score_arrow4, score_arrow5, score_arrow6) values ('3356', '560', '2', '6', '5', '5', '4', '3', '2');
insert into EndScores (end_id, range_score_id, end_number, score_arrow1, score_arrow2, score_arrow3, score_arrow4, score_arrow5, score_arrow6) values ('3357', '560', '3', '9', '5', '4', '2', '0', '0');
insert into EndScores (end_id, range_score_id, end_number, score_arrow1, score_arrow2, score_arrow3, score_arrow4, score_arrow5, score_arrow6) values ('3358', '560', '4', '8', '8', '7', '1', '1', '0');
insert into EndScores (end_id, range_score_id, end_number, score_arrow1, score_arrow2, score_arrow3, score_arrow4, score_arrow5, score_arrow6) values ('3359', '560', '5', '8', '6', '4', '3', '2', '1');
insert into EndScores (end_id, range_score_id, end_number, score_arrow1, score_arrow2, score_arrow3, score_arrow4, score_arrow5, score_arrow6) values ('3360', '560', '6', '7', '6', '4', '4', '1', '0');
insert into CompetitionEnrolments (archer_id, competition_id) values ('143', '63');
insert into RoundScores (round_score_id, archer_id, competition_id, round_score_date_time, equipment_id, round_def_id, total_score, category_id) values ('141', '143', '63', '2023-04-23 17:4:35.710', 'B', '5', '666', '63');
insert into RangeScores (range_score_id, round_score_id, round_range_id) values ('561', '141', '17');
insert into EndScores (end_id, range_score_id, end_number, score_arrow1, score_arrow2, score_arrow3, score_arrow4, score_arrow5, score_arrow6) values ('3361', '561', '1', '9', '8', '3', '2', '2', '1');
insert into EndScores (end_id, range_score_id, end_number, score_arrow1, score_arrow2, score_arrow3, score_arrow4, score_arrow5, score_arrow6) values ('3362', '561', '2', '9', '7', '5', '4', '3', '0');
insert into EndScores (end_id, range_score_id, end_number, score_arrow1, score_arrow2, score_arrow3, score_arrow4, score_arrow5, score_arrow6) values ('3363', '561', '3', '9', '7', '6', '5', '0', '0');
insert into EndScores (end_id, range_score_id, end_number, score_arrow1, score_arrow2, score_arrow3, score_arrow4, score_arrow5, score_arrow6) values ('3364', '561', '4', '9', '9', '8', '7', '2', '1');
insert into EndScores (end_id, range_score_id, end_number, score_arrow1, score_arrow2, score_arrow3, score_arrow4, score_arrow5, score_arrow6) values ('3365', '561', '5', '6', '6', '6', '2', '2', '1');
insert into EndScores (end_id, range_score_id, end_number, score_arrow1, score_arrow2, score_arrow3, score_arrow4, score_arrow5, score_arrow6) values ('3366', '561', '6', '8', '5', '2', '1', '1', '1');
insert into RangeScores (range_score_id, round_score_id, round_range_id) values ('562', '141', '18');
insert into EndScores (end_id, range_score_id, end_number, score_arrow1, score_arrow2, score_arrow3, score_arrow4, score_arrow5, score_arrow6) values ('3367', '562', '1', '7', '6', '6', '5', '3', '0');
insert into EndScores (end_id, range_score_id, end_number, score_arrow1, score_arrow2, score_arrow3, score_arrow4, score_arrow5, score_arrow6) values ('3368', '562', '2', '9', '8', '6', '5', '5', '0');
insert into EndScores (end_id, range_score_id, end_number, score_arrow1, score_arrow2, score_arrow3, score_arrow4, score_arrow5, score_arrow6) values ('3369', '562', '3', '9', '8', '7', '4', '3', '2');
insert into EndScores (end_id, range_score_id, end_number, score_arrow1, score_arrow2, score_arrow3, score_arrow4, score_arrow5, score_arrow6) values ('3370', '562', '4', '9', '9', '8', '4', '3', '1');
insert into EndScores (end_id, range_score_id, end_number, score_arrow1, score_arrow2, score_arrow3, score_arrow4, score_arrow5, score_arrow6) values ('3371', '562', '5', '8', '8', '7', '6', '4', '0');
insert into EndScores (end_id, range_score_id, end_number, score_arrow1, score_arrow2, score_arrow3, score_arrow4, score_arrow5, score_arrow6) values ('3372', '562', '6', '9', '9', '8', '3', '3', '2');
insert into RangeScores (range_score_id, round_score_id, round_range_id) values ('563', '141', '19');
insert into EndScores (end_id, range_score_id, end_number, score_arrow1, score_arrow2, score_arrow3, score_arrow4, score_arrow5, score_arrow6) values ('3373', '563', '1', '9', '8', '7', '6', '6', '0');
insert into EndScores (end_id, range_score_id, end_number, score_arrow1, score_arrow2, score_arrow3, score_arrow4, score_arrow5, score_arrow6) values ('3374', '563', '2', '7', '6', '5', '4', '3', '2');
insert into EndScores (end_id, range_score_id, end_number, score_arrow1, score_arrow2, score_arrow3, score_arrow4, score_arrow5, score_arrow6) values ('3375', '563', '3', '8', '7', '5', '3', '2', '0');
insert into EndScores (end_id, range_score_id, end_number, score_arrow1, score_arrow2, score_arrow3, score_arrow4, score_arrow5, score_arrow6) values ('3376', '563', '4', '8', '6', '5', '3', '1', '0');
insert into EndScores (end_id, range_score_id, end_number, score_arrow1, score_arrow2, score_arrow3, score_arrow4, score_arrow5, score_arrow6) values ('3377', '563', '5', '7', '6', '5', '3', '2', '0');
insert into EndScores (end_id, range_score_id, end_number, score_arrow1, score_arrow2, score_arrow3, score_arrow4, score_arrow5, score_arrow6) values ('3378', '563', '6', '5', '5', '4', '1', '0', '0');
insert into RangeScores (range_score_id, round_score_id, round_range_id) values ('564', '141', '20');
insert into EndScores (end_id, range_score_id, end_number, score_arrow1, score_arrow2, score_arrow3, score_arrow4, score_arrow5, score_arrow6) values ('3379', '564', '1', '4', '3', '2', '2', '1', '0');
insert into EndScores (end_id, range_score_id, end_number, score_arrow1, score_arrow2, score_arrow3, score_arrow4, score_arrow5, score_arrow6) values ('3380', '564', '2', '9', '8', '7', '5', '1', '0');
insert into EndScores (end_id, range_score_id, end_number, score_arrow1, score_arrow2, score_arrow3, score_arrow4, score_arrow5, score_arrow6) values ('3381', '564', '3', '9', '9', '9', '7', '6', '2');
insert into EndScores (end_id, range_score_id, end_number, score_arrow1, score_arrow2, score_arrow3, score_arrow4, score_arrow5, score_arrow6) values ('3382', '564', '4', '7', '7', '4', '4', '2', '2');
insert into EndScores (end_id, range_score_id, end_number, score_arrow1, score_arrow2, score_arrow3, score_arrow4, score_arrow5, score_arrow6) values ('3383', '564', '5', '9', '7', '4', '3', '3', '2');
insert into EndScores (end_id, range_score_id, end_number, score_arrow1, score_arrow2, score_arrow3, score_arrow4, score_arrow5, score_arrow6) values ('3384', '564', '6', '9', '7', '5', '3', '3', '1');
insert into CompetitionEnrolments (archer_id, competition_id) values ('144', '20');
insert into RoundScores (round_score_id, archer_id, competition_id, round_score_date_time, equipment_id, round_def_id, total_score, category_id) values ('142', '144', '20', '2023-04-23 11:39:24.107', 'L', '4', '631', '20');
insert into RangeScores (range_score_id, round_score_id, round_range_id) values ('565', '142', '13');
insert into EndScores (end_id, range_score_id, end_number, score_arrow1, score_arrow2, score_arrow3, score_arrow4, score_arrow5, score_arrow6) values ('3385', '565', '1', '9', '9', '5', '3', '3', '0');
insert into EndScores (end_id, range_score_id, end_number, score_arrow1, score_arrow2, score_arrow3, score_arrow4, score_arrow5, score_arrow6) values ('3386', '565', '2', '8', '7', '6', '4', '2', '1');
insert into EndScores (end_id, range_score_id, end_number, score_arrow1, score_arrow2, score_arrow3, score_arrow4, score_arrow5, score_arrow6) values ('3387', '565', '3', '9', '9', '6', '4', '2', '0');
insert into EndScores (end_id, range_score_id, end_number, score_arrow1, score_arrow2, score_arrow3, score_arrow4, score_arrow5, score_arrow6) values ('3388', '565', '4', '8', '4', '4', '3', '2', '1');
insert into EndScores (end_id, range_score_id, end_number, score_arrow1, score_arrow2, score_arrow3, score_arrow4, score_arrow5, score_arrow6) values ('3389', '565', '5', '8', '7', '6', '5', '2', '1');
insert into EndScores (end_id, range_score_id, end_number, score_arrow1, score_arrow2, score_arrow3, score_arrow4, score_arrow5, score_arrow6) values ('3390', '565', '6', '9', '8', '8', '6', '5', '4');
insert into RangeScores (range_score_id, round_score_id, round_range_id) values ('566', '142', '14');
insert into EndScores (end_id, range_score_id, end_number, score_arrow1, score_arrow2, score_arrow3, score_arrow4, score_arrow5, score_arrow6) values ('3391', '566', '1', '9', '6', '2', '1', '1', '1');
insert into EndScores (end_id, range_score_id, end_number, score_arrow1, score_arrow2, score_arrow3, score_arrow4, score_arrow5, score_arrow6) values ('3392', '566', '2', '7', '5', '5', '3', '3', '0');
insert into EndScores (end_id, range_score_id, end_number, score_arrow1, score_arrow2, score_arrow3, score_arrow4, score_arrow5, score_arrow6) values ('3393', '566', '3', '7', '2', '2', '2', '1', '0');
insert into EndScores (end_id, range_score_id, end_number, score_arrow1, score_arrow2, score_arrow3, score_arrow4, score_arrow5, score_arrow6) values ('3394', '566', '4', '9', '6', '6', '6', '6', '5');
insert into EndScores (end_id, range_score_id, end_number, score_arrow1, score_arrow2, score_arrow3, score_arrow4, score_arrow5, score_arrow6) values ('3395', '566', '5', '8', '6', '3', '1', '1', '0');
insert into EndScores (end_id, range_score_id, end_number, score_arrow1, score_arrow2, score_arrow3, score_arrow4, score_arrow5, score_arrow6) values ('3396', '566', '6', '9', '7', '7', '7', '2', '1');
insert into RangeScores (range_score_id, round_score_id, round_range_id) values ('567', '142', '15');
insert into EndScores (end_id, range_score_id, end_number, score_arrow1, score_arrow2, score_arrow3, score_arrow4, score_arrow5, score_arrow6) values ('3397', '567', '1', '7', '7', '4', '2', '0', '0');
insert into EndScores (end_id, range_score_id, end_number, score_arrow1, score_arrow2, score_arrow3, score_arrow4, score_arrow5, score_arrow6) values ('3398', '567', '2', '8', '8', '5', '3', '0', '0');
insert into EndScores (end_id, range_score_id, end_number, score_arrow1, score_arrow2, score_arrow3, score_arrow4, score_arrow5, score_arrow6) values ('3399', '567', '3', '9', '8', '5', '3', '2', '0');
insert into EndScores (end_id, range_score_id, end_number, score_arrow1, score_arrow2, score_arrow3, score_arrow4, score_arrow5, score_arrow6) values ('3400', '567', '4', '8', '8', '5', '3', '1', '1');
insert into EndScores (end_id, range_score_id, end_number, score_arrow1, score_arrow2, score_arrow3, score_arrow4, score_arrow5, score_arrow6) values ('3401', '567', '5', '7', '5', '2', '2', '2', '1');
insert into EndScores (end_id, range_score_id, end_number, score_arrow1, score_arrow2, score_arrow3, score_arrow4, score_arrow5, score_arrow6) values ('3402', '567', '6', '9', '9', '9', '7', '7', '0');
insert into RangeScores (range_score_id, round_score_id, round_range_id) values ('568', '142', '16');
insert into EndScores (end_id, range_score_id, end_number, score_arrow1, score_arrow2, score_arrow3, score_arrow4, score_arrow5, score_arrow6) values ('3403', '568', '1', '9', '5', '5', '5', '4', '3');
insert into EndScores (end_id, range_score_id, end_number, score_arrow1, score_arrow2, score_arrow3, score_arrow4, score_arrow5, score_arrow6) values ('3404', '568', '2', '9', '7', '3', '1', '1', '0');
insert into EndScores (end_id, range_score_id, end_number, score_arrow1, score_arrow2, score_arrow3, score_arrow4, score_arrow5, score_arrow6) values ('3405', '568', '3', '8', '7', '7', '6', '2', '1');
insert into EndScores (end_id, range_score_id, end_number, score_arrow1, score_arrow2, score_arrow3, score_arrow4, score_arrow5, score_arrow6) values ('3406', '568', '4', '5', '5', '4', '3', '2', '2');
insert into EndScores (end_id, range_score_id, end_number, score_arrow1, score_arrow2, score_arrow3, score_arrow4, score_arrow5, score_arrow6) values ('3407', '568', '5', '8', '7', '3', '3', '2', '0');
insert into EndScores (end_id, range_score_id, end_number, score_arrow1, score_arrow2, score_arrow3, score_arrow4, score_arrow5, score_arrow6) values ('3408', '568', '6', '8', '7', '5', '1', '1', '0');
insert into CompetitionEnrolments (archer_id, competition_id) values ('145', '2');
insert into RoundScores (round_score_id, archer_id, competition_id, round_score_date_time, equipment_id, round_def_id, total_score, category_id) values ('143', '145', '2', '2023-04-23 15:7:11.981', 'C', '1', '685', '2');
insert into RangeScores (range_score_id, round_score_id, round_range_id) values ('569', '143', '1');
insert into EndScores (end_id, range_score_id, end_number, score_arrow1, score_arrow2, score_arrow3, score_arrow4, score_arrow5, score_arrow6) values ('3409', '569', '1', '9', '8', '8', '5', '3', '0');
insert into EndScores (end_id, range_score_id, end_number, score_arrow1, score_arrow2, score_arrow3, score_arrow4, score_arrow5, score_arrow6) values ('3410', '569', '2', '9', '8', '6', '1', '1', '1');
insert into EndScores (end_id, range_score_id, end_number, score_arrow1, score_arrow2, score_arrow3, score_arrow4, score_arrow5, score_arrow6) values ('3411', '569', '3', '7', '7', '4', '3', '2', '0');
insert into EndScores (end_id, range_score_id, end_number, score_arrow1, score_arrow2, score_arrow3, score_arrow4, score_arrow5, score_arrow6) values ('3412', '569', '4', '8', '5', '3', '3', '1', '1');
insert into EndScores (end_id, range_score_id, end_number, score_arrow1, score_arrow2, score_arrow3, score_arrow4, score_arrow5, score_arrow6) values ('3413', '569', '5', '9', '8', '6', '3', '3', '0');
insert into EndScores (end_id, range_score_id, end_number, score_arrow1, score_arrow2, score_arrow3, score_arrow4, score_arrow5, score_arrow6) values ('3414', '569', '6', '8', '6', '5', '3', '0', '0');
insert into RangeScores (range_score_id, round_score_id, round_range_id) values ('570', '143', '2');
insert into EndScores (end_id, range_score_id, end_number, score_arrow1, score_arrow2, score_arrow3, score_arrow4, score_arrow5, score_arrow6) values ('3415', '570', '1', '8', '8', '6', '2', '2', '0');
insert into EndScores (end_id, range_score_id, end_number, score_arrow1, score_arrow2, score_arrow3, score_arrow4, score_arrow5, score_arrow6) values ('3416', '570', '2', '8', '7', '5', '4', '4', '3');
insert into EndScores (end_id, range_score_id, end_number, score_arrow1, score_arrow2, score_arrow3, score_arrow4, score_arrow5, score_arrow6) values ('3417', '570', '3', '8', '7', '7', '7', '5', '5');
insert into EndScores (end_id, range_score_id, end_number, score_arrow1, score_arrow2, score_arrow3, score_arrow4, score_arrow5, score_arrow6) values ('3418', '570', '4', '9', '7', '7', '7', '4', '3');
insert into EndScores (end_id, range_score_id, end_number, score_arrow1, score_arrow2, score_arrow3, score_arrow4, score_arrow5, score_arrow6) values ('3419', '570', '5', '9', '6', '6', '5', '4', '1');
insert into EndScores (end_id, range_score_id, end_number, score_arrow1, score_arrow2, score_arrow3, score_arrow4, score_arrow5, score_arrow6) values ('3420', '570', '6', '8', '5', '2', '2', '2', '1');
insert into RangeScores (range_score_id, round_score_id, round_range_id) values ('571', '143', '3');
insert into EndScores (end_id, range_score_id, end_number, score_arrow1, score_arrow2, score_arrow3, score_arrow4, score_arrow5, score_arrow6) values ('3421', '571', '1', '7', '6', '5', '2', '1', '1');
insert into EndScores (end_id, range_score_id, end_number, score_arrow1, score_arrow2, score_arrow3, score_arrow4, score_arrow5, score_arrow6) values ('3422', '571', '2', '9', '8', '7', '7', '6', '2');
insert into EndScores (end_id, range_score_id, end_number, score_arrow1, score_arrow2, score_arrow3, score_arrow4, score_arrow5, score_arrow6) values ('3423', '571', '3', '8', '8', '7', '6', '5', '2');
insert into EndScores (end_id, range_score_id, end_number, score_arrow1, score_arrow2, score_arrow3, score_arrow4, score_arrow5, score_arrow6) values ('3424', '571', '4', '5', '4', '4', '3', '2', '0');
insert into EndScores (end_id, range_score_id, end_number, score_arrow1, score_arrow2, score_arrow3, score_arrow4, score_arrow5, score_arrow6) values ('3425', '571', '5', '9', '7', '7', '5', '2', '0');
insert into EndScores (end_id, range_score_id, end_number, score_arrow1, score_arrow2, score_arrow3, score_arrow4, score_arrow5, score_arrow6) values ('3426', '571', '6', '7', '7', '5', '5', '4', '2');
insert into RangeScores (range_score_id, round_score_id, round_range_id) values ('572', '143', '4');
insert into EndScores (end_id, range_score_id, end_number, score_arrow1, score_arrow2, score_arrow3, score_arrow4, score_arrow5, score_arrow6) values ('3427', '572', '1', '8', '7', '6', '3', '3', '2');
insert into EndScores (end_id, range_score_id, end_number, score_arrow1, score_arrow2, score_arrow3, score_arrow4, score_arrow5, score_arrow6) values ('3428', '572', '2', '9', '7', '6', '3', '2', '2');
insert into EndScores (end_id, range_score_id, end_number, score_arrow1, score_arrow2, score_arrow3, score_arrow4, score_arrow5, score_arrow6) values ('3429', '572', '3', '9', '9', '7', '6', '6', '1');
insert into EndScores (end_id, range_score_id, end_number, score_arrow1, score_arrow2, score_arrow3, score_arrow4, score_arrow5, score_arrow6) values ('3430', '572', '4', '8', '7', '5', '4', '0', '0');
insert into EndScores (end_id, range_score_id, end_number, score_arrow1, score_arrow2, score_arrow3, score_arrow4, score_arrow5, score_arrow6) values ('3431', '572', '5', '9', '8', '5', '5', '2', '1');
insert into EndScores (end_id, range_score_id, end_number, score_arrow1, score_arrow2, score_arrow3, score_arrow4, score_arrow5, score_arrow6) values ('3432', '572', '6', '9', '6', '4', '2', '1', '0');
insert into CompetitionEnrolments (archer_id, competition_id) values ('146', '29');
insert into RoundScores (round_score_id, archer_id, competition_id, round_score_date_time, equipment_id, round_def_id, total_score, category_id) values ('144', '146', '29', '2023-04-23 10:25:29.196', 'R', '4', '646', '29');
insert into RangeScores (range_score_id, round_score_id, round_range_id) values ('573', '144', '13');
insert into EndScores (end_id, range_score_id, end_number, score_arrow1, score_arrow2, score_arrow3, score_arrow4, score_arrow5, score_arrow6) values ('3433', '573', '1', '9', '8', '7', '3', '1', '0');
insert into EndScores (end_id, range_score_id, end_number, score_arrow1, score_arrow2, score_arrow3, score_arrow4, score_arrow5, score_arrow6) values ('3434', '573', '2', '9', '9', '8', '8', '8', '3');
insert into EndScores (end_id, range_score_id, end_number, score_arrow1, score_arrow2, score_arrow3, score_arrow4, score_arrow5, score_arrow6) values ('3435', '573', '3', '8', '8', '6', '4', '4', '0');
insert into EndScores (end_id, range_score_id, end_number, score_arrow1, score_arrow2, score_arrow3, score_arrow4, score_arrow5, score_arrow6) values ('3436', '573', '4', '7', '6', '6', '4', '4', '2');
insert into EndScores (end_id, range_score_id, end_number, score_arrow1, score_arrow2, score_arrow3, score_arrow4, score_arrow5, score_arrow6) values ('3437', '573', '5', '9', '8', '8', '7', '5', '0');
insert into EndScores (end_id, range_score_id, end_number, score_arrow1, score_arrow2, score_arrow3, score_arrow4, score_arrow5, score_arrow6) values ('3438', '573', '6', '9', '8', '5', '4', '4', '1');
insert into RangeScores (range_score_id, round_score_id, round_range_id) values ('574', '144', '14');
insert into EndScores (end_id, range_score_id, end_number, score_arrow1, score_arrow2, score_arrow3, score_arrow4, score_arrow5, score_arrow6) values ('3439', '574', '1', '9', '7', '7', '6', '5', '4');
insert into EndScores (end_id, range_score_id, end_number, score_arrow1, score_arrow2, score_arrow3, score_arrow4, score_arrow5, score_arrow6) values ('3440', '574', '2', '7', '6', '5', '4', '3', '2');
insert into EndScores (end_id, range_score_id, end_number, score_arrow1, score_arrow2, score_arrow3, score_arrow4, score_arrow5, score_arrow6) values ('3441', '574', '3', '4', '4', '4', '3', '3', '0');
insert into EndScores (end_id, range_score_id, end_number, score_arrow1, score_arrow2, score_arrow3, score_arrow4, score_arrow5, score_arrow6) values ('3442', '574', '4', '4', '3', '3', '2', '0', '0');
insert into EndScores (end_id, range_score_id, end_number, score_arrow1, score_arrow2, score_arrow3, score_arrow4, score_arrow5, score_arrow6) values ('3443', '574', '5', '9', '6', '5', '2', '1', '1');
insert into EndScores (end_id, range_score_id, end_number, score_arrow1, score_arrow2, score_arrow3, score_arrow4, score_arrow5, score_arrow6) values ('3444', '574', '6', '8', '7', '5', '2', '1', '0');
insert into RangeScores (range_score_id, round_score_id, round_range_id) values ('575', '144', '15');
insert into EndScores (end_id, range_score_id, end_number, score_arrow1, score_arrow2, score_arrow3, score_arrow4, score_arrow5, score_arrow6) values ('3445', '575', '1', '8', '7', '6', '6', '6', '5');
insert into EndScores (end_id, range_score_id, end_number, score_arrow1, score_arrow2, score_arrow3, score_arrow4, score_arrow5, score_arrow6) values ('3446', '575', '2', '8', '3', '3', '3', '1', '0');
insert into EndScores (end_id, range_score_id, end_number, score_arrow1, score_arrow2, score_arrow3, score_arrow4, score_arrow5, score_arrow6) values ('3447', '575', '3', '8', '8', '6', '6', '6', '4');
insert into EndScores (end_id, range_score_id, end_number, score_arrow1, score_arrow2, score_arrow3, score_arrow4, score_arrow5, score_arrow6) values ('3448', '575', '4', '7', '6', '3', '3', '1', '0');
insert into EndScores (end_id, range_score_id, end_number, score_arrow1, score_arrow2, score_arrow3, score_arrow4, score_arrow5, score_arrow6) values ('3449', '575', '5', '7', '7', '5', '4', '1', '0');
insert into EndScores (end_id, range_score_id, end_number, score_arrow1, score_arrow2, score_arrow3, score_arrow4, score_arrow5, score_arrow6) values ('3450', '575', '6', '8', '7', '4', '1', '1', '0');
insert into RangeScores (range_score_id, round_score_id, round_range_id) values ('576', '144', '16');
insert into EndScores (end_id, range_score_id, end_number, score_arrow1, score_arrow2, score_arrow3, score_arrow4, score_arrow5, score_arrow6) values ('3451', '576', '1', '7', '7', '6', '2', '1', '0');
insert into EndScores (end_id, range_score_id, end_number, score_arrow1, score_arrow2, score_arrow3, score_arrow4, score_arrow5, score_arrow6) values ('3452', '576', '2', '9', '7', '4', '3', '2', '1');
insert into EndScores (end_id, range_score_id, end_number, score_arrow1, score_arrow2, score_arrow3, score_arrow4, score_arrow5, score_arrow6) values ('3453', '576', '3', '8', '5', '2', '1', '1', '0');
insert into EndScores (end_id, range_score_id, end_number, score_arrow1, score_arrow2, score_arrow3, score_arrow4, score_arrow5, score_arrow6) values ('3454', '576', '4', '9', '8', '4', '1', '1', '0');
insert into EndScores (end_id, range_score_id, end_number, score_arrow1, score_arrow2, score_arrow3, score_arrow4, score_arrow5, score_arrow6) values ('3455', '576', '5', '9', '9', '7', '4', '0', '0');
insert into EndScores (end_id, range_score_id, end_number, score_arrow1, score_arrow2, score_arrow3, score_arrow4, score_arrow5, score_arrow6) values ('3456', '576', '6', '8', '7', '7', '4', '1', '0');
insert into CompetitionEnrolments (archer_id, competition_id) values ('147', '2');
insert into RoundScores (round_score_id, archer_id, competition_id, round_score_date_time, equipment_id, round_def_id, total_score, category_id) values ('145', '147', '2', '2023-04-23 17:51:23.728', 'C', '1', '517', '2');
insert into RangeScores (range_score_id, round_score_id, round_range_id) values ('577', '145', '1');
insert into EndScores (end_id, range_score_id, end_number, score_arrow1, score_arrow2, score_arrow3, score_arrow4, score_arrow5, score_arrow6) values ('3457', '577', '1', '9', '7', '5', '3', '1', '0');
insert into EndScores (end_id, range_score_id, end_number, score_arrow1, score_arrow2, score_arrow3, score_arrow4, score_arrow5, score_arrow6) values ('3458', '577', '2', '7', '4', '2', '1', '1', '0');
insert into EndScores (end_id, range_score_id, end_number, score_arrow1, score_arrow2, score_arrow3, score_arrow4, score_arrow5, score_arrow6) values ('3459', '577', '3', '8', '7', '4', '2', '1', '1');
insert into EndScores (end_id, range_score_id, end_number, score_arrow1, score_arrow2, score_arrow3, score_arrow4, score_arrow5, score_arrow6) values ('3460', '577', '4', '4', '3', '2', '2', '2', '0');
insert into EndScores (end_id, range_score_id, end_number, score_arrow1, score_arrow2, score_arrow3, score_arrow4, score_arrow5, score_arrow6) values ('3461', '577', '5', '9', '5', '2', '1', '0', '0');
insert into EndScores (end_id, range_score_id, end_number, score_arrow1, score_arrow2, score_arrow3, score_arrow4, score_arrow5, score_arrow6) values ('3462', '577', '6', '8', '8', '3', '2', '1', '0');
insert into RangeScores (range_score_id, round_score_id, round_range_id) values ('578', '145', '2');
insert into EndScores (end_id, range_score_id, end_number, score_arrow1, score_arrow2, score_arrow3, score_arrow4, score_arrow5, score_arrow6) values ('3463', '578', '1', '9', '9', '7', '6', '6', '5');
insert into EndScores (end_id, range_score_id, end_number, score_arrow1, score_arrow2, score_arrow3, score_arrow4, score_arrow5, score_arrow6) values ('3464', '578', '2', '8', '5', '4', '3', '1', '0');
insert into EndScores (end_id, range_score_id, end_number, score_arrow1, score_arrow2, score_arrow3, score_arrow4, score_arrow5, score_arrow6) values ('3465', '578', '3', '7', '6', '3', '1', '1', '0');
insert into EndScores (end_id, range_score_id, end_number, score_arrow1, score_arrow2, score_arrow3, score_arrow4, score_arrow5, score_arrow6) values ('3466', '578', '4', '5', '4', '4', '3', '3', '3');
insert into EndScores (end_id, range_score_id, end_number, score_arrow1, score_arrow2, score_arrow3, score_arrow4, score_arrow5, score_arrow6) values ('3467', '578', '5', '6', '6', '5', '4', '2', '1');
insert into EndScores (end_id, range_score_id, end_number, score_arrow1, score_arrow2, score_arrow3, score_arrow4, score_arrow5, score_arrow6) values ('3468', '578', '6', '9', '2', '1', '0', '0', '0');
insert into RangeScores (range_score_id, round_score_id, round_range_id) values ('579', '145', '3');
insert into EndScores (end_id, range_score_id, end_number, score_arrow1, score_arrow2, score_arrow3, score_arrow4, score_arrow5, score_arrow6) values ('3469', '579', '1', '7', '5', '4', '3', '2', '0');
insert into EndScores (end_id, range_score_id, end_number, score_arrow1, score_arrow2, score_arrow3, score_arrow4, score_arrow5, score_arrow6) values ('3470', '579', '2', '7', '6', '5', '4', '3', '3');
insert into EndScores (end_id, range_score_id, end_number, score_arrow1, score_arrow2, score_arrow3, score_arrow4, score_arrow5, score_arrow6) values ('3471', '579', '3', '7', '5', '3', '3', '0', '0');
insert into EndScores (end_id, range_score_id, end_number, score_arrow1, score_arrow2, score_arrow3, score_arrow4, score_arrow5, score_arrow6) values ('3472', '579', '4', '9', '5', '4', '2', '1', '0');
insert into EndScores (end_id, range_score_id, end_number, score_arrow1, score_arrow2, score_arrow3, score_arrow4, score_arrow5, score_arrow6) values ('3473', '579', '5', '6', '2', '1', '1', '0', '0');
insert into EndScores (end_id, range_score_id, end_number, score_arrow1, score_arrow2, score_arrow3, score_arrow4, score_arrow5, score_arrow6) values ('3474', '579', '6', '7', '5', '5', '3', '3', '0');
insert into RangeScores (range_score_id, round_score_id, round_range_id) values ('580', '145', '4');
insert into EndScores (end_id, range_score_id, end_number, score_arrow1, score_arrow2, score_arrow3, score_arrow4, score_arrow5, score_arrow6) values ('3475', '580', '1', '5', '4', '3', '3', '3', '2');
insert into EndScores (end_id, range_score_id, end_number, score_arrow1, score_arrow2, score_arrow3, score_arrow4, score_arrow5, score_arrow6) values ('3476', '580', '2', '4', '3', '1', '0', '0', '0');
insert into EndScores (end_id, range_score_id, end_number, score_arrow1, score_arrow2, score_arrow3, score_arrow4, score_arrow5, score_arrow6) values ('3477', '580', '3', '6', '6', '6', '6', '6', '2');
insert into EndScores (end_id, range_score_id, end_number, score_arrow1, score_arrow2, score_arrow3, score_arrow4, score_arrow5, score_arrow6) values ('3478', '580', '4', '9', '8', '5', '5', '4', '3');
insert into EndScores (end_id, range_score_id, end_number, score_arrow1, score_arrow2, score_arrow3, score_arrow4, score_arrow5, score_arrow6) values ('3479', '580', '5', '9', '8', '7', '5', '1', '1');
insert into EndScores (end_id, range_score_id, end_number, score_arrow1, score_arrow2, score_arrow3, score_arrow4, score_arrow5, score_arrow6) values ('3480', '580', '6', '5', '4', '3', '2', '2', '1');
insert into CompetitionEnrolments (archer_id, competition_id) values ('148', '25');
insert into RoundScores (round_score_id, archer_id, competition_id, round_score_date_time, equipment_id, round_def_id, total_score, category_id) values ('146', '148', '25', '2023-04-23 10:25:10.252', 'R', '3', '644', '25');
insert into RangeScores (range_score_id, round_score_id, round_range_id) values ('581', '146', '9');
insert into EndScores (end_id, range_score_id, end_number, score_arrow1, score_arrow2, score_arrow3, score_arrow4, score_arrow5, score_arrow6) values ('3481', '581', '1', '8', '4', '3', '3', '1', '1');
insert into EndScores (end_id, range_score_id, end_number, score_arrow1, score_arrow2, score_arrow3, score_arrow4, score_arrow5, score_arrow6) values ('3482', '581', '2', '7', '7', '7', '4', '0', '0');
insert into EndScores (end_id, range_score_id, end_number, score_arrow1, score_arrow2, score_arrow3, score_arrow4, score_arrow5, score_arrow6) values ('3483', '581', '3', '8', '3', '3', '2', '0', '0');
insert into EndScores (end_id, range_score_id, end_number, score_arrow1, score_arrow2, score_arrow3, score_arrow4, score_arrow5, score_arrow6) values ('3484', '581', '4', '8', '8', '4', '4', '3', '3');
insert into EndScores (end_id, range_score_id, end_number, score_arrow1, score_arrow2, score_arrow3, score_arrow4, score_arrow5, score_arrow6) values ('3485', '581', '5', '9', '9', '5', '4', '1', '0');
insert into EndScores (end_id, range_score_id, end_number, score_arrow1, score_arrow2, score_arrow3, score_arrow4, score_arrow5, score_arrow6) values ('3486', '581', '6', '8', '8', '7', '7', '5', '4');
insert into RangeScores (range_score_id, round_score_id, round_range_id) values ('582', '146', '10');
insert into EndScores (end_id, range_score_id, end_number, score_arrow1, score_arrow2, score_arrow3, score_arrow4, score_arrow5, score_arrow6) values ('3487', '582', '1', '7', '7', '6', '6', '2', '2');
insert into EndScores (end_id, range_score_id, end_number, score_arrow1, score_arrow2, score_arrow3, score_arrow4, score_arrow5, score_arrow6) values ('3488', '582', '2', '8', '6', '5', '4', '4', '3');
insert into EndScores (end_id, range_score_id, end_number, score_arrow1, score_arrow2, score_arrow3, score_arrow4, score_arrow5, score_arrow6) values ('3489', '582', '3', '8', '7', '2', '1', '1', '0');
insert into EndScores (end_id, range_score_id, end_number, score_arrow1, score_arrow2, score_arrow3, score_arrow4, score_arrow5, score_arrow6) values ('3490', '582', '4', '9', '7', '3', '2', '1', '1');
insert into EndScores (end_id, range_score_id, end_number, score_arrow1, score_arrow2, score_arrow3, score_arrow4, score_arrow5, score_arrow6) values ('3491', '582', '5', '8', '7', '4', '2', '2', '0');
insert into EndScores (end_id, range_score_id, end_number, score_arrow1, score_arrow2, score_arrow3, score_arrow4, score_arrow5, score_arrow6) values ('3492', '582', '6', '8', '6', '5', '5', '1', '0');
insert into RangeScores (range_score_id, round_score_id, round_range_id) values ('583', '146', '11');
insert into EndScores (end_id, range_score_id, end_number, score_arrow1, score_arrow2, score_arrow3, score_arrow4, score_arrow5, score_arrow6) values ('3493', '583', '1', '8', '8', '7', '5', '4', '3');
insert into EndScores (end_id, range_score_id, end_number, score_arrow1, score_arrow2, score_arrow3, score_arrow4, score_arrow5, score_arrow6) values ('3494', '583', '2', '8', '7', '6', '4', '3', '3');
insert into EndScores (end_id, range_score_id, end_number, score_arrow1, score_arrow2, score_arrow3, score_arrow4, score_arrow5, score_arrow6) values ('3495', '583', '3', '8', '5', '4', '4', '4', '3');
insert into EndScores (end_id, range_score_id, end_number, score_arrow1, score_arrow2, score_arrow3, score_arrow4, score_arrow5, score_arrow6) values ('3496', '583', '4', '8', '7', '7', '5', '3', '0');
insert into EndScores (end_id, range_score_id, end_number, score_arrow1, score_arrow2, score_arrow3, score_arrow4, score_arrow5, score_arrow6) values ('3497', '583', '5', '7', '4', '2', '2', '0', '0');
insert into EndScores (end_id, range_score_id, end_number, score_arrow1, score_arrow2, score_arrow3, score_arrow4, score_arrow5, score_arrow6) values ('3498', '583', '6', '9', '6', '3', '1', '1', '0');
insert into RangeScores (range_score_id, round_score_id, round_range_id) values ('584', '146', '12');
insert into EndScores (end_id, range_score_id, end_number, score_arrow1, score_arrow2, score_arrow3, score_arrow4, score_arrow5, score_arrow6) values ('3499', '584', '1', '8', '7', '5', '5', '3', '1');
insert into EndScores (end_id, range_score_id, end_number, score_arrow1, score_arrow2, score_arrow3, score_arrow4, score_arrow5, score_arrow6) values ('3500', '584', '2', '9', '7', '6', '2', '2', '2');
insert into EndScores (end_id, range_score_id, end_number, score_arrow1, score_arrow2, score_arrow3, score_arrow4, score_arrow5, score_arrow6) values ('3501', '584', '3', '9', '8', '7', '5', '3', '1');
insert into EndScores (end_id, range_score_id, end_number, score_arrow1, score_arrow2, score_arrow3, score_arrow4, score_arrow5, score_arrow6) values ('3502', '584', '4', '9', '7', '4', '3', '3', '2');
insert into EndScores (end_id, range_score_id, end_number, score_arrow1, score_arrow2, score_arrow3, score_arrow4, score_arrow5, score_arrow6) values ('3503', '584', '5', '8', '5', '5', '3', '2', '2');
insert into EndScores (end_id, range_score_id, end_number, score_arrow1, score_arrow2, score_arrow3, score_arrow4, score_arrow5, score_arrow6) values ('3504', '584', '6', '7', '7', '6', '5', '5', '4');
insert into CompetitionEnrolments (archer_id, competition_id) values ('149', '25');
insert into RoundScores (round_score_id, archer_id, competition_id, round_score_date_time, equipment_id, round_def_id, total_score, category_id) values ('147', '149', '25', '2023-04-23 14:27:54.970', 'R', '3', '620', '25');
insert into RangeScores (range_score_id, round_score_id, round_range_id) values ('585', '147', '9');
insert into EndScores (end_id, range_score_id, end_number, score_arrow1, score_arrow2, score_arrow3, score_arrow4, score_arrow5, score_arrow6) values ('3505', '585', '1', '8', '7', '5', '4', '2', '2');
insert into EndScores (end_id, range_score_id, end_number, score_arrow1, score_arrow2, score_arrow3, score_arrow4, score_arrow5, score_arrow6) values ('3506', '585', '2', '8', '5', '5', '3', '1', '0');
insert into EndScores (end_id, range_score_id, end_number, score_arrow1, score_arrow2, score_arrow3, score_arrow4, score_arrow5, score_arrow6) values ('3507', '585', '3', '8', '6', '5', '2', '2', '0');
insert into EndScores (end_id, range_score_id, end_number, score_arrow1, score_arrow2, score_arrow3, score_arrow4, score_arrow5, score_arrow6) values ('3508', '585', '4', '9', '7', '4', '1', '0', '0');
insert into EndScores (end_id, range_score_id, end_number, score_arrow1, score_arrow2, score_arrow3, score_arrow4, score_arrow5, score_arrow6) values ('3509', '585', '5', '6', '5', '5', '3', '3', '1');
insert into EndScores (end_id, range_score_id, end_number, score_arrow1, score_arrow2, score_arrow3, score_arrow4, score_arrow5, score_arrow6) values ('3510', '585', '6', '9', '8', '6', '3', '1', '1');
insert into RangeScores (range_score_id, round_score_id, round_range_id) values ('586', '147', '10');
insert into EndScores (end_id, range_score_id, end_number, score_arrow1, score_arrow2, score_arrow3, score_arrow4, score_arrow5, score_arrow6) values ('3511', '586', '1', '8', '8', '8', '1', '0', '0');
insert into EndScores (end_id, range_score_id, end_number, score_arrow1, score_arrow2, score_arrow3, score_arrow4, score_arrow5, score_arrow6) values ('3512', '586', '2', '9', '6', '5', '5', '4', '3');
insert into EndScores (end_id, range_score_id, end_number, score_arrow1, score_arrow2, score_arrow3, score_arrow4, score_arrow5, score_arrow6) values ('3513', '586', '3', '9', '8', '2', '1', '1', '0');
insert into EndScores (end_id, range_score_id, end_number, score_arrow1, score_arrow2, score_arrow3, score_arrow4, score_arrow5, score_arrow6) values ('3514', '586', '4', '6', '2', '2', '2', '1', '1');
insert into EndScores (end_id, range_score_id, end_number, score_arrow1, score_arrow2, score_arrow3, score_arrow4, score_arrow5, score_arrow6) values ('3515', '586', '5', '9', '6', '5', '4', '3', '3');
insert into EndScores (end_id, range_score_id, end_number, score_arrow1, score_arrow2, score_arrow3, score_arrow4, score_arrow5, score_arrow6) values ('3516', '586', '6', '9', '7', '7', '7', '6', '0');
insert into RangeScores (range_score_id, round_score_id, round_range_id) values ('587', '147', '11');
insert into EndScores (end_id, range_score_id, end_number, score_arrow1, score_arrow2, score_arrow3, score_arrow4, score_arrow5, score_arrow6) values ('3517', '587', '1', '9', '5', '5', '4', '1', '0');
insert into EndScores (end_id, range_score_id, end_number, score_arrow1, score_arrow2, score_arrow3, score_arrow4, score_arrow5, score_arrow6) values ('3518', '587', '2', '9', '8', '7', '5', '2', '1');
insert into EndScores (end_id, range_score_id, end_number, score_arrow1, score_arrow2, score_arrow3, score_arrow4, score_arrow5, score_arrow6) values ('3519', '587', '3', '9', '7', '4', '3', '3', '2');
insert into EndScores (end_id, range_score_id, end_number, score_arrow1, score_arrow2, score_arrow3, score_arrow4, score_arrow5, score_arrow6) values ('3520', '587', '4', '8', '5', '4', '2', '1', '1');
insert into EndScores (end_id, range_score_id, end_number, score_arrow1, score_arrow2, score_arrow3, score_arrow4, score_arrow5, score_arrow6) values ('3521', '587', '5', '9', '8', '7', '7', '5', '5');
insert into EndScores (end_id, range_score_id, end_number, score_arrow1, score_arrow2, score_arrow3, score_arrow4, score_arrow5, score_arrow6) values ('3522', '587', '6', '5', '5', '3', '2', '1', '0');
insert into RangeScores (range_score_id, round_score_id, round_range_id) values ('588', '147', '12');
insert into EndScores (end_id, range_score_id, end_number, score_arrow1, score_arrow2, score_arrow3, score_arrow4, score_arrow5, score_arrow6) values ('3523', '588', '1', '9', '3', '3', '2', '2', '1');
insert into EndScores (end_id, range_score_id, end_number, score_arrow1, score_arrow2, score_arrow3, score_arrow4, score_arrow5, score_arrow6) values ('3524', '588', '2', '9', '6', '5', '4', '1', '1');
insert into EndScores (end_id, range_score_id, end_number, score_arrow1, score_arrow2, score_arrow3, score_arrow4, score_arrow5, score_arrow6) values ('3525', '588', '3', '9', '7', '6', '6', '2', '2');
insert into EndScores (end_id, range_score_id, end_number, score_arrow1, score_arrow2, score_arrow3, score_arrow4, score_arrow5, score_arrow6) values ('3526', '588', '4', '8', '8', '6', '5', '5', '4');
insert into EndScores (end_id, range_score_id, end_number, score_arrow1, score_arrow2, score_arrow3, score_arrow4, score_arrow5, score_arrow6) values ('3527', '588', '5', '8', '3', '2', '2', '0', '0');
insert into EndScores (end_id, range_score_id, end_number, score_arrow1, score_arrow2, score_arrow3, score_arrow4, score_arrow5, score_arrow6) values ('3528', '588', '6', '8', '7', '5', '3', '2', '1');
insert into CompetitionEnrolments (archer_id, competition_id) values ('150', '8');
insert into RoundScores (round_score_id, archer_id, competition_id, round_score_date_time, equipment_id, round_def_id, total_score, category_id) values ('148', '150', '8', '2023-04-23 10:11:27.739', 'L', '4', '604', '8');
insert into RangeScores (range_score_id, round_score_id, round_range_id) values ('589', '148', '13');
insert into EndScores (end_id, range_score_id, end_number, score_arrow1, score_arrow2, score_arrow3, score_arrow4, score_arrow5, score_arrow6) values ('3529', '589', '1', '9', '8', '6', '6', '4', '3');
insert into EndScores (end_id, range_score_id, end_number, score_arrow1, score_arrow2, score_arrow3, score_arrow4, score_arrow5, score_arrow6) values ('3530', '589', '2', '9', '9', '6', '6', '6', '5');
insert into EndScores (end_id, range_score_id, end_number, score_arrow1, score_arrow2, score_arrow3, score_arrow4, score_arrow5, score_arrow6) values ('3531', '589', '3', '4', '4', '4', '2', '2', '0');
insert into EndScores (end_id, range_score_id, end_number, score_arrow1, score_arrow2, score_arrow3, score_arrow4, score_arrow5, score_arrow6) values ('3532', '589', '4', '7', '6', '2', '0', '0', '0');
insert into EndScores (end_id, range_score_id, end_number, score_arrow1, score_arrow2, score_arrow3, score_arrow4, score_arrow5, score_arrow6) values ('3533', '589', '5', '9', '7', '2', '2', '2', '0');
insert into EndScores (end_id, range_score_id, end_number, score_arrow1, score_arrow2, score_arrow3, score_arrow4, score_arrow5, score_arrow6) values ('3534', '589', '6', '9', '8', '8', '8', '5', '1');
insert into RangeScores (range_score_id, round_score_id, round_range_id) values ('590', '148', '14');
insert into EndScores (end_id, range_score_id, end_number, score_arrow1, score_arrow2, score_arrow3, score_arrow4, score_arrow5, score_arrow6) values ('3535', '590', '1', '7', '7', '3', '3', '1', '1');
insert into EndScores (end_id, range_score_id, end_number, score_arrow1, score_arrow2, score_arrow3, score_arrow4, score_arrow5, score_arrow6) values ('3536', '590', '2', '6', '6', '4', '3', '2', '1');
insert into EndScores (end_id, range_score_id, end_number, score_arrow1, score_arrow2, score_arrow3, score_arrow4, score_arrow5, score_arrow6) values ('3537', '590', '3', '6', '3', '3', '3', '3', '0');
insert into EndScores (end_id, range_score_id, end_number, score_arrow1, score_arrow2, score_arrow3, score_arrow4, score_arrow5, score_arrow6) values ('3538', '590', '4', '9', '4', '2', '2', '1', '0');
insert into EndScores (end_id, range_score_id, end_number, score_arrow1, score_arrow2, score_arrow3, score_arrow4, score_arrow5, score_arrow6) values ('3539', '590', '5', '9', '3', '3', '2', '1', '0');
insert into EndScores (end_id, range_score_id, end_number, score_arrow1, score_arrow2, score_arrow3, score_arrow4, score_arrow5, score_arrow6) values ('3540', '590', '6', '9', '8', '7', '4', '3', '2');
insert into RangeScores (range_score_id, round_score_id, round_range_id) values ('591', '148', '15');
insert into EndScores (end_id, range_score_id, end_number, score_arrow1, score_arrow2, score_arrow3, score_arrow4, score_arrow5, score_arrow6) values ('3541', '591', '1', '8', '7', '7', '5', '2', '0');
insert into EndScores (end_id, range_score_id, end_number, score_arrow1, score_arrow2, score_arrow3, score_arrow4, score_arrow5, score_arrow6) values ('3542', '591', '2', '6', '6', '4', '1', '0', '0');
insert into EndScores (end_id, range_score_id, end_number, score_arrow1, score_arrow2, score_arrow3, score_arrow4, score_arrow5, score_arrow6) values ('3543', '591', '3', '6', '5', '5', '3', '2', '1');
insert into EndScores (end_id, range_score_id, end_number, score_arrow1, score_arrow2, score_arrow3, score_arrow4, score_arrow5, score_arrow6) values ('3544', '591', '4', '8', '8', '8', '7', '6', '4');
insert into EndScores (end_id, range_score_id, end_number, score_arrow1, score_arrow2, score_arrow3, score_arrow4, score_arrow5, score_arrow6) values ('3545', '591', '5', '7', '5', '5', '3', '3', '0');
insert into EndScores (end_id, range_score_id, end_number, score_arrow1, score_arrow2, score_arrow3, score_arrow4, score_arrow5, score_arrow6) values ('3546', '591', '6', '6', '4', '4', '3', '2', '1');
insert into RangeScores (range_score_id, round_score_id, round_range_id) values ('592', '148', '16');
insert into EndScores (end_id, range_score_id, end_number, score_arrow1, score_arrow2, score_arrow3, score_arrow4, score_arrow5, score_arrow6) values ('3547', '592', '1', '8', '6', '3', '1', '1', '0');
insert into EndScores (end_id, range_score_id, end_number, score_arrow1, score_arrow2, score_arrow3, score_arrow4, score_arrow5, score_arrow6) values ('3548', '592', '2', '8', '6', '4', '2', '1', '0');
insert into EndScores (end_id, range_score_id, end_number, score_arrow1, score_arrow2, score_arrow3, score_arrow4, score_arrow5, score_arrow6) values ('3549', '592', '3', '9', '9', '6', '4', '2', '2');
insert into EndScores (end_id, range_score_id, end_number, score_arrow1, score_arrow2, score_arrow3, score_arrow4, score_arrow5, score_arrow6) values ('3550', '592', '4', '9', '8', '7', '5', '0', '0');
insert into EndScores (end_id, range_score_id, end_number, score_arrow1, score_arrow2, score_arrow3, score_arrow4, score_arrow5, score_arrow6) values ('3551', '592', '5', '8', '5', '4', '3', '2', '2');
insert into EndScores (end_id, range_score_id, end_number, score_arrow1, score_arrow2, score_arrow3, score_arrow4, score_arrow5, score_arrow6) values ('3552', '592', '6', '8', '6', '4', '4', '3', '2');
insert into CompetitionEnrolments (archer_id, competition_id) values ('151', '3');
insert into RoundScores (round_score_id, archer_id, competition_id, round_score_date_time, equipment_id, round_def_id, total_score, category_id) values ('149', '151', '3', '2023-04-23 11:19:44.737', 'B', '2', '661', '3');
insert into RangeScores (range_score_id, round_score_id, round_range_id) values ('593', '149', '5');
insert into EndScores (end_id, range_score_id, end_number, score_arrow1, score_arrow2, score_arrow3, score_arrow4, score_arrow5, score_arrow6) values ('3553', '593', '1', '8', '8', '7', '7', '4', '2');
insert into EndScores (end_id, range_score_id, end_number, score_arrow1, score_arrow2, score_arrow3, score_arrow4, score_arrow5, score_arrow6) values ('3554', '593', '2', '9', '9', '7', '6', '1', '0');
insert into EndScores (end_id, range_score_id, end_number, score_arrow1, score_arrow2, score_arrow3, score_arrow4, score_arrow5, score_arrow6) values ('3555', '593', '3', '8', '7', '7', '6', '4', '2');
insert into EndScores (end_id, range_score_id, end_number, score_arrow1, score_arrow2, score_arrow3, score_arrow4, score_arrow5, score_arrow6) values ('3556', '593', '4', '6', '2', '2', '0', '0', '0');
insert into EndScores (end_id, range_score_id, end_number, score_arrow1, score_arrow2, score_arrow3, score_arrow4, score_arrow5, score_arrow6) values ('3557', '593', '5', '9', '8', '6', '6', '4', '4');
insert into EndScores (end_id, range_score_id, end_number, score_arrow1, score_arrow2, score_arrow3, score_arrow4, score_arrow5, score_arrow6) values ('3558', '593', '6', '9', '9', '6', '1', '1', '0');
insert into RangeScores (range_score_id, round_score_id, round_range_id) values ('594', '149', '6');
insert into EndScores (end_id, range_score_id, end_number, score_arrow1, score_arrow2, score_arrow3, score_arrow4, score_arrow5, score_arrow6) values ('3559', '594', '1', '7', '6', '6', '4', '1', '0');
insert into EndScores (end_id, range_score_id, end_number, score_arrow1, score_arrow2, score_arrow3, score_arrow4, score_arrow5, score_arrow6) values ('3560', '594', '2', '8', '6', '6', '3', '2', '0');
insert into EndScores (end_id, range_score_id, end_number, score_arrow1, score_arrow2, score_arrow3, score_arrow4, score_arrow5, score_arrow6) values ('3561', '594', '3', '9', '7', '7', '5', '4', '3');
insert into EndScores (end_id, range_score_id, end_number, score_arrow1, score_arrow2, score_arrow3, score_arrow4, score_arrow5, score_arrow6) values ('3562', '594', '4', '8', '4', '2', '1', '0', '0');
insert into EndScores (end_id, range_score_id, end_number, score_arrow1, score_arrow2, score_arrow3, score_arrow4, score_arrow5, score_arrow6) values ('3563', '594', '5', '9', '7', '5', '4', '1', '1');
insert into EndScores (end_id, range_score_id, end_number, score_arrow1, score_arrow2, score_arrow3, score_arrow4, score_arrow5, score_arrow6) values ('3564', '594', '6', '9', '8', '6', '6', '2', '0');
insert into RangeScores (range_score_id, round_score_id, round_range_id) values ('595', '149', '7');
insert into EndScores (end_id, range_score_id, end_number, score_arrow1, score_arrow2, score_arrow3, score_arrow4, score_arrow5, score_arrow6) values ('3565', '595', '1', '9', '8', '6', '5', '5', '2');
insert into EndScores (end_id, range_score_id, end_number, score_arrow1, score_arrow2, score_arrow3, score_arrow4, score_arrow5, score_arrow6) values ('3566', '595', '2', '8', '6', '6', '6', '3', '0');
insert into EndScores (end_id, range_score_id, end_number, score_arrow1, score_arrow2, score_arrow3, score_arrow4, score_arrow5, score_arrow6) values ('3567', '595', '3', '8', '5', '4', '3', '2', '1');
insert into EndScores (end_id, range_score_id, end_number, score_arrow1, score_arrow2, score_arrow3, score_arrow4, score_arrow5, score_arrow6) values ('3568', '595', '4', '9', '7', '4', '4', '0', '0');
insert into EndScores (end_id, range_score_id, end_number, score_arrow1, score_arrow2, score_arrow3, score_arrow4, score_arrow5, score_arrow6) values ('3569', '595', '5', '9', '7', '7', '4', '2', '1');
insert into EndScores (end_id, range_score_id, end_number, score_arrow1, score_arrow2, score_arrow3, score_arrow4, score_arrow5, score_arrow6) values ('3570', '595', '6', '9', '7', '6', '4', '3', '0');
insert into RangeScores (range_score_id, round_score_id, round_range_id) values ('596', '149', '8');
insert into EndScores (end_id, range_score_id, end_number, score_arrow1, score_arrow2, score_arrow3, score_arrow4, score_arrow5, score_arrow6) values ('3571', '596', '1', '9', '8', '7', '4', '2', '0');
insert into EndScores (end_id, range_score_id, end_number, score_arrow1, score_arrow2, score_arrow3, score_arrow4, score_arrow5, score_arrow6) values ('3572', '596', '2', '8', '7', '4', '4', '2', '0');
insert into EndScores (end_id, range_score_id, end_number, score_arrow1, score_arrow2, score_arrow3, score_arrow4, score_arrow5, score_arrow6) values ('3573', '596', '3', '8', '7', '7', '7', '4', '0');
insert into EndScores (end_id, range_score_id, end_number, score_arrow1, score_arrow2, score_arrow3, score_arrow4, score_arrow5, score_arrow6) values ('3574', '596', '4', '6', '6', '5', '3', '2', '0');
insert into EndScores (end_id, range_score_id, end_number, score_arrow1, score_arrow2, score_arrow3, score_arrow4, score_arrow5, score_arrow6) values ('3575', '596', '5', '7', '7', '7', '6', '1', '0');
insert into EndScores (end_id, range_score_id, end_number, score_arrow1, score_arrow2, score_arrow3, score_arrow4, score_arrow5, score_arrow6) values ('3576', '596', '6', '7', '5', '4', '4', '1', '0');
insert into CompetitionEnrolments (archer_id, competition_id) values ('152', '12');
insert into RoundScores (round_score_id, archer_id, competition_id, round_score_date_time, equipment_id, round_def_id, total_score, category_id) values ('150', '152', '12', '2023-04-23 14:57:15.953', 'L', '4', '637', '12');
insert into RangeScores (range_score_id, round_score_id, round_range_id) values ('597', '150', '13');
insert into EndScores (end_id, range_score_id, end_number, score_arrow1, score_arrow2, score_arrow3, score_arrow4, score_arrow5, score_arrow6) values ('3577', '597', '1', '6', '5', '2', '1', '0', '0');
insert into EndScores (end_id, range_score_id, end_number, score_arrow1, score_arrow2, score_arrow3, score_arrow4, score_arrow5, score_arrow6) values ('3578', '597', '2', '7', '6', '4', '4', '2', '2');
insert into EndScores (end_id, range_score_id, end_number, score_arrow1, score_arrow2, score_arrow3, score_arrow4, score_arrow5, score_arrow6) values ('3579', '597', '3', '9', '9', '8', '4', '2', '0');
insert into EndScores (end_id, range_score_id, end_number, score_arrow1, score_arrow2, score_arrow3, score_arrow4, score_arrow5, score_arrow6) values ('3580', '597', '4', '9', '8', '5', '3', '1', '1');
insert into EndScores (end_id, range_score_id, end_number, score_arrow1, score_arrow2, score_arrow3, score_arrow4, score_arrow5, score_arrow6) values ('3581', '597', '5', '8', '6', '5', '5', '5', '0');
insert into EndScores (end_id, range_score_id, end_number, score_arrow1, score_arrow2, score_arrow3, score_arrow4, score_arrow5, score_arrow6) values ('3582', '597', '6', '4', '4', '3', '2', '1', '0');
insert into RangeScores (range_score_id, round_score_id, round_range_id) values ('598', '150', '14');
insert into EndScores (end_id, range_score_id, end_number, score_arrow1, score_arrow2, score_arrow3, score_arrow4, score_arrow5, score_arrow6) values ('3583', '598', '1', '9', '8', '7', '7', '3', '0');
insert into EndScores (end_id, range_score_id, end_number, score_arrow1, score_arrow2, score_arrow3, score_arrow4, score_arrow5, score_arrow6) values ('3584', '598', '2', '6', '4', '2', '1', '1', '0');
insert into EndScores (end_id, range_score_id, end_number, score_arrow1, score_arrow2, score_arrow3, score_arrow4, score_arrow5, score_arrow6) values ('3585', '598', '3', '9', '6', '5', '1', '1', '0');
insert into EndScores (end_id, range_score_id, end_number, score_arrow1, score_arrow2, score_arrow3, score_arrow4, score_arrow5, score_arrow6) values ('3586', '598', '4', '8', '8', '6', '5', '3', '1');
insert into EndScores (end_id, range_score_id, end_number, score_arrow1, score_arrow2, score_arrow3, score_arrow4, score_arrow5, score_arrow6) values ('3587', '598', '5', '7', '7', '4', '0', '0', '0');
insert into EndScores (end_id, range_score_id, end_number, score_arrow1, score_arrow2, score_arrow3, score_arrow4, score_arrow5, score_arrow6) values ('3588', '598', '6', '9', '9', '6', '4', '3', '2');
insert into RangeScores (range_score_id, round_score_id, round_range_id) values ('599', '150', '15');
insert into EndScores (end_id, range_score_id, end_number, score_arrow1, score_arrow2, score_arrow3, score_arrow4, score_arrow5, score_arrow6) values ('3589', '599', '1', '9', '8', '7', '6', '4', '1');
insert into EndScores (end_id, range_score_id, end_number, score_arrow1, score_arrow2, score_arrow3, score_arrow4, score_arrow5, score_arrow6) values ('3590', '599', '2', '9', '9', '7', '7', '3', '0');
insert into EndScores (end_id, range_score_id, end_number, score_arrow1, score_arrow2, score_arrow3, score_arrow4, score_arrow5, score_arrow6) values ('3591', '599', '3', '8', '8', '5', '3', '2', '2');
insert into EndScores (end_id, range_score_id, end_number, score_arrow1, score_arrow2, score_arrow3, score_arrow4, score_arrow5, score_arrow6) values ('3592', '599', '4', '6', '6', '3', '3', '2', '1');
insert into EndScores (end_id, range_score_id, end_number, score_arrow1, score_arrow2, score_arrow3, score_arrow4, score_arrow5, score_arrow6) values ('3593', '599', '5', '9', '8', '5', '3', '3', '0');
insert into EndScores (end_id, range_score_id, end_number, score_arrow1, score_arrow2, score_arrow3, score_arrow4, score_arrow5, score_arrow6) values ('3594', '599', '6', '9', '8', '6', '5', '4', '3');
insert into RangeScores (range_score_id, round_score_id, round_range_id) values ('600', '150', '16');
insert into EndScores (end_id, range_score_id, end_number, score_arrow1, score_arrow2, score_arrow3, score_arrow4, score_arrow5, score_arrow6) values ('3595', '600', '1', '9', '4', '3', '2', '1', '0');
insert into EndScores (end_id, range_score_id, end_number, score_arrow1, score_arrow2, score_arrow3, score_arrow4, score_arrow5, score_arrow6) values ('3596', '600', '2', '9', '8', '7', '6', '3', '2');
insert into EndScores (end_id, range_score_id, end_number, score_arrow1, score_arrow2, score_arrow3, score_arrow4, score_arrow5, score_arrow6) values ('3597', '600', '3', '8', '7', '6', '6', '3', '1');
insert into EndScores (end_id, range_score_id, end_number, score_arrow1, score_arrow2, score_arrow3, score_arrow4, score_arrow5, score_arrow6) values ('3598', '600', '4', '9', '8', '4', '3', '3', '1');
insert into EndScores (end_id, range_score_id, end_number, score_arrow1, score_arrow2, score_arrow3, score_arrow4, score_arrow5, score_arrow6) values ('3599', '600', '5', '8', '6', '5', '4', '3', '1');
insert into EndScores (end_id, range_score_id, end_number, score_arrow1, score_arrow2, score_arrow3, score_arrow4, score_arrow5, score_arrow6) values ('3600', '600', '6', '9', '6', '4', '2', '1', '0');
insert into CompetitionEnrolments (archer_id, competition_id) values ('153', '21');
insert into RoundScores (round_score_id, archer_id, competition_id, round_score_date_time, equipment_id, round_def_id, total_score, category_id) values ('151', '153', '21', '2023-04-23 12:42:35.144', 'R', '4', '657', '21');
insert into RangeScores (range_score_id, round_score_id, round_range_id) values ('601', '151', '13');
insert into EndScores (end_id, range_score_id, end_number, score_arrow1, score_arrow2, score_arrow3, score_arrow4, score_arrow5, score_arrow6) values ('3601', '601', '1', '8', '8', '3', '2', '2', '2');
insert into EndScores (end_id, range_score_id, end_number, score_arrow1, score_arrow2, score_arrow3, score_arrow4, score_arrow5, score_arrow6) values ('3602', '601', '2', '9', '7', '4', '3', '3', '1');
insert into EndScores (end_id, range_score_id, end_number, score_arrow1, score_arrow2, score_arrow3, score_arrow4, score_arrow5, score_arrow6) values ('3603', '601', '3', '9', '9', '7', '3', '1', '0');
insert into EndScores (end_id, range_score_id, end_number, score_arrow1, score_arrow2, score_arrow3, score_arrow4, score_arrow5, score_arrow6) values ('3604', '601', '4', '8', '6', '5', '1', '1', '0');
insert into EndScores (end_id, range_score_id, end_number, score_arrow1, score_arrow2, score_arrow3, score_arrow4, score_arrow5, score_arrow6) values ('3605', '601', '5', '9', '9', '7', '7', '2', '0');
insert into EndScores (end_id, range_score_id, end_number, score_arrow1, score_arrow2, score_arrow3, score_arrow4, score_arrow5, score_arrow6) values ('3606', '601', '6', '9', '5', '4', '3', '1', '0');
insert into RangeScores (range_score_id, round_score_id, round_range_id) values ('602', '151', '14');
insert into EndScores (end_id, range_score_id, end_number, score_arrow1, score_arrow2, score_arrow3, score_arrow4, score_arrow5, score_arrow6) values ('3607', '602', '1', '6', '6', '3', '3', '2', '0');
insert into EndScores (end_id, range_score_id, end_number, score_arrow1, score_arrow2, score_arrow3, score_arrow4, score_arrow5, score_arrow6) values ('3608', '602', '2', '8', '7', '3', '2', '2', '1');
insert into EndScores (end_id, range_score_id, end_number, score_arrow1, score_arrow2, score_arrow3, score_arrow4, score_arrow5, score_arrow6) values ('3609', '602', '3', '7', '7', '2', '2', '2', '2');
insert into EndScores (end_id, range_score_id, end_number, score_arrow1, score_arrow2, score_arrow3, score_arrow4, score_arrow5, score_arrow6) values ('3610', '602', '4', '8', '8', '8', '6', '4', '3');
insert into EndScores (end_id, range_score_id, end_number, score_arrow1, score_arrow2, score_arrow3, score_arrow4, score_arrow5, score_arrow6) values ('3611', '602', '5', '7', '7', '6', '2', '2', '0');
insert into EndScores (end_id, range_score_id, end_number, score_arrow1, score_arrow2, score_arrow3, score_arrow4, score_arrow5, score_arrow6) values ('3612', '602', '6', '9', '9', '7', '5', '4', '4');
insert into RangeScores (range_score_id, round_score_id, round_range_id) values ('603', '151', '15');
insert into EndScores (end_id, range_score_id, end_number, score_arrow1, score_arrow2, score_arrow3, score_arrow4, score_arrow5, score_arrow6) values ('3613', '603', '1', '9', '8', '8', '8', '2', '1');
insert into EndScores (end_id, range_score_id, end_number, score_arrow1, score_arrow2, score_arrow3, score_arrow4, score_arrow5, score_arrow6) values ('3614', '603', '2', '9', '8', '7', '5', '2', '2');
insert into EndScores (end_id, range_score_id, end_number, score_arrow1, score_arrow2, score_arrow3, score_arrow4, score_arrow5, score_arrow6) values ('3615', '603', '3', '8', '7', '7', '4', '3', '1');
insert into EndScores (end_id, range_score_id, end_number, score_arrow1, score_arrow2, score_arrow3, score_arrow4, score_arrow5, score_arrow6) values ('3616', '603', '4', '8', '7', '6', '2', '2', '1');
insert into EndScores (end_id, range_score_id, end_number, score_arrow1, score_arrow2, score_arrow3, score_arrow4, score_arrow5, score_arrow6) values ('3617', '603', '5', '9', '7', '6', '5', '5', '5');
insert into EndScores (end_id, range_score_id, end_number, score_arrow1, score_arrow2, score_arrow3, score_arrow4, score_arrow5, score_arrow6) values ('3618', '603', '6', '9', '9', '7', '5', '4', '0');
insert into RangeScores (range_score_id, round_score_id, round_range_id) values ('604', '151', '16');
insert into EndScores (end_id, range_score_id, end_number, score_arrow1, score_arrow2, score_arrow3, score_arrow4, score_arrow5, score_arrow6) values ('3619', '604', '1', '8', '6', '6', '5', '2', '0');
insert into EndScores (end_id, range_score_id, end_number, score_arrow1, score_arrow2, score_arrow3, score_arrow4, score_arrow5, score_arrow6) values ('3620', '604', '2', '4', '4', '3', '1', '0', '0');
insert into EndScores (end_id, range_score_id, end_number, score_arrow1, score_arrow2, score_arrow3, score_arrow4, score_arrow5, score_arrow6) values ('3621', '604', '3', '8', '8', '3', '2', '2', '1');
insert into EndScores (end_id, range_score_id, end_number, score_arrow1, score_arrow2, score_arrow3, score_arrow4, score_arrow5, score_arrow6) values ('3622', '604', '4', '8', '7', '7', '6', '6', '5');
insert into EndScores (end_id, range_score_id, end_number, score_arrow1, score_arrow2, score_arrow3, score_arrow4, score_arrow5, score_arrow6) values ('3623', '604', '5', '9', '7', '2', '1', '0', '0');
insert into EndScores (end_id, range_score_id, end_number, score_arrow1, score_arrow2, score_arrow3, score_arrow4, score_arrow5, score_arrow6) values ('3624', '604', '6', '6', '5', '4', '2', '1', '0');
insert into CompetitionEnrolments (archer_id, competition_id) values ('154', '38');
insert into RoundScores (round_score_id, archer_id, competition_id, round_score_date_time, equipment_id, round_def_id, total_score, category_id) values ('152', '154', '38', '2023-04-23 16:21:13.955', 'C', '2', '666', '38');
insert into RangeScores (range_score_id, round_score_id, round_range_id) values ('605', '152', '5');
insert into EndScores (end_id, range_score_id, end_number, score_arrow1, score_arrow2, score_arrow3, score_arrow4, score_arrow5, score_arrow6) values ('3625', '605', '1', '8', '4', '4', '3', '1', '0');
insert into EndScores (end_id, range_score_id, end_number, score_arrow1, score_arrow2, score_arrow3, score_arrow4, score_arrow5, score_arrow6) values ('3626', '605', '2', '8', '8', '7', '5', '4', '3');
insert into EndScores (end_id, range_score_id, end_number, score_arrow1, score_arrow2, score_arrow3, score_arrow4, score_arrow5, score_arrow6) values ('3627', '605', '3', '4', '3', '1', '0', '0', '0');
insert into EndScores (end_id, range_score_id, end_number, score_arrow1, score_arrow2, score_arrow3, score_arrow4, score_arrow5, score_arrow6) values ('3628', '605', '4', '6', '3', '3', '2', '1', '1');
insert into EndScores (end_id, range_score_id, end_number, score_arrow1, score_arrow2, score_arrow3, score_arrow4, score_arrow5, score_arrow6) values ('3629', '605', '5', '7', '6', '6', '4', '2', '2');
insert into EndScores (end_id, range_score_id, end_number, score_arrow1, score_arrow2, score_arrow3, score_arrow4, score_arrow5, score_arrow6) values ('3630', '605', '6', '7', '6', '5', '4', '4', '2');
insert into RangeScores (range_score_id, round_score_id, round_range_id) values ('606', '152', '6');
insert into EndScores (end_id, range_score_id, end_number, score_arrow1, score_arrow2, score_arrow3, score_arrow4, score_arrow5, score_arrow6) values ('3631', '606', '1', '9', '8', '8', '7', '4', '1');
insert into EndScores (end_id, range_score_id, end_number, score_arrow1, score_arrow2, score_arrow3, score_arrow4, score_arrow5, score_arrow6) values ('3632', '606', '2', '8', '7', '6', '4', '4', '0');
insert into EndScores (end_id, range_score_id, end_number, score_arrow1, score_arrow2, score_arrow3, score_arrow4, score_arrow5, score_arrow6) values ('3633', '606', '3', '9', '6', '6', '4', '4', '1');
insert into EndScores (end_id, range_score_id, end_number, score_arrow1, score_arrow2, score_arrow3, score_arrow4, score_arrow5, score_arrow6) values ('3634', '606', '4', '9', '8', '5', '2', '1', '0');
insert into EndScores (end_id, range_score_id, end_number, score_arrow1, score_arrow2, score_arrow3, score_arrow4, score_arrow5, score_arrow6) values ('3635', '606', '5', '9', '7', '7', '5', '3', '2');
insert into EndScores (end_id, range_score_id, end_number, score_arrow1, score_arrow2, score_arrow3, score_arrow4, score_arrow5, score_arrow6) values ('3636', '606', '6', '9', '5', '5', '4', '4', '1');
insert into RangeScores (range_score_id, round_score_id, round_range_id) values ('607', '152', '7');
insert into EndScores (end_id, range_score_id, end_number, score_arrow1, score_arrow2, score_arrow3, score_arrow4, score_arrow5, score_arrow6) values ('3637', '607', '1', '7', '5', '3', '2', '2', '1');
insert into EndScores (end_id, range_score_id, end_number, score_arrow1, score_arrow2, score_arrow3, score_arrow4, score_arrow5, score_arrow6) values ('3638', '607', '2', '9', '9', '5', '3', '2', '0');
insert into EndScores (end_id, range_score_id, end_number, score_arrow1, score_arrow2, score_arrow3, score_arrow4, score_arrow5, score_arrow6) values ('3639', '607', '3', '7', '7', '3', '2', '0', '0');
insert into EndScores (end_id, range_score_id, end_number, score_arrow1, score_arrow2, score_arrow3, score_arrow4, score_arrow5, score_arrow6) values ('3640', '607', '4', '9', '8', '8', '7', '6', '2');
insert into EndScores (end_id, range_score_id, end_number, score_arrow1, score_arrow2, score_arrow3, score_arrow4, score_arrow5, score_arrow6) values ('3641', '607', '5', '9', '8', '8', '7', '3', '3');
insert into EndScores (end_id, range_score_id, end_number, score_arrow1, score_arrow2, score_arrow3, score_arrow4, score_arrow5, score_arrow6) values ('3642', '607', '6', '8', '6', '6', '4', '3', '0');
insert into RangeScores (range_score_id, round_score_id, round_range_id) values ('608', '152', '8');
insert into EndScores (end_id, range_score_id, end_number, score_arrow1, score_arrow2, score_arrow3, score_arrow4, score_arrow5, score_arrow6) values ('3643', '608', '1', '9', '9', '7', '3', '3', '2');
insert into EndScores (end_id, range_score_id, end_number, score_arrow1, score_arrow2, score_arrow3, score_arrow4, score_arrow5, score_arrow6) values ('3644', '608', '2', '8', '6', '4', '2', '1', '0');
insert into EndScores (end_id, range_score_id, end_number, score_arrow1, score_arrow2, score_arrow3, score_arrow4, score_arrow5, score_arrow6) values ('3645', '608', '3', '6', '5', '4', '4', '3', '0');
insert into EndScores (end_id, range_score_id, end_number, score_arrow1, score_arrow2, score_arrow3, score_arrow4, score_arrow5, score_arrow6) values ('3646', '608', '4', '6', '6', '5', '5', '2', '1');
insert into EndScores (end_id, range_score_id, end_number, score_arrow1, score_arrow2, score_arrow3, score_arrow4, score_arrow5, score_arrow6) values ('3647', '608', '5', '8', '8', '7', '7', '6', '5');
insert into EndScores (end_id, range_score_id, end_number, score_arrow1, score_arrow2, score_arrow3, score_arrow4, score_arrow5, score_arrow6) values ('3648', '608', '6', '9', '8', '8', '6', '3', '2');
insert into CompetitionEnrolments (archer_id, competition_id) values ('155', '27');
insert into RoundScores (round_score_id, archer_id, competition_id, round_score_date_time, equipment_id, round_def_id, total_score, category_id) values ('153', '155', '27', '2023-04-23 9:32:40.481', 'B', '3', '599', '27');
insert into RangeScores (range_score_id, round_score_id, round_range_id) values ('609', '153', '9');
insert into EndScores (end_id, range_score_id, end_number, score_arrow1, score_arrow2, score_arrow3, score_arrow4, score_arrow5, score_arrow6) values ('3649', '609', '1', '9', '9', '8', '7', '4', '2');
insert into EndScores (end_id, range_score_id, end_number, score_arrow1, score_arrow2, score_arrow3, score_arrow4, score_arrow5, score_arrow6) values ('3650', '609', '2', '6', '5', '4', '4', '3', '0');
insert into EndScores (end_id, range_score_id, end_number, score_arrow1, score_arrow2, score_arrow3, score_arrow4, score_arrow5, score_arrow6) values ('3651', '609', '3', '9', '5', '5', '5', '1', '0');
insert into EndScores (end_id, range_score_id, end_number, score_arrow1, score_arrow2, score_arrow3, score_arrow4, score_arrow5, score_arrow6) values ('3652', '609', '4', '7', '7', '4', '4', '2', '1');
insert into EndScores (end_id, range_score_id, end_number, score_arrow1, score_arrow2, score_arrow3, score_arrow4, score_arrow5, score_arrow6) values ('3653', '609', '5', '8', '8', '6', '3', '1', '0');
insert into EndScores (end_id, range_score_id, end_number, score_arrow1, score_arrow2, score_arrow3, score_arrow4, score_arrow5, score_arrow6) values ('3654', '609', '6', '8', '7', '4', '4', '3', '0');
insert into RangeScores (range_score_id, round_score_id, round_range_id) values ('610', '153', '10');
insert into EndScores (end_id, range_score_id, end_number, score_arrow1, score_arrow2, score_arrow3, score_arrow4, score_arrow5, score_arrow6) values ('3655', '610', '1', '8', '8', '8', '7', '5', '1');
insert into EndScores (end_id, range_score_id, end_number, score_arrow1, score_arrow2, score_arrow3, score_arrow4, score_arrow5, score_arrow6) values ('3656', '610', '2', '7', '7', '3', '3', '3', '1');
insert into EndScores (end_id, range_score_id, end_number, score_arrow1, score_arrow2, score_arrow3, score_arrow4, score_arrow5, score_arrow6) values ('3657', '610', '3', '6', '6', '5', '2', '1', '0');
insert into EndScores (end_id, range_score_id, end_number, score_arrow1, score_arrow2, score_arrow3, score_arrow4, score_arrow5, score_arrow6) values ('3658', '610', '4', '7', '6', '2', '2', '1', '0');
insert into EndScores (end_id, range_score_id, end_number, score_arrow1, score_arrow2, score_arrow3, score_arrow4, score_arrow5, score_arrow6) values ('3659', '610', '5', '9', '6', '4', '3', '2', '0');
insert into EndScores (end_id, range_score_id, end_number, score_arrow1, score_arrow2, score_arrow3, score_arrow4, score_arrow5, score_arrow6) values ('3660', '610', '6', '9', '6', '6', '5', '5', '2');
insert into RangeScores (range_score_id, round_score_id, round_range_id) values ('611', '153', '11');
insert into EndScores (end_id, range_score_id, end_number, score_arrow1, score_arrow2, score_arrow3, score_arrow4, score_arrow5, score_arrow6) values ('3661', '611', '1', '9', '8', '2', '2', '1', '0');
insert into EndScores (end_id, range_score_id, end_number, score_arrow1, score_arrow2, score_arrow3, score_arrow4, score_arrow5, score_arrow6) values ('3662', '611', '2', '9', '4', '4', '2', '2', '0');
insert into EndScores (end_id, range_score_id, end_number, score_arrow1, score_arrow2, score_arrow3, score_arrow4, score_arrow5, score_arrow6) values ('3663', '611', '3', '8', '6', '5', '4', '2', '0');
insert into EndScores (end_id, range_score_id, end_number, score_arrow1, score_arrow2, score_arrow3, score_arrow4, score_arrow5, score_arrow6) values ('3664', '611', '4', '7', '5', '1', '1', '1', '0');
insert into EndScores (end_id, range_score_id, end_number, score_arrow1, score_arrow2, score_arrow3, score_arrow4, score_arrow5, score_arrow6) values ('3665', '611', '5', '8', '5', '4', '3', '0', '0');
insert into EndScores (end_id, range_score_id, end_number, score_arrow1, score_arrow2, score_arrow3, score_arrow4, score_arrow5, score_arrow6) values ('3666', '611', '6', '8', '5', '5', '1', '1', '1');
insert into RangeScores (range_score_id, round_score_id, round_range_id) values ('612', '153', '12');
insert into EndScores (end_id, range_score_id, end_number, score_arrow1, score_arrow2, score_arrow3, score_arrow4, score_arrow5, score_arrow6) values ('3667', '612', '1', '8', '8', '6', '5', '5', '5');
insert into EndScores (end_id, range_score_id, end_number, score_arrow1, score_arrow2, score_arrow3, score_arrow4, score_arrow5, score_arrow6) values ('3668', '612', '2', '9', '7', '5', '3', '2', '1');
insert into EndScores (end_id, range_score_id, end_number, score_arrow1, score_arrow2, score_arrow3, score_arrow4, score_arrow5, score_arrow6) values ('3669', '612', '3', '5', '3', '2', '2', '2', '1');
insert into EndScores (end_id, range_score_id, end_number, score_arrow1, score_arrow2, score_arrow3, score_arrow4, score_arrow5, score_arrow6) values ('3670', '612', '4', '6', '4', '4', '3', '2', '2');
insert into EndScores (end_id, range_score_id, end_number, score_arrow1, score_arrow2, score_arrow3, score_arrow4, score_arrow5, score_arrow6) values ('3671', '612', '5', '7', '5', '4', '2', '1', '1');
insert into EndScores (end_id, range_score_id, end_number, score_arrow1, score_arrow2, score_arrow3, score_arrow4, score_arrow5, score_arrow6) values ('3672', '612', '6', '9', '7', '7', '6', '5', '2');
insert into CompetitionEnrolments (archer_id, competition_id) values ('156', '19');
insert into RoundScores (round_score_id, archer_id, competition_id, round_score_date_time, equipment_id, round_def_id, total_score, category_id) values ('154', '156', '19', '2023-04-23 12:18:53.151', 'B', '3', '683', '19');
insert into RangeScores (range_score_id, round_score_id, round_range_id) values ('613', '154', '9');
insert into EndScores (end_id, range_score_id, end_number, score_arrow1, score_arrow2, score_arrow3, score_arrow4, score_arrow5, score_arrow6) values ('3673', '613', '1', '9', '8', '5', '5', '3', '2');
insert into EndScores (end_id, range_score_id, end_number, score_arrow1, score_arrow2, score_arrow3, score_arrow4, score_arrow5, score_arrow6) values ('3674', '613', '2', '9', '8', '7', '3', '2', '2');
insert into EndScores (end_id, range_score_id, end_number, score_arrow1, score_arrow2, score_arrow3, score_arrow4, score_arrow5, score_arrow6) values ('3675', '613', '3', '6', '5', '5', '3', '0', '0');
insert into EndScores (end_id, range_score_id, end_number, score_arrow1, score_arrow2, score_arrow3, score_arrow4, score_arrow5, score_arrow6) values ('3676', '613', '4', '9', '8', '7', '3', '2', '0');
insert into EndScores (end_id, range_score_id, end_number, score_arrow1, score_arrow2, score_arrow3, score_arrow4, score_arrow5, score_arrow6) values ('3677', '613', '5', '7', '6', '4', '2', '1', '0');
insert into EndScores (end_id, range_score_id, end_number, score_arrow1, score_arrow2, score_arrow3, score_arrow4, score_arrow5, score_arrow6) values ('3678', '613', '6', '8', '8', '6', '6', '4', '3');
insert into RangeScores (range_score_id, round_score_id, round_range_id) values ('614', '154', '10');
insert into EndScores (end_id, range_score_id, end_number, score_arrow1, score_arrow2, score_arrow3, score_arrow4, score_arrow5, score_arrow6) values ('3679', '614', '1', '9', '8', '8', '3', '2', '2');
insert into EndScores (end_id, range_score_id, end_number, score_arrow1, score_arrow2, score_arrow3, score_arrow4, score_arrow5, score_arrow6) values ('3680', '614', '2', '7', '6', '5', '4', '1', '1');
insert into EndScores (end_id, range_score_id, end_number, score_arrow1, score_arrow2, score_arrow3, score_arrow4, score_arrow5, score_arrow6) values ('3681', '614', '3', '8', '3', '2', '2', '1', '1');
insert into EndScores (end_id, range_score_id, end_number, score_arrow1, score_arrow2, score_arrow3, score_arrow4, score_arrow5, score_arrow6) values ('3682', '614', '4', '8', '5', '4', '4', '3', '2');
insert into EndScores (end_id, range_score_id, end_number, score_arrow1, score_arrow2, score_arrow3, score_arrow4, score_arrow5, score_arrow6) values ('3683', '614', '5', '9', '8', '7', '5', '5', '4');
insert into EndScores (end_id, range_score_id, end_number, score_arrow1, score_arrow2, score_arrow3, score_arrow4, score_arrow5, score_arrow6) values ('3684', '614', '6', '9', '8', '4', '2', '1', '0');
insert into RangeScores (range_score_id, round_score_id, round_range_id) values ('615', '154', '11');
insert into EndScores (end_id, range_score_id, end_number, score_arrow1, score_arrow2, score_arrow3, score_arrow4, score_arrow5, score_arrow6) values ('3685', '615', '1', '9', '8', '6', '6', '6', '3');
insert into EndScores (end_id, range_score_id, end_number, score_arrow1, score_arrow2, score_arrow3, score_arrow4, score_arrow5, score_arrow6) values ('3686', '615', '2', '8', '7', '7', '6', '4', '0');
insert into EndScores (end_id, range_score_id, end_number, score_arrow1, score_arrow2, score_arrow3, score_arrow4, score_arrow5, score_arrow6) values ('3687', '615', '3', '9', '8', '5', '5', '4', '4');
insert into EndScores (end_id, range_score_id, end_number, score_arrow1, score_arrow2, score_arrow3, score_arrow4, score_arrow5, score_arrow6) values ('3688', '615', '4', '9', '8', '8', '6', '2', '1');
insert into EndScores (end_id, range_score_id, end_number, score_arrow1, score_arrow2, score_arrow3, score_arrow4, score_arrow5, score_arrow6) values ('3689', '615', '5', '9', '4', '4', '1', '1', '1');
insert into EndScores (end_id, range_score_id, end_number, score_arrow1, score_arrow2, score_arrow3, score_arrow4, score_arrow5, score_arrow6) values ('3690', '615', '6', '9', '9', '7', '2', '1', '0');
insert into RangeScores (range_score_id, round_score_id, round_range_id) values ('616', '154', '12');
insert into EndScores (end_id, range_score_id, end_number, score_arrow1, score_arrow2, score_arrow3, score_arrow4, score_arrow5, score_arrow6) values ('3691', '616', '1', '8', '8', '4', '4', '4', '2');
insert into EndScores (end_id, range_score_id, end_number, score_arrow1, score_arrow2, score_arrow3, score_arrow4, score_arrow5, score_arrow6) values ('3692', '616', '2', '9', '7', '5', '4', '3', '1');
insert into EndScores (end_id, range_score_id, end_number, score_arrow1, score_arrow2, score_arrow3, score_arrow4, score_arrow5, score_arrow6) values ('3693', '616', '3', '9', '8', '6', '4', '4', '1');
insert into EndScores (end_id, range_score_id, end_number, score_arrow1, score_arrow2, score_arrow3, score_arrow4, score_arrow5, score_arrow6) values ('3694', '616', '4', '8', '7', '5', '3', '3', '1');
insert into EndScores (end_id, range_score_id, end_number, score_arrow1, score_arrow2, score_arrow3, score_arrow4, score_arrow5, score_arrow6) values ('3695', '616', '5', '8', '8', '7', '5', '2', '1');
insert into EndScores (end_id, range_score_id, end_number, score_arrow1, score_arrow2, score_arrow3, score_arrow4, score_arrow5, score_arrow6) values ('3696', '616', '6', '6', '5', '4', '2', '2', '1');
insert into CompetitionEnrolments (archer_id, competition_id) values ('157', '38');
insert into RoundScores (round_score_id, archer_id, competition_id, round_score_date_time, equipment_id, round_def_id, total_score, category_id) values ('155', '157', '38', '2023-04-23 13:13:7.903', 'C', '2', '645', '38');
insert into RangeScores (range_score_id, round_score_id, round_range_id) values ('617', '155', '5');
insert into EndScores (end_id, range_score_id, end_number, score_arrow1, score_arrow2, score_arrow3, score_arrow4, score_arrow5, score_arrow6) values ('3697', '617', '1', '8', '7', '6', '5', '3', '1');
insert into EndScores (end_id, range_score_id, end_number, score_arrow1, score_arrow2, score_arrow3, score_arrow4, score_arrow5, score_arrow6) values ('3698', '617', '2', '9', '4', '3', '2', '2', '0');
insert into EndScores (end_id, range_score_id, end_number, score_arrow1, score_arrow2, score_arrow3, score_arrow4, score_arrow5, score_arrow6) values ('3699', '617', '3', '7', '7', '7', '6', '1', '0');
insert into EndScores (end_id, range_score_id, end_number, score_arrow1, score_arrow2, score_arrow3, score_arrow4, score_arrow5, score_arrow6) values ('3700', '617', '4', '9', '6', '6', '2', '0', '0');
insert into EndScores (end_id, range_score_id, end_number, score_arrow1, score_arrow2, score_arrow3, score_arrow4, score_arrow5, score_arrow6) values ('3701', '617', '5', '8', '4', '3', '2', '0', '0');
insert into EndScores (end_id, range_score_id, end_number, score_arrow1, score_arrow2, score_arrow3, score_arrow4, score_arrow5, score_arrow6) values ('3702', '617', '6', '8', '8', '6', '5', '4', '0');
insert into RangeScores (range_score_id, round_score_id, round_range_id) values ('618', '155', '6');
insert into EndScores (end_id, range_score_id, end_number, score_arrow1, score_arrow2, score_arrow3, score_arrow4, score_arrow5, score_arrow6) values ('3703', '618', '1', '9', '8', '8', '7', '7', '5');
insert into EndScores (end_id, range_score_id, end_number, score_arrow1, score_arrow2, score_arrow3, score_arrow4, score_arrow5, score_arrow6) values ('3704', '618', '2', '6', '4', '3', '3', '2', '2');
insert into EndScores (end_id, range_score_id, end_number, score_arrow1, score_arrow2, score_arrow3, score_arrow4, score_arrow5, score_arrow6) values ('3705', '618', '3', '8', '6', '3', '2', '1', '0');
insert into EndScores (end_id, range_score_id, end_number, score_arrow1, score_arrow2, score_arrow3, score_arrow4, score_arrow5, score_arrow6) values ('3706', '618', '4', '8', '7', '6', '2', '0', '0');
insert into EndScores (end_id, range_score_id, end_number, score_arrow1, score_arrow2, score_arrow3, score_arrow4, score_arrow5, score_arrow6) values ('3707', '618', '5', '9', '7', '4', '2', '2', '1');
insert into EndScores (end_id, range_score_id, end_number, score_arrow1, score_arrow2, score_arrow3, score_arrow4, score_arrow5, score_arrow6) values ('3708', '618', '6', '9', '8', '7', '4', '3', '2');
insert into RangeScores (range_score_id, round_score_id, round_range_id) values ('619', '155', '7');
insert into EndScores (end_id, range_score_id, end_number, score_arrow1, score_arrow2, score_arrow3, score_arrow4, score_arrow5, score_arrow6) values ('3709', '619', '1', '8', '6', '5', '4', '0', '0');
insert into EndScores (end_id, range_score_id, end_number, score_arrow1, score_arrow2, score_arrow3, score_arrow4, score_arrow5, score_arrow6) values ('3710', '619', '2', '7', '3', '3', '2', '2', '0');
insert into EndScores (end_id, range_score_id, end_number, score_arrow1, score_arrow2, score_arrow3, score_arrow4, score_arrow5, score_arrow6) values ('3711', '619', '3', '9', '8', '6', '5', '5', '1');
insert into EndScores (end_id, range_score_id, end_number, score_arrow1, score_arrow2, score_arrow3, score_arrow4, score_arrow5, score_arrow6) values ('3712', '619', '4', '9', '8', '7', '7', '5', '4');
insert into EndScores (end_id, range_score_id, end_number, score_arrow1, score_arrow2, score_arrow3, score_arrow4, score_arrow5, score_arrow6) values ('3713', '619', '5', '6', '6', '6', '1', '0', '0');
insert into EndScores (end_id, range_score_id, end_number, score_arrow1, score_arrow2, score_arrow3, score_arrow4, score_arrow5, score_arrow6) values ('3714', '619', '6', '5', '4', '4', '3', '1', '0');
insert into RangeScores (range_score_id, round_score_id, round_range_id) values ('620', '155', '8');
insert into EndScores (end_id, range_score_id, end_number, score_arrow1, score_arrow2, score_arrow3, score_arrow4, score_arrow5, score_arrow6) values ('3715', '620', '1', '9', '7', '7', '5', '4', '1');
insert into EndScores (end_id, range_score_id, end_number, score_arrow1, score_arrow2, score_arrow3, score_arrow4, score_arrow5, score_arrow6) values ('3716', '620', '2', '9', '9', '5', '1', '1', '0');
insert into EndScores (end_id, range_score_id, end_number, score_arrow1, score_arrow2, score_arrow3, score_arrow4, score_arrow5, score_arrow6) values ('3717', '620', '3', '8', '7', '7', '4', '2', '0');
insert into EndScores (end_id, range_score_id, end_number, score_arrow1, score_arrow2, score_arrow3, score_arrow4, score_arrow5, score_arrow6) values ('3718', '620', '4', '9', '8', '7', '2', '1', '1');
insert into EndScores (end_id, range_score_id, end_number, score_arrow1, score_arrow2, score_arrow3, score_arrow4, score_arrow5, score_arrow6) values ('3719', '620', '5', '8', '7', '7', '7', '1', '0');
insert into EndScores (end_id, range_score_id, end_number, score_arrow1, score_arrow2, score_arrow3, score_arrow4, score_arrow5, score_arrow6) values ('3720', '620', '6', '9', '8', '8', '6', '5', '1');
insert into CompetitionEnrolments (archer_id, competition_id) values ('158', '28');
insert into RoundScores (round_score_id, archer_id, competition_id, round_score_date_time, equipment_id, round_def_id, total_score, category_id) values ('156', '158', '28', '2023-04-23 13:4:16.651', 'L', '4', '671', '28');
insert into RangeScores (range_score_id, round_score_id, round_range_id) values ('621', '156', '13');
insert into EndScores (end_id, range_score_id, end_number, score_arrow1, score_arrow2, score_arrow3, score_arrow4, score_arrow5, score_arrow6) values ('3721', '621', '1', '5', '4', '4', '3', '3', '1');
insert into EndScores (end_id, range_score_id, end_number, score_arrow1, score_arrow2, score_arrow3, score_arrow4, score_arrow5, score_arrow6) values ('3722', '621', '2', '8', '6', '5', '3', '3', '2');
insert into EndScores (end_id, range_score_id, end_number, score_arrow1, score_arrow2, score_arrow3, score_arrow4, score_arrow5, score_arrow6) values ('3723', '621', '3', '8', '5', '4', '4', '2', '0');
insert into EndScores (end_id, range_score_id, end_number, score_arrow1, score_arrow2, score_arrow3, score_arrow4, score_arrow5, score_arrow6) values ('3724', '621', '4', '6', '5', '4', '2', '1', '0');
insert into EndScores (end_id, range_score_id, end_number, score_arrow1, score_arrow2, score_arrow3, score_arrow4, score_arrow5, score_arrow6) values ('3725', '621', '5', '8', '8', '7', '2', '1', '0');
insert into EndScores (end_id, range_score_id, end_number, score_arrow1, score_arrow2, score_arrow3, score_arrow4, score_arrow5, score_arrow6) values ('3726', '621', '6', '9', '7', '4', '3', '1', '0');
insert into RangeScores (range_score_id, round_score_id, round_range_id) values ('622', '156', '14');
insert into EndScores (end_id, range_score_id, end_number, score_arrow1, score_arrow2, score_arrow3, score_arrow4, score_arrow5, score_arrow6) values ('3727', '622', '1', '9', '8', '6', '5', '1', '0');
insert into EndScores (end_id, range_score_id, end_number, score_arrow1, score_arrow2, score_arrow3, score_arrow4, score_arrow5, score_arrow6) values ('3728', '622', '2', '8', '6', '4', '4', '1', '1');
insert into EndScores (end_id, range_score_id, end_number, score_arrow1, score_arrow2, score_arrow3, score_arrow4, score_arrow5, score_arrow6) values ('3729', '622', '3', '9', '7', '7', '6', '4', '2');
insert into EndScores (end_id, range_score_id, end_number, score_arrow1, score_arrow2, score_arrow3, score_arrow4, score_arrow5, score_arrow6) values ('3730', '622', '4', '9', '7', '7', '6', '0', '0');
insert into EndScores (end_id, range_score_id, end_number, score_arrow1, score_arrow2, score_arrow3, score_arrow4, score_arrow5, score_arrow6) values ('3731', '622', '5', '9', '7', '7', '5', '1', '0');
insert into EndScores (end_id, range_score_id, end_number, score_arrow1, score_arrow2, score_arrow3, score_arrow4, score_arrow5, score_arrow6) values ('3732', '622', '6', '9', '9', '8', '6', '4', '3');
insert into RangeScores (range_score_id, round_score_id, round_range_id) values ('623', '156', '15');
insert into EndScores (end_id, range_score_id, end_number, score_arrow1, score_arrow2, score_arrow3, score_arrow4, score_arrow5, score_arrow6) values ('3733', '623', '1', '9', '6', '5', '4', '4', '2');
insert into EndScores (end_id, range_score_id, end_number, score_arrow1, score_arrow2, score_arrow3, score_arrow4, score_arrow5, score_arrow6) values ('3734', '623', '2', '9', '8', '7', '2', '1', '0');
insert into EndScores (end_id, range_score_id, end_number, score_arrow1, score_arrow2, score_arrow3, score_arrow4, score_arrow5, score_arrow6) values ('3735', '623', '3', '9', '7', '5', '2', '1', '0');
insert into EndScores (end_id, range_score_id, end_number, score_arrow1, score_arrow2, score_arrow3, score_arrow4, score_arrow5, score_arrow6) values ('3736', '623', '4', '9', '6', '6', '5', '4', '3');
insert into EndScores (end_id, range_score_id, end_number, score_arrow1, score_arrow2, score_arrow3, score_arrow4, score_arrow5, score_arrow6) values ('3737', '623', '5', '8', '8', '6', '5', '5', '0');
insert into EndScores (end_id, range_score_id, end_number, score_arrow1, score_arrow2, score_arrow3, score_arrow4, score_arrow5, score_arrow6) values ('3738', '623', '6', '7', '6', '5', '2', '2', '0');
insert into RangeScores (range_score_id, round_score_id, round_range_id) values ('624', '156', '16');
insert into EndScores (end_id, range_score_id, end_number, score_arrow1, score_arrow2, score_arrow3, score_arrow4, score_arrow5, score_arrow6) values ('3739', '624', '1', '8', '7', '6', '6', '5', '1');
insert into EndScores (end_id, range_score_id, end_number, score_arrow1, score_arrow2, score_arrow3, score_arrow4, score_arrow5, score_arrow6) values ('3740', '624', '2', '9', '5', '4', '2', '1', '1');
insert into EndScores (end_id, range_score_id, end_number, score_arrow1, score_arrow2, score_arrow3, score_arrow4, score_arrow5, score_arrow6) values ('3741', '624', '3', '9', '8', '8', '8', '6', '6');
insert into EndScores (end_id, range_score_id, end_number, score_arrow1, score_arrow2, score_arrow3, score_arrow4, score_arrow5, score_arrow6) values ('3742', '624', '4', '9', '9', '4', '2', '0', '0');
insert into EndScores (end_id, range_score_id, end_number, score_arrow1, score_arrow2, score_arrow3, score_arrow4, score_arrow5, score_arrow6) values ('3743', '624', '5', '9', '9', '9', '7', '2', '0');
insert into EndScores (end_id, range_score_id, end_number, score_arrow1, score_arrow2, score_arrow3, score_arrow4, score_arrow5, score_arrow6) values ('3744', '624', '6', '6', '4', '4', '2', '2', '2');
insert into CompetitionEnrolments (archer_id, competition_id) values ('159', '6');
insert into RoundScores (round_score_id, archer_id, competition_id, round_score_date_time, equipment_id, round_def_id, total_score, category_id) values ('157', '159', '6', '2023-04-23 13:6:52.938', 'C', '2', '665', '6');
insert into RangeScores (range_score_id, round_score_id, round_range_id) values ('625', '157', '5');
insert into EndScores (end_id, range_score_id, end_number, score_arrow1, score_arrow2, score_arrow3, score_arrow4, score_arrow5, score_arrow6) values ('3745', '625', '1', '8', '8', '5', '4', '2', '0');
insert into EndScores (end_id, range_score_id, end_number, score_arrow1, score_arrow2, score_arrow3, score_arrow4, score_arrow5, score_arrow6) values ('3746', '625', '2', '7', '6', '5', '2', '1', '0');
insert into EndScores (end_id, range_score_id, end_number, score_arrow1, score_arrow2, score_arrow3, score_arrow4, score_arrow5, score_arrow6) values ('3747', '625', '3', '9', '9', '7', '6', '4', '2');
insert into EndScores (end_id, range_score_id, end_number, score_arrow1, score_arrow2, score_arrow3, score_arrow4, score_arrow5, score_arrow6) values ('3748', '625', '4', '7', '7', '6', '6', '3', '1');
insert into EndScores (end_id, range_score_id, end_number, score_arrow1, score_arrow2, score_arrow3, score_arrow4, score_arrow5, score_arrow6) values ('3749', '625', '5', '5', '5', '4', '3', '1', '0');
insert into EndScores (end_id, range_score_id, end_number, score_arrow1, score_arrow2, score_arrow3, score_arrow4, score_arrow5, score_arrow6) values ('3750', '625', '6', '9', '6', '4', '0', '0', '0');
insert into RangeScores (range_score_id, round_score_id, round_range_id) values ('626', '157', '6');
insert into EndScores (end_id, range_score_id, end_number, score_arrow1, score_arrow2, score_arrow3, score_arrow4, score_arrow5, score_arrow6) values ('3751', '626', '1', '9', '9', '5', '5', '4', '0');
insert into EndScores (end_id, range_score_id, end_number, score_arrow1, score_arrow2, score_arrow3, score_arrow4, score_arrow5, score_arrow6) values ('3752', '626', '2', '5', '4', '2', '2', '2', '2');
insert into EndScores (end_id, range_score_id, end_number, score_arrow1, score_arrow2, score_arrow3, score_arrow4, score_arrow5, score_arrow6) values ('3753', '626', '3', '7', '6', '5', '5', '4', '1');
insert into EndScores (end_id, range_score_id, end_number, score_arrow1, score_arrow2, score_arrow3, score_arrow4, score_arrow5, score_arrow6) values ('3754', '626', '4', '7', '6', '5', '3', '2', '2');
insert into EndScores (end_id, range_score_id, end_number, score_arrow1, score_arrow2, score_arrow3, score_arrow4, score_arrow5, score_arrow6) values ('3755', '626', '5', '9', '9', '8', '7', '5', '2');
insert into EndScores (end_id, range_score_id, end_number, score_arrow1, score_arrow2, score_arrow3, score_arrow4, score_arrow5, score_arrow6) values ('3756', '626', '6', '7', '7', '7', '6', '5', '0');
insert into RangeScores (range_score_id, round_score_id, round_range_id) values ('627', '157', '7');
insert into EndScores (end_id, range_score_id, end_number, score_arrow1, score_arrow2, score_arrow3, score_arrow4, score_arrow5, score_arrow6) values ('3757', '627', '1', '6', '4', '4', '3', '3', '1');
insert into EndScores (end_id, range_score_id, end_number, score_arrow1, score_arrow2, score_arrow3, score_arrow4, score_arrow5, score_arrow6) values ('3758', '627', '2', '9', '9', '8', '6', '6', '0');
insert into EndScores (end_id, range_score_id, end_number, score_arrow1, score_arrow2, score_arrow3, score_arrow4, score_arrow5, score_arrow6) values ('3759', '627', '3', '8', '8', '6', '3', '3', '0');
insert into EndScores (end_id, range_score_id, end_number, score_arrow1, score_arrow2, score_arrow3, score_arrow4, score_arrow5, score_arrow6) values ('3760', '627', '4', '9', '8', '8', '7', '3', '2');
insert into EndScores (end_id, range_score_id, end_number, score_arrow1, score_arrow2, score_arrow3, score_arrow4, score_arrow5, score_arrow6) values ('3761', '627', '5', '9', '9', '5', '3', '1', '0');
insert into EndScores (end_id, range_score_id, end_number, score_arrow1, score_arrow2, score_arrow3, score_arrow4, score_arrow5, score_arrow6) values ('3762', '627', '6', '9', '8', '6', '6', '6', '1');
insert into RangeScores (range_score_id, round_score_id, round_range_id) values ('628', '157', '8');
insert into EndScores (end_id, range_score_id, end_number, score_arrow1, score_arrow2, score_arrow3, score_arrow4, score_arrow5, score_arrow6) values ('3763', '628', '1', '9', '9', '8', '3', '2', '0');
insert into EndScores (end_id, range_score_id, end_number, score_arrow1, score_arrow2, score_arrow3, score_arrow4, score_arrow5, score_arrow6) values ('3764', '628', '2', '8', '8', '8', '5', '1', '0');
insert into EndScores (end_id, range_score_id, end_number, score_arrow1, score_arrow2, score_arrow3, score_arrow4, score_arrow5, score_arrow6) values ('3765', '628', '3', '9', '7', '7', '7', '4', '2');
insert into EndScores (end_id, range_score_id, end_number, score_arrow1, score_arrow2, score_arrow3, score_arrow4, score_arrow5, score_arrow6) values ('3766', '628', '4', '7', '6', '3', '1', '0', '0');
insert into EndScores (end_id, range_score_id, end_number, score_arrow1, score_arrow2, score_arrow3, score_arrow4, score_arrow5, score_arrow6) values ('3767', '628', '5', '8', '2', '1', '1', '0', '0');
insert into EndScores (end_id, range_score_id, end_number, score_arrow1, score_arrow2, score_arrow3, score_arrow4, score_arrow5, score_arrow6) values ('3768', '628', '6', '7', '7', '6', '3', '2', '1');
insert into CompetitionEnrolments (archer_id, competition_id) values ('160', '30');
insert into RoundScores (round_score_id, archer_id, competition_id, round_score_date_time, equipment_id, round_def_id, total_score, category_id) values ('158', '160', '30', '2023-04-23 17:32:51.855', 'C', '4', '719', '30');
insert into RangeScores (range_score_id, round_score_id, round_range_id) values ('629', '158', '13');
insert into EndScores (end_id, range_score_id, end_number, score_arrow1, score_arrow2, score_arrow3, score_arrow4, score_arrow5, score_arrow6) values ('3769', '629', '1', '9', '4', '4', '3', '2', '0');
insert into EndScores (end_id, range_score_id, end_number, score_arrow1, score_arrow2, score_arrow3, score_arrow4, score_arrow5, score_arrow6) values ('3770', '629', '2', '9', '8', '7', '6', '3', '1');
insert into EndScores (end_id, range_score_id, end_number, score_arrow1, score_arrow2, score_arrow3, score_arrow4, score_arrow5, score_arrow6) values ('3771', '629', '3', '8', '7', '4', '3', '3', '3');
insert into EndScores (end_id, range_score_id, end_number, score_arrow1, score_arrow2, score_arrow3, score_arrow4, score_arrow5, score_arrow6) values ('3772', '629', '4', '9', '9', '8', '6', '4', '1');
insert into EndScores (end_id, range_score_id, end_number, score_arrow1, score_arrow2, score_arrow3, score_arrow4, score_arrow5, score_arrow6) values ('3773', '629', '5', '9', '8', '6', '6', '4', '2');
insert into EndScores (end_id, range_score_id, end_number, score_arrow1, score_arrow2, score_arrow3, score_arrow4, score_arrow5, score_arrow6) values ('3774', '629', '6', '9', '7', '7', '6', '6', '5');
insert into RangeScores (range_score_id, round_score_id, round_range_id) values ('630', '158', '14');
insert into EndScores (end_id, range_score_id, end_number, score_arrow1, score_arrow2, score_arrow3, score_arrow4, score_arrow5, score_arrow6) values ('3775', '630', '1', '9', '9', '5', '4', '3', '2');
insert into EndScores (end_id, range_score_id, end_number, score_arrow1, score_arrow2, score_arrow3, score_arrow4, score_arrow5, score_arrow6) values ('3776', '630', '2', '5', '3', '2', '2', '1', '0');
insert into EndScores (end_id, range_score_id, end_number, score_arrow1, score_arrow2, score_arrow3, score_arrow4, score_arrow5, score_arrow6) values ('3777', '630', '3', '9', '9', '5', '2', '2', '0');
insert into EndScores (end_id, range_score_id, end_number, score_arrow1, score_arrow2, score_arrow3, score_arrow4, score_arrow5, score_arrow6) values ('3778', '630', '4', '9', '8', '4', '4', '4', '2');
insert into EndScores (end_id, range_score_id, end_number, score_arrow1, score_arrow2, score_arrow3, score_arrow4, score_arrow5, score_arrow6) values ('3779', '630', '5', '7', '4', '3', '3', '1', '0');
insert into EndScores (end_id, range_score_id, end_number, score_arrow1, score_arrow2, score_arrow3, score_arrow4, score_arrow5, score_arrow6) values ('3780', '630', '6', '9', '9', '5', '5', '5', '5');
insert into RangeScores (range_score_id, round_score_id, round_range_id) values ('631', '158', '15');
insert into EndScores (end_id, range_score_id, end_number, score_arrow1, score_arrow2, score_arrow3, score_arrow4, score_arrow5, score_arrow6) values ('3781', '631', '1', '9', '6', '6', '6', '5', '1');
insert into EndScores (end_id, range_score_id, end_number, score_arrow1, score_arrow2, score_arrow3, score_arrow4, score_arrow5, score_arrow6) values ('3782', '631', '2', '8', '8', '8', '5', '2', '0');
insert into EndScores (end_id, range_score_id, end_number, score_arrow1, score_arrow2, score_arrow3, score_arrow4, score_arrow5, score_arrow6) values ('3783', '631', '3', '9', '8', '7', '5', '5', '1');
insert into EndScores (end_id, range_score_id, end_number, score_arrow1, score_arrow2, score_arrow3, score_arrow4, score_arrow5, score_arrow6) values ('3784', '631', '4', '8', '7', '6', '4', '2', '0');
insert into EndScores (end_id, range_score_id, end_number, score_arrow1, score_arrow2, score_arrow3, score_arrow4, score_arrow5, score_arrow6) values ('3785', '631', '5', '9', '6', '2', '2', '1', '0');
insert into EndScores (end_id, range_score_id, end_number, score_arrow1, score_arrow2, score_arrow3, score_arrow4, score_arrow5, score_arrow6) values ('3786', '631', '6', '7', '7', '7', '5', '3', '2');
insert into RangeScores (range_score_id, round_score_id, round_range_id) values ('632', '158', '16');
insert into EndScores (end_id, range_score_id, end_number, score_arrow1, score_arrow2, score_arrow3, score_arrow4, score_arrow5, score_arrow6) values ('3787', '632', '1', '9', '7', '5', '4', '2', '2');
insert into EndScores (end_id, range_score_id, end_number, score_arrow1, score_arrow2, score_arrow3, score_arrow4, score_arrow5, score_arrow6) values ('3788', '632', '2', '9', '7', '6', '6', '3', '2');
insert into EndScores (end_id, range_score_id, end_number, score_arrow1, score_arrow2, score_arrow3, score_arrow4, score_arrow5, score_arrow6) values ('3789', '632', '3', '8', '8', '8', '5', '5', '5');
insert into EndScores (end_id, range_score_id, end_number, score_arrow1, score_arrow2, score_arrow3, score_arrow4, score_arrow5, score_arrow6) values ('3790', '632', '4', '8', '8', '5', '2', '1', '0');
insert into EndScores (end_id, range_score_id, end_number, score_arrow1, score_arrow2, score_arrow3, score_arrow4, score_arrow5, score_arrow6) values ('3791', '632', '5', '8', '7', '5', '5', '5', '0');
insert into EndScores (end_id, range_score_id, end_number, score_arrow1, score_arrow2, score_arrow3, score_arrow4, score_arrow5, score_arrow6) values ('3792', '632', '6', '9', '9', '5', '5', '2', '2');
insert into CompetitionEnrolments (archer_id, competition_id) values ('161', '6');
insert into RoundScores (round_score_id, archer_id, competition_id, round_score_date_time, equipment_id, round_def_id, total_score, category_id) values ('159', '161', '6', '2023-04-23 16:21:2.269', 'C', '2', '669', '6');
insert into RangeScores (range_score_id, round_score_id, round_range_id) values ('633', '159', '5');
insert into EndScores (end_id, range_score_id, end_number, score_arrow1, score_arrow2, score_arrow3, score_arrow4, score_arrow5, score_arrow6) values ('3793', '633', '1', '7', '6', '6', '6', '4', '1');
insert into EndScores (end_id, range_score_id, end_number, score_arrow1, score_arrow2, score_arrow3, score_arrow4, score_arrow5, score_arrow6) values ('3794', '633', '2', '9', '8', '7', '4', '3', '0');
insert into EndScores (end_id, range_score_id, end_number, score_arrow1, score_arrow2, score_arrow3, score_arrow4, score_arrow5, score_arrow6) values ('3795', '633', '3', '9', '8', '7', '6', '6', '1');
insert into EndScores (end_id, range_score_id, end_number, score_arrow1, score_arrow2, score_arrow3, score_arrow4, score_arrow5, score_arrow6) values ('3796', '633', '4', '8', '6', '4', '3', '1', '1');
insert into EndScores (end_id, range_score_id, end_number, score_arrow1, score_arrow2, score_arrow3, score_arrow4, score_arrow5, score_arrow6) values ('3797', '633', '5', '9', '9', '2', '2', '1', '1');
insert into EndScores (end_id, range_score_id, end_number, score_arrow1, score_arrow2, score_arrow3, score_arrow4, score_arrow5, score_arrow6) values ('3798', '633', '6', '9', '7', '7', '4', '1', '0');
insert into RangeScores (range_score_id, round_score_id, round_range_id) values ('634', '159', '6');
insert into EndScores (end_id, range_score_id, end_number, score_arrow1, score_arrow2, score_arrow3, score_arrow4, score_arrow5, score_arrow6) values ('3799', '634', '1', '9', '8', '5', '2', '0', '0');
insert into EndScores (end_id, range_score_id, end_number, score_arrow1, score_arrow2, score_arrow3, score_arrow4, score_arrow5, score_arrow6) values ('3800', '634', '2', '9', '6', '4', '2', '2', '0');
insert into EndScores (end_id, range_score_id, end_number, score_arrow1, score_arrow2, score_arrow3, score_arrow4, score_arrow5, score_arrow6) values ('3801', '634', '3', '9', '9', '9', '6', '4', '1');
insert into EndScores (end_id, range_score_id, end_number, score_arrow1, score_arrow2, score_arrow3, score_arrow4, score_arrow5, score_arrow6) values ('3802', '634', '4', '7', '6', '5', '4', '2', '1');
insert into EndScores (end_id, range_score_id, end_number, score_arrow1, score_arrow2, score_arrow3, score_arrow4, score_arrow5, score_arrow6) values ('3803', '634', '5', '7', '7', '4', '2', '0', '0');
insert into EndScores (end_id, range_score_id, end_number, score_arrow1, score_arrow2, score_arrow3, score_arrow4, score_arrow5, score_arrow6) values ('3804', '634', '6', '9', '7', '7', '6', '2', '0');
insert into RangeScores (range_score_id, round_score_id, round_range_id) values ('635', '159', '7');
insert into EndScores (end_id, range_score_id, end_number, score_arrow1, score_arrow2, score_arrow3, score_arrow4, score_arrow5, score_arrow6) values ('3805', '635', '1', '8', '5', '3', '2', '2', '1');
insert into EndScores (end_id, range_score_id, end_number, score_arrow1, score_arrow2, score_arrow3, score_arrow4, score_arrow5, score_arrow6) values ('3806', '635', '2', '7', '7', '4', '4', '3', '0');
insert into EndScores (end_id, range_score_id, end_number, score_arrow1, score_arrow2, score_arrow3, score_arrow4, score_arrow5, score_arrow6) values ('3807', '635', '3', '8', '7', '6', '6', '4', '0');
insert into EndScores (end_id, range_score_id, end_number, score_arrow1, score_arrow2, score_arrow3, score_arrow4, score_arrow5, score_arrow6) values ('3808', '635', '4', '9', '9', '8', '6', '2', '2');
insert into EndScores (end_id, range_score_id, end_number, score_arrow1, score_arrow2, score_arrow3, score_arrow4, score_arrow5, score_arrow6) values ('3809', '635', '5', '8', '8', '7', '4', '2', '0');
insert into EndScores (end_id, range_score_id, end_number, score_arrow1, score_arrow2, score_arrow3, score_arrow4, score_arrow5, score_arrow6) values ('3810', '635', '6', '9', '7', '6', '4', '1', '0');
insert into RangeScores (range_score_id, round_score_id, round_range_id) values ('636', '159', '8');
insert into EndScores (end_id, range_score_id, end_number, score_arrow1, score_arrow2, score_arrow3, score_arrow4, score_arrow5, score_arrow6) values ('3811', '636', '1', '8', '7', '7', '5', '2', '0');
insert into EndScores (end_id, range_score_id, end_number, score_arrow1, score_arrow2, score_arrow3, score_arrow4, score_arrow5, score_arrow6) values ('3812', '636', '2', '8', '8', '7', '7', '4', '1');
insert into EndScores (end_id, range_score_id, end_number, score_arrow1, score_arrow2, score_arrow3, score_arrow4, score_arrow5, score_arrow6) values ('3813', '636', '3', '7', '6', '6', '5', '4', '1');
insert into EndScores (end_id, range_score_id, end_number, score_arrow1, score_arrow2, score_arrow3, score_arrow4, score_arrow5, score_arrow6) values ('3814', '636', '4', '8', '7', '5', '5', '4', '3');
insert into EndScores (end_id, range_score_id, end_number, score_arrow1, score_arrow2, score_arrow3, score_arrow4, score_arrow5, score_arrow6) values ('3815', '636', '5', '5', '3', '2', '1', '0', '0');
insert into EndScores (end_id, range_score_id, end_number, score_arrow1, score_arrow2, score_arrow3, score_arrow4, score_arrow5, score_arrow6) values ('3816', '636', '6', '8', '7', '6', '5', '3', '1');
insert into CompetitionEnrolments (archer_id, competition_id) values ('162', '2');
insert into RoundScores (round_score_id, archer_id, competition_id, round_score_date_time, equipment_id, round_def_id, total_score, category_id) values ('160', '162', '2', '2023-04-23 13:42:57.587', 'C', '1', '640', '2');
insert into RangeScores (range_score_id, round_score_id, round_range_id) values ('637', '160', '1');
insert into EndScores (end_id, range_score_id, end_number, score_arrow1, score_arrow2, score_arrow3, score_arrow4, score_arrow5, score_arrow6) values ('3817', '637', '1', '8', '7', '6', '4', '4', '3');
insert into EndScores (end_id, range_score_id, end_number, score_arrow1, score_arrow2, score_arrow3, score_arrow4, score_arrow5, score_arrow6) values ('3818', '637', '2', '8', '6', '4', '4', '3', '0');
insert into EndScores (end_id, range_score_id, end_number, score_arrow1, score_arrow2, score_arrow3, score_arrow4, score_arrow5, score_arrow6) values ('3819', '637', '3', '8', '6', '4', '4', '4', '0');
insert into EndScores (end_id, range_score_id, end_number, score_arrow1, score_arrow2, score_arrow3, score_arrow4, score_arrow5, score_arrow6) values ('3820', '637', '4', '9', '7', '5', '4', '2', '0');
insert into EndScores (end_id, range_score_id, end_number, score_arrow1, score_arrow2, score_arrow3, score_arrow4, score_arrow5, score_arrow6) values ('3821', '637', '5', '7', '6', '5', '2', '0', '0');
insert into EndScores (end_id, range_score_id, end_number, score_arrow1, score_arrow2, score_arrow3, score_arrow4, score_arrow5, score_arrow6) values ('3822', '637', '6', '8', '6', '5', '5', '2', '0');
insert into RangeScores (range_score_id, round_score_id, round_range_id) values ('638', '160', '2');
insert into EndScores (end_id, range_score_id, end_number, score_arrow1, score_arrow2, score_arrow3, score_arrow4, score_arrow5, score_arrow6) values ('3823', '638', '1', '7', '6', '4', '1', '0', '0');
insert into EndScores (end_id, range_score_id, end_number, score_arrow1, score_arrow2, score_arrow3, score_arrow4, score_arrow5, score_arrow6) values ('3824', '638', '2', '9', '8', '5', '3', '2', '0');
insert into EndScores (end_id, range_score_id, end_number, score_arrow1, score_arrow2, score_arrow3, score_arrow4, score_arrow5, score_arrow6) values ('3825', '638', '3', '9', '8', '7', '2', '2', '1');
insert into EndScores (end_id, range_score_id, end_number, score_arrow1, score_arrow2, score_arrow3, score_arrow4, score_arrow5, score_arrow6) values ('3826', '638', '4', '5', '4', '1', '1', '1', '0');
insert into EndScores (end_id, range_score_id, end_number, score_arrow1, score_arrow2, score_arrow3, score_arrow4, score_arrow5, score_arrow6) values ('3827', '638', '5', '8', '8', '5', '4', '2', '0');
insert into EndScores (end_id, range_score_id, end_number, score_arrow1, score_arrow2, score_arrow3, score_arrow4, score_arrow5, score_arrow6) values ('3828', '638', '6', '9', '7', '5', '2', '2', '0');
insert into RangeScores (range_score_id, round_score_id, round_range_id) values ('639', '160', '3');
insert into EndScores (end_id, range_score_id, end_number, score_arrow1, score_arrow2, score_arrow3, score_arrow4, score_arrow5, score_arrow6) values ('3829', '639', '1', '9', '7', '5', '5', '0', '0');
insert into EndScores (end_id, range_score_id, end_number, score_arrow1, score_arrow2, score_arrow3, score_arrow4, score_arrow5, score_arrow6) values ('3830', '639', '2', '8', '8', '4', '4', '4', '3');
insert into EndScores (end_id, range_score_id, end_number, score_arrow1, score_arrow2, score_arrow3, score_arrow4, score_arrow5, score_arrow6) values ('3831', '639', '3', '8', '7', '6', '2', '1', '0');
insert into EndScores (end_id, range_score_id, end_number, score_arrow1, score_arrow2, score_arrow3, score_arrow4, score_arrow5, score_arrow6) values ('3832', '639', '4', '7', '7', '6', '3', '3', '2');
insert into EndScores (end_id, range_score_id, end_number, score_arrow1, score_arrow2, score_arrow3, score_arrow4, score_arrow5, score_arrow6) values ('3833', '639', '5', '7', '4', '3', '3', '3', '0');
insert into EndScores (end_id, range_score_id, end_number, score_arrow1, score_arrow2, score_arrow3, score_arrow4, score_arrow5, score_arrow6) values ('3834', '639', '6', '8', '7', '6', '5', '5', '4');
insert into RangeScores (range_score_id, round_score_id, round_range_id) values ('640', '160', '4');
insert into EndScores (end_id, range_score_id, end_number, score_arrow1, score_arrow2, score_arrow3, score_arrow4, score_arrow5, score_arrow6) values ('3835', '640', '1', '9', '8', '7', '3', '2', '1');
insert into EndScores (end_id, range_score_id, end_number, score_arrow1, score_arrow2, score_arrow3, score_arrow4, score_arrow5, score_arrow6) values ('3836', '640', '2', '9', '3', '3', '1', '1', '0');
insert into EndScores (end_id, range_score_id, end_number, score_arrow1, score_arrow2, score_arrow3, score_arrow4, score_arrow5, score_arrow6) values ('3837', '640', '3', '9', '8', '8', '7', '4', '1');
insert into EndScores (end_id, range_score_id, end_number, score_arrow1, score_arrow2, score_arrow3, score_arrow4, score_arrow5, score_arrow6) values ('3838', '640', '4', '9', '9', '7', '5', '3', '0');
insert into EndScores (end_id, range_score_id, end_number, score_arrow1, score_arrow2, score_arrow3, score_arrow4, score_arrow5, score_arrow6) values ('3839', '640', '5', '9', '6', '5', '3', '2', '0');
insert into EndScores (end_id, range_score_id, end_number, score_arrow1, score_arrow2, score_arrow3, score_arrow4, score_arrow5, score_arrow6) values ('3840', '640', '6', '9', '9', '8', '7', '5', '2');
insert into CompetitionEnrolments (archer_id, competition_id) values ('163', '31');
insert into RoundScores (round_score_id, archer_id, competition_id, round_score_date_time, equipment_id, round_def_id, total_score, category_id) values ('161', '163', '31', '2023-04-23 9:3:8.867', 'B', '4', '688', '31');
insert into RangeScores (range_score_id, round_score_id, round_range_id) values ('641', '161', '13');
insert into EndScores (end_id, range_score_id, end_number, score_arrow1, score_arrow2, score_arrow3, score_arrow4, score_arrow5, score_arrow6) values ('3841', '641', '1', '7', '6', '5', '2', '2', '1');
insert into EndScores (end_id, range_score_id, end_number, score_arrow1, score_arrow2, score_arrow3, score_arrow4, score_arrow5, score_arrow6) values ('3842', '641', '2', '4', '4', '3', '3', '3', '1');
insert into EndScores (end_id, range_score_id, end_number, score_arrow1, score_arrow2, score_arrow3, score_arrow4, score_arrow5, score_arrow6) values ('3843', '641', '3', '8', '5', '2', '1', '0', '0');
insert into EndScores (end_id, range_score_id, end_number, score_arrow1, score_arrow2, score_arrow3, score_arrow4, score_arrow5, score_arrow6) values ('3844', '641', '4', '6', '5', '4', '1', '1', '0');
insert into EndScores (end_id, range_score_id, end_number, score_arrow1, score_arrow2, score_arrow3, score_arrow4, score_arrow5, score_arrow6) values ('3845', '641', '5', '9', '8', '8', '1', '1', '0');
insert into EndScores (end_id, range_score_id, end_number, score_arrow1, score_arrow2, score_arrow3, score_arrow4, score_arrow5, score_arrow6) values ('3846', '641', '6', '8', '8', '8', '6', '6', '1');
insert into RangeScores (range_score_id, round_score_id, round_range_id) values ('642', '161', '14');
insert into EndScores (end_id, range_score_id, end_number, score_arrow1, score_arrow2, score_arrow3, score_arrow4, score_arrow5, score_arrow6) values ('3847', '642', '1', '8', '8', '8', '5', '4', '1');
insert into EndScores (end_id, range_score_id, end_number, score_arrow1, score_arrow2, score_arrow3, score_arrow4, score_arrow5, score_arrow6) values ('3848', '642', '2', '9', '9', '8', '7', '1', '0');
insert into EndScores (end_id, range_score_id, end_number, score_arrow1, score_arrow2, score_arrow3, score_arrow4, score_arrow5, score_arrow6) values ('3849', '642', '3', '9', '7', '4', '4', '2', '0');
insert into EndScores (end_id, range_score_id, end_number, score_arrow1, score_arrow2, score_arrow3, score_arrow4, score_arrow5, score_arrow6) values ('3850', '642', '4', '9', '9', '8', '3', '1', '0');
insert into EndScores (end_id, range_score_id, end_number, score_arrow1, score_arrow2, score_arrow3, score_arrow4, score_arrow5, score_arrow6) values ('3851', '642', '5', '9', '8', '6', '5', '2', '1');
insert into EndScores (end_id, range_score_id, end_number, score_arrow1, score_arrow2, score_arrow3, score_arrow4, score_arrow5, score_arrow6) values ('3852', '642', '6', '9', '8', '7', '7', '7', '2');
insert into RangeScores (range_score_id, round_score_id, round_range_id) values ('643', '161', '15');
insert into EndScores (end_id, range_score_id, end_number, score_arrow1, score_arrow2, score_arrow3, score_arrow4, score_arrow5, score_arrow6) values ('3853', '643', '1', '9', '9', '4', '3', '2', '1');
insert into EndScores (end_id, range_score_id, end_number, score_arrow1, score_arrow2, score_arrow3, score_arrow4, score_arrow5, score_arrow6) values ('3854', '643', '2', '9', '8', '7', '5', '4', '2');
insert into EndScores (end_id, range_score_id, end_number, score_arrow1, score_arrow2, score_arrow3, score_arrow4, score_arrow5, score_arrow6) values ('3855', '643', '3', '9', '8', '8', '7', '6', '6');
insert into EndScores (end_id, range_score_id, end_number, score_arrow1, score_arrow2, score_arrow3, score_arrow4, score_arrow5, score_arrow6) values ('3856', '643', '4', '7', '7', '6', '3', '3', '1');
insert into EndScores (end_id, range_score_id, end_number, score_arrow1, score_arrow2, score_arrow3, score_arrow4, score_arrow5, score_arrow6) values ('3857', '643', '5', '6', '5', '5', '4', '1', '0');
insert into EndScores (end_id, range_score_id, end_number, score_arrow1, score_arrow2, score_arrow3, score_arrow4, score_arrow5, score_arrow6) values ('3858', '643', '6', '5', '5', '5', '4', '1', '1');
insert into RangeScores (range_score_id, round_score_id, round_range_id) values ('644', '161', '16');
insert into EndScores (end_id, range_score_id, end_number, score_arrow1, score_arrow2, score_arrow3, score_arrow4, score_arrow5, score_arrow6) values ('3859', '644', '1', '8', '8', '6', '4', '3', '2');
insert into EndScores (end_id, range_score_id, end_number, score_arrow1, score_arrow2, score_arrow3, score_arrow4, score_arrow5, score_arrow6) values ('3860', '644', '2', '5', '5', '4', '2', '2', '1');
insert into EndScores (end_id, range_score_id, end_number, score_arrow1, score_arrow2, score_arrow3, score_arrow4, score_arrow5, score_arrow6) values ('3861', '644', '3', '8', '7', '6', '5', '5', '4');
insert into EndScores (end_id, range_score_id, end_number, score_arrow1, score_arrow2, score_arrow3, score_arrow4, score_arrow5, score_arrow6) values ('3862', '644', '4', '9', '8', '6', '5', '3', '2');
insert into EndScores (end_id, range_score_id, end_number, score_arrow1, score_arrow2, score_arrow3, score_arrow4, score_arrow5, score_arrow6) values ('3863', '644', '5', '8', '6', '5', '1', '0', '0');
insert into EndScores (end_id, range_score_id, end_number, score_arrow1, score_arrow2, score_arrow3, score_arrow4, score_arrow5, score_arrow6) values ('3864', '644', '6', '9', '9', '9', '8', '4', '2');
insert into CompetitionEnrolments (archer_id, competition_id) values ('164', '13');
insert into RoundScores (round_score_id, archer_id, competition_id, round_score_date_time, equipment_id, round_def_id, total_score, category_id) values ('162', '164', '13', '2023-04-23 10:10:5.856', 'R', '3', '670', '13');
insert into RangeScores (range_score_id, round_score_id, round_range_id) values ('645', '162', '9');
insert into EndScores (end_id, range_score_id, end_number, score_arrow1, score_arrow2, score_arrow3, score_arrow4, score_arrow5, score_arrow6) values ('3865', '645', '1', '8', '7', '6', '6', '6', '1');
insert into EndScores (end_id, range_score_id, end_number, score_arrow1, score_arrow2, score_arrow3, score_arrow4, score_arrow5, score_arrow6) values ('3866', '645', '2', '9', '9', '7', '7', '4', '0');
insert into EndScores (end_id, range_score_id, end_number, score_arrow1, score_arrow2, score_arrow3, score_arrow4, score_arrow5, score_arrow6) values ('3867', '645', '3', '9', '8', '2', '1', '0', '0');
insert into EndScores (end_id, range_score_id, end_number, score_arrow1, score_arrow2, score_arrow3, score_arrow4, score_arrow5, score_arrow6) values ('3868', '645', '4', '8', '8', '7', '5', '4', '2');
insert into EndScores (end_id, range_score_id, end_number, score_arrow1, score_arrow2, score_arrow3, score_arrow4, score_arrow5, score_arrow6) values ('3869', '645', '5', '4', '4', '4', '2', '0', '0');
insert into EndScores (end_id, range_score_id, end_number, score_arrow1, score_arrow2, score_arrow3, score_arrow4, score_arrow5, score_arrow6) values ('3870', '645', '6', '8', '4', '3', '1', '1', '0');
insert into RangeScores (range_score_id, round_score_id, round_range_id) values ('646', '162', '10');
insert into EndScores (end_id, range_score_id, end_number, score_arrow1, score_arrow2, score_arrow3, score_arrow4, score_arrow5, score_arrow6) values ('3871', '646', '1', '9', '7', '6', '2', '0', '0');
insert into EndScores (end_id, range_score_id, end_number, score_arrow1, score_arrow2, score_arrow3, score_arrow4, score_arrow5, score_arrow6) values ('3872', '646', '2', '7', '7', '5', '4', '4', '1');
insert into EndScores (end_id, range_score_id, end_number, score_arrow1, score_arrow2, score_arrow3, score_arrow4, score_arrow5, score_arrow6) values ('3873', '646', '3', '9', '7', '6', '4', '4', '4');
insert into EndScores (end_id, range_score_id, end_number, score_arrow1, score_arrow2, score_arrow3, score_arrow4, score_arrow5, score_arrow6) values ('3874', '646', '4', '8', '7', '4', '3', '1', '1');
insert into EndScores (end_id, range_score_id, end_number, score_arrow1, score_arrow2, score_arrow3, score_arrow4, score_arrow5, score_arrow6) values ('3875', '646', '5', '9', '7', '2', '0', '0', '0');
insert into EndScores (end_id, range_score_id, end_number, score_arrow1, score_arrow2, score_arrow3, score_arrow4, score_arrow5, score_arrow6) values ('3876', '646', '6', '9', '6', '6', '6', '5', '3');
insert into RangeScores (range_score_id, round_score_id, round_range_id) values ('647', '162', '11');
insert into EndScores (end_id, range_score_id, end_number, score_arrow1, score_arrow2, score_arrow3, score_arrow4, score_arrow5, score_arrow6) values ('3877', '647', '1', '7', '6', '6', '6', '2', '2');
insert into EndScores (end_id, range_score_id, end_number, score_arrow1, score_arrow2, score_arrow3, score_arrow4, score_arrow5, score_arrow6) values ('3878', '647', '2', '9', '6', '5', '4', '1', '0');
insert into EndScores (end_id, range_score_id, end_number, score_arrow1, score_arrow2, score_arrow3, score_arrow4, score_arrow5, score_arrow6) values ('3879', '647', '3', '9', '8', '7', '4', '3', '2');
insert into EndScores (end_id, range_score_id, end_number, score_arrow1, score_arrow2, score_arrow3, score_arrow4, score_arrow5, score_arrow6) values ('3880', '647', '4', '9', '5', '4', '1', '0', '0');
insert into EndScores (end_id, range_score_id, end_number, score_arrow1, score_arrow2, score_arrow3, score_arrow4, score_arrow5, score_arrow6) values ('3881', '647', '5', '9', '7', '6', '6', '5', '4');
insert into EndScores (end_id, range_score_id, end_number, score_arrow1, score_arrow2, score_arrow3, score_arrow4, score_arrow5, score_arrow6) values ('3882', '647', '6', '9', '9', '8', '3', '2', '1');
insert into RangeScores (range_score_id, round_score_id, round_range_id) values ('648', '162', '12');
insert into EndScores (end_id, range_score_id, end_number, score_arrow1, score_arrow2, score_arrow3, score_arrow4, score_arrow5, score_arrow6) values ('3883', '648', '1', '9', '5', '5', '4', '3', '0');
insert into EndScores (end_id, range_score_id, end_number, score_arrow1, score_arrow2, score_arrow3, score_arrow4, score_arrow5, score_arrow6) values ('3884', '648', '2', '8', '7', '5', '2', '0', '0');
insert into EndScores (end_id, range_score_id, end_number, score_arrow1, score_arrow2, score_arrow3, score_arrow4, score_arrow5, score_arrow6) values ('3885', '648', '3', '9', '5', '3', '3', '2', '2');
insert into EndScores (end_id, range_score_id, end_number, score_arrow1, score_arrow2, score_arrow3, score_arrow4, score_arrow5, score_arrow6) values ('3886', '648', '4', '7', '7', '6', '6', '3', '0');
insert into EndScores (end_id, range_score_id, end_number, score_arrow1, score_arrow2, score_arrow3, score_arrow4, score_arrow5, score_arrow6) values ('3887', '648', '5', '9', '9', '8', '8', '2', '1');
insert into EndScores (end_id, range_score_id, end_number, score_arrow1, score_arrow2, score_arrow3, score_arrow4, score_arrow5, score_arrow6) values ('3888', '648', '6', '9', '9', '8', '5', '5', '3');
insert into CompetitionEnrolments (archer_id, competition_id) values ('165', '2');
insert into RoundScores (round_score_id, archer_id, competition_id, round_score_date_time, equipment_id, round_def_id, total_score, category_id) values ('163', '165', '2', '2023-04-23 9:30:49.350', 'C', '1', '613', '2');
insert into RangeScores (range_score_id, round_score_id, round_range_id) values ('649', '163', '1');
insert into EndScores (end_id, range_score_id, end_number, score_arrow1, score_arrow2, score_arrow3, score_arrow4, score_arrow5, score_arrow6) values ('3889', '649', '1', '8', '6', '4', '4', '2', '1');
insert into EndScores (end_id, range_score_id, end_number, score_arrow1, score_arrow2, score_arrow3, score_arrow4, score_arrow5, score_arrow6) values ('3890', '649', '2', '9', '4', '3', '3', '3', '0');
insert into EndScores (end_id, range_score_id, end_number, score_arrow1, score_arrow2, score_arrow3, score_arrow4, score_arrow5, score_arrow6) values ('3891', '649', '3', '7', '6', '3', '3', '2', '0');
insert into EndScores (end_id, range_score_id, end_number, score_arrow1, score_arrow2, score_arrow3, score_arrow4, score_arrow5, score_arrow6) values ('3892', '649', '4', '6', '5', '4', '3', '3', '0');
insert into EndScores (end_id, range_score_id, end_number, score_arrow1, score_arrow2, score_arrow3, score_arrow4, score_arrow5, score_arrow6) values ('3893', '649', '5', '8', '8', '6', '3', '3', '0');
insert into EndScores (end_id, range_score_id, end_number, score_arrow1, score_arrow2, score_arrow3, score_arrow4, score_arrow5, score_arrow6) values ('3894', '649', '6', '7', '6', '4', '3', '3', '0');
insert into RangeScores (range_score_id, round_score_id, round_range_id) values ('650', '163', '2');
insert into EndScores (end_id, range_score_id, end_number, score_arrow1, score_arrow2, score_arrow3, score_arrow4, score_arrow5, score_arrow6) values ('3895', '650', '1', '8', '8', '7', '6', '3', '1');
insert into EndScores (end_id, range_score_id, end_number, score_arrow1, score_arrow2, score_arrow3, score_arrow4, score_arrow5, score_arrow6) values ('3896', '650', '2', '8', '7', '6', '3', '1', '0');
insert into EndScores (end_id, range_score_id, end_number, score_arrow1, score_arrow2, score_arrow3, score_arrow4, score_arrow5, score_arrow6) values ('3897', '650', '3', '9', '8', '7', '3', '0', '0');
insert into EndScores (end_id, range_score_id, end_number, score_arrow1, score_arrow2, score_arrow3, score_arrow4, score_arrow5, score_arrow6) values ('3898', '650', '4', '9', '9', '3', '3', '1', '0');
insert into EndScores (end_id, range_score_id, end_number, score_arrow1, score_arrow2, score_arrow3, score_arrow4, score_arrow5, score_arrow6) values ('3899', '650', '5', '7', '6', '6', '5', '4', '2');
insert into EndScores (end_id, range_score_id, end_number, score_arrow1, score_arrow2, score_arrow3, score_arrow4, score_arrow5, score_arrow6) values ('3900', '650', '6', '6', '6', '5', '3', '2', '0');
insert into RangeScores (range_score_id, round_score_id, round_range_id) values ('651', '163', '3');
insert into EndScores (end_id, range_score_id, end_number, score_arrow1, score_arrow2, score_arrow3, score_arrow4, score_arrow5, score_arrow6) values ('3901', '651', '1', '8', '8', '8', '4', '3', '3');
insert into EndScores (end_id, range_score_id, end_number, score_arrow1, score_arrow2, score_arrow3, score_arrow4, score_arrow5, score_arrow6) values ('3902', '651', '2', '8', '8', '6', '3', '1', '1');
insert into EndScores (end_id, range_score_id, end_number, score_arrow1, score_arrow2, score_arrow3, score_arrow4, score_arrow5, score_arrow6) values ('3903', '651', '3', '9', '7', '6', '2', '2', '0');
insert into EndScores (end_id, range_score_id, end_number, score_arrow1, score_arrow2, score_arrow3, score_arrow4, score_arrow5, score_arrow6) values ('3904', '651', '4', '9', '7', '7', '2', '1', '1');
insert into EndScores (end_id, range_score_id, end_number, score_arrow1, score_arrow2, score_arrow3, score_arrow4, score_arrow5, score_arrow6) values ('3905', '651', '5', '8', '3', '2', '2', '1', '0');
insert into EndScores (end_id, range_score_id, end_number, score_arrow1, score_arrow2, score_arrow3, score_arrow4, score_arrow5, score_arrow6) values ('3906', '651', '6', '9', '6', '5', '5', '1', '0');
insert into RangeScores (range_score_id, round_score_id, round_range_id) values ('652', '163', '4');
insert into EndScores (end_id, range_score_id, end_number, score_arrow1, score_arrow2, score_arrow3, score_arrow4, score_arrow5, score_arrow6) values ('3907', '652', '1', '9', '8', '6', '4', '4', '3');
insert into EndScores (end_id, range_score_id, end_number, score_arrow1, score_arrow2, score_arrow3, score_arrow4, score_arrow5, score_arrow6) values ('3908', '652', '2', '8', '7', '5', '5', '5', '3');
insert into EndScores (end_id, range_score_id, end_number, score_arrow1, score_arrow2, score_arrow3, score_arrow4, score_arrow5, score_arrow6) values ('3909', '652', '3', '7', '6', '6', '4', '3', '0');
insert into EndScores (end_id, range_score_id, end_number, score_arrow1, score_arrow2, score_arrow3, score_arrow4, score_arrow5, score_arrow6) values ('3910', '652', '4', '7', '6', '6', '2', '2', '0');
insert into EndScores (end_id, range_score_id, end_number, score_arrow1, score_arrow2, score_arrow3, score_arrow4, score_arrow5, score_arrow6) values ('3911', '652', '5', '8', '7', '7', '3', '3', '1');
insert into EndScores (end_id, range_score_id, end_number, score_arrow1, score_arrow2, score_arrow3, score_arrow4, score_arrow5, score_arrow6) values ('3912', '652', '6', '7', '2', '1', '0', '0', '0');
insert into CompetitionEnrolments (archer_id, competition_id) values ('166', '10');
insert into RoundScores (round_score_id, archer_id, competition_id, round_score_date_time, equipment_id, round_def_id, total_score, category_id) values ('164', '166', '10', '2023-04-23 12:47:10.719', 'C', '2', '623', '10');
insert into RangeScores (range_score_id, round_score_id, round_range_id) values ('653', '164', '5');
insert into EndScores (end_id, range_score_id, end_number, score_arrow1, score_arrow2, score_arrow3, score_arrow4, score_arrow5, score_arrow6) values ('3913', '653', '1', '8', '8', '7', '2', '2', '1');
insert into EndScores (end_id, range_score_id, end_number, score_arrow1, score_arrow2, score_arrow3, score_arrow4, score_arrow5, score_arrow6) values ('3914', '653', '2', '9', '7', '7', '4', '1', '0');
insert into EndScores (end_id, range_score_id, end_number, score_arrow1, score_arrow2, score_arrow3, score_arrow4, score_arrow5, score_arrow6) values ('3915', '653', '3', '8', '6', '5', '4', '1', '0');
insert into EndScores (end_id, range_score_id, end_number, score_arrow1, score_arrow2, score_arrow3, score_arrow4, score_arrow5, score_arrow6) values ('3916', '653', '4', '8', '5', '2', '1', '0', '0');
insert into EndScores (end_id, range_score_id, end_number, score_arrow1, score_arrow2, score_arrow3, score_arrow4, score_arrow5, score_arrow6) values ('3917', '653', '5', '9', '8', '7', '6', '3', '1');
insert into EndScores (end_id, range_score_id, end_number, score_arrow1, score_arrow2, score_arrow3, score_arrow4, score_arrow5, score_arrow6) values ('3918', '653', '6', '8', '5', '4', '3', '1', '1');
insert into RangeScores (range_score_id, round_score_id, round_range_id) values ('654', '164', '6');
insert into EndScores (end_id, range_score_id, end_number, score_arrow1, score_arrow2, score_arrow3, score_arrow4, score_arrow5, score_arrow6) values ('3919', '654', '1', '8', '6', '5', '4', '1', '0');
insert into EndScores (end_id, range_score_id, end_number, score_arrow1, score_arrow2, score_arrow3, score_arrow4, score_arrow5, score_arrow6) values ('3920', '654', '2', '9', '8', '7', '3', '3', '2');
insert into EndScores (end_id, range_score_id, end_number, score_arrow1, score_arrow2, score_arrow3, score_arrow4, score_arrow5, score_arrow6) values ('3921', '654', '3', '9', '5', '4', '3', '3', '3');
insert into EndScores (end_id, range_score_id, end_number, score_arrow1, score_arrow2, score_arrow3, score_arrow4, score_arrow5, score_arrow6) values ('3922', '654', '4', '9', '5', '3', '3', '3', '0');
insert into EndScores (end_id, range_score_id, end_number, score_arrow1, score_arrow2, score_arrow3, score_arrow4, score_arrow5, score_arrow6) values ('3923', '654', '5', '7', '4', '3', '2', '1', '0');
insert into EndScores (end_id, range_score_id, end_number, score_arrow1, score_arrow2, score_arrow3, score_arrow4, score_arrow5, score_arrow6) values ('3924', '654', '6', '9', '8', '7', '2', '1', '1');
insert into RangeScores (range_score_id, round_score_id, round_range_id) values ('655', '164', '7');
insert into EndScores (end_id, range_score_id, end_number, score_arrow1, score_arrow2, score_arrow3, score_arrow4, score_arrow5, score_arrow6) values ('3925', '655', '1', '9', '8', '8', '1', '0', '0');
insert into EndScores (end_id, range_score_id, end_number, score_arrow1, score_arrow2, score_arrow3, score_arrow4, score_arrow5, score_arrow6) values ('3926', '655', '2', '7', '7', '4', '3', '3', '1');
insert into EndScores (end_id, range_score_id, end_number, score_arrow1, score_arrow2, score_arrow3, score_arrow4, score_arrow5, score_arrow6) values ('3927', '655', '3', '8', '3', '2', '2', '1', '1');
insert into EndScores (end_id, range_score_id, end_number, score_arrow1, score_arrow2, score_arrow3, score_arrow4, score_arrow5, score_arrow6) values ('3928', '655', '4', '8', '7', '4', '3', '2', '2');
insert into EndScores (end_id, range_score_id, end_number, score_arrow1, score_arrow2, score_arrow3, score_arrow4, score_arrow5, score_arrow6) values ('3929', '655', '5', '9', '9', '8', '7', '5', '2');
insert into EndScores (end_id, range_score_id, end_number, score_arrow1, score_arrow2, score_arrow3, score_arrow4, score_arrow5, score_arrow6) values ('3930', '655', '6', '8', '5', '2', '2', '0', '0');
insert into RangeScores (range_score_id, round_score_id, round_range_id) values ('656', '164', '8');
insert into EndScores (end_id, range_score_id, end_number, score_arrow1, score_arrow2, score_arrow3, score_arrow4, score_arrow5, score_arrow6) values ('3931', '656', '1', '7', '7', '3', '0', '0', '0');
insert into EndScores (end_id, range_score_id, end_number, score_arrow1, score_arrow2, score_arrow3, score_arrow4, score_arrow5, score_arrow6) values ('3932', '656', '2', '9', '9', '8', '3', '2', '2');
insert into EndScores (end_id, range_score_id, end_number, score_arrow1, score_arrow2, score_arrow3, score_arrow4, score_arrow5, score_arrow6) values ('3933', '656', '3', '9', '8', '7', '5', '4', '1');
insert into EndScores (end_id, range_score_id, end_number, score_arrow1, score_arrow2, score_arrow3, score_arrow4, score_arrow5, score_arrow6) values ('3934', '656', '4', '9', '9', '6', '6', '3', '1');
insert into EndScores (end_id, range_score_id, end_number, score_arrow1, score_arrow2, score_arrow3, score_arrow4, score_arrow5, score_arrow6) values ('3935', '656', '5', '6', '5', '5', '4', '2', '1');
insert into EndScores (end_id, range_score_id, end_number, score_arrow1, score_arrow2, score_arrow3, score_arrow4, score_arrow5, score_arrow6) values ('3936', '656', '6', '9', '8', '6', '4', '1', '0');
insert into CompetitionEnrolments (archer_id, competition_id) values ('167', '6');
insert into RoundScores (round_score_id, archer_id, competition_id, round_score_date_time, equipment_id, round_def_id, total_score, category_id) values ('165', '167', '6', '2023-04-23 15:42:20.923', 'C', '2', '662', '6');
insert into RangeScores (range_score_id, round_score_id, round_range_id) values ('657', '165', '5');
insert into EndScores (end_id, range_score_id, end_number, score_arrow1, score_arrow2, score_arrow3, score_arrow4, score_arrow5, score_arrow6) values ('3937', '657', '1', '5', '5', '2', '1', '1', '1');
insert into EndScores (end_id, range_score_id, end_number, score_arrow1, score_arrow2, score_arrow3, score_arrow4, score_arrow5, score_arrow6) values ('3938', '657', '2', '8', '7', '7', '7', '6', '5');
insert into EndScores (end_id, range_score_id, end_number, score_arrow1, score_arrow2, score_arrow3, score_arrow4, score_arrow5, score_arrow6) values ('3939', '657', '3', '9', '9', '8', '3', '3', '3');
insert into EndScores (end_id, range_score_id, end_number, score_arrow1, score_arrow2, score_arrow3, score_arrow4, score_arrow5, score_arrow6) values ('3940', '657', '4', '9', '8', '7', '4', '3', '2');
insert into EndScores (end_id, range_score_id, end_number, score_arrow1, score_arrow2, score_arrow3, score_arrow4, score_arrow5, score_arrow6) values ('3941', '657', '5', '9', '8', '5', '4', '3', '2');
insert into EndScores (end_id, range_score_id, end_number, score_arrow1, score_arrow2, score_arrow3, score_arrow4, score_arrow5, score_arrow6) values ('3942', '657', '6', '9', '7', '6', '5', '3', '1');
insert into RangeScores (range_score_id, round_score_id, round_range_id) values ('658', '165', '6');
insert into EndScores (end_id, range_score_id, end_number, score_arrow1, score_arrow2, score_arrow3, score_arrow4, score_arrow5, score_arrow6) values ('3943', '658', '1', '9', '8', '6', '5', '3', '1');
insert into EndScores (end_id, range_score_id, end_number, score_arrow1, score_arrow2, score_arrow3, score_arrow4, score_arrow5, score_arrow6) values ('3944', '658', '2', '9', '5', '5', '3', '2', '1');
insert into EndScores (end_id, range_score_id, end_number, score_arrow1, score_arrow2, score_arrow3, score_arrow4, score_arrow5, score_arrow6) values ('3945', '658', '3', '7', '6', '4', '3', '2', '0');
insert into EndScores (end_id, range_score_id, end_number, score_arrow1, score_arrow2, score_arrow3, score_arrow4, score_arrow5, score_arrow6) values ('3946', '658', '4', '7', '5', '3', '2', '2', '0');
insert into EndScores (end_id, range_score_id, end_number, score_arrow1, score_arrow2, score_arrow3, score_arrow4, score_arrow5, score_arrow6) values ('3947', '658', '5', '9', '5', '5', '5', '3', '1');
insert into EndScores (end_id, range_score_id, end_number, score_arrow1, score_arrow2, score_arrow3, score_arrow4, score_arrow5, score_arrow6) values ('3948', '658', '6', '6', '4', '3', '3', '3', '0');
insert into RangeScores (range_score_id, round_score_id, round_range_id) values ('659', '165', '7');
insert into EndScores (end_id, range_score_id, end_number, score_arrow1, score_arrow2, score_arrow3, score_arrow4, score_arrow5, score_arrow6) values ('3949', '659', '1', '9', '7', '7', '7', '5', '2');
insert into EndScores (end_id, range_score_id, end_number, score_arrow1, score_arrow2, score_arrow3, score_arrow4, score_arrow5, score_arrow6) values ('3950', '659', '2', '9', '8', '8', '7', '7', '0');
insert into EndScores (end_id, range_score_id, end_number, score_arrow1, score_arrow2, score_arrow3, score_arrow4, score_arrow5, score_arrow6) values ('3951', '659', '3', '9', '7', '4', '4', '2', '1');
insert into EndScores (end_id, range_score_id, end_number, score_arrow1, score_arrow2, score_arrow3, score_arrow4, score_arrow5, score_arrow6) values ('3952', '659', '4', '8', '7', '7', '6', '3', '2');
insert into EndScores (end_id, range_score_id, end_number, score_arrow1, score_arrow2, score_arrow3, score_arrow4, score_arrow5, score_arrow6) values ('3953', '659', '5', '7', '5', '5', '4', '1', '0');
insert into EndScores (end_id, range_score_id, end_number, score_arrow1, score_arrow2, score_arrow3, score_arrow4, score_arrow5, score_arrow6) values ('3954', '659', '6', '9', '8', '3', '1', '1', '1');
insert into RangeScores (range_score_id, round_score_id, round_range_id) values ('660', '165', '8');
insert into EndScores (end_id, range_score_id, end_number, score_arrow1, score_arrow2, score_arrow3, score_arrow4, score_arrow5, score_arrow6) values ('3955', '660', '1', '6', '3', '2', '2', '1', '0');
insert into EndScores (end_id, range_score_id, end_number, score_arrow1, score_arrow2, score_arrow3, score_arrow4, score_arrow5, score_arrow6) values ('3956', '660', '2', '8', '7', '5', '1', '1', '1');
insert into EndScores (end_id, range_score_id, end_number, score_arrow1, score_arrow2, score_arrow3, score_arrow4, score_arrow5, score_arrow6) values ('3957', '660', '3', '4', '3', '2', '2', '1', '0');
insert into EndScores (end_id, range_score_id, end_number, score_arrow1, score_arrow2, score_arrow3, score_arrow4, score_arrow5, score_arrow6) values ('3958', '660', '4', '8', '6', '5', '5', '4', '3');
insert into EndScores (end_id, range_score_id, end_number, score_arrow1, score_arrow2, score_arrow3, score_arrow4, score_arrow5, score_arrow6) values ('3959', '660', '5', '8', '8', '7', '7', '5', '3');
insert into EndScores (end_id, range_score_id, end_number, score_arrow1, score_arrow2, score_arrow3, score_arrow4, score_arrow5, score_arrow6) values ('3960', '660', '6', '9', '8', '5', '5', '3', '3');
insert into CompetitionEnrolments (archer_id, competition_id) values ('168', '44');
insert into RoundScores (round_score_id, archer_id, competition_id, round_score_date_time, equipment_id, round_def_id, total_score, category_id) values ('166', '168', '44', '2023-04-23 12:13:6.563', 'L', '4', '657', '44');
insert into RangeScores (range_score_id, round_score_id, round_range_id) values ('661', '166', '13');
insert into EndScores (end_id, range_score_id, end_number, score_arrow1, score_arrow2, score_arrow3, score_arrow4, score_arrow5, score_arrow6) values ('3961', '661', '1', '9', '8', '5', '5', '4', '4');
insert into EndScores (end_id, range_score_id, end_number, score_arrow1, score_arrow2, score_arrow3, score_arrow4, score_arrow5, score_arrow6) values ('3962', '661', '2', '7', '5', '4', '2', '1', '1');
insert into EndScores (end_id, range_score_id, end_number, score_arrow1, score_arrow2, score_arrow3, score_arrow4, score_arrow5, score_arrow6) values ('3963', '661', '3', '9', '8', '8', '4', '0', '0');
insert into EndScores (end_id, range_score_id, end_number, score_arrow1, score_arrow2, score_arrow3, score_arrow4, score_arrow5, score_arrow6) values ('3964', '661', '4', '9', '6', '3', '2', '0', '0');
insert into EndScores (end_id, range_score_id, end_number, score_arrow1, score_arrow2, score_arrow3, score_arrow4, score_arrow5, score_arrow6) values ('3965', '661', '5', '8', '8', '7', '4', '3', '1');
insert into EndScores (end_id, range_score_id, end_number, score_arrow1, score_arrow2, score_arrow3, score_arrow4, score_arrow5, score_arrow6) values ('3966', '661', '6', '9', '3', '3', '3', '2', '0');
insert into RangeScores (range_score_id, round_score_id, round_range_id) values ('662', '166', '14');
insert into EndScores (end_id, range_score_id, end_number, score_arrow1, score_arrow2, score_arrow3, score_arrow4, score_arrow5, score_arrow6) values ('3967', '662', '1', '7', '5', '4', '3', '2', '0');
insert into EndScores (end_id, range_score_id, end_number, score_arrow1, score_arrow2, score_arrow3, score_arrow4, score_arrow5, score_arrow6) values ('3968', '662', '2', '8', '7', '5', '4', '3', '3');
insert into EndScores (end_id, range_score_id, end_number, score_arrow1, score_arrow2, score_arrow3, score_arrow4, score_arrow5, score_arrow6) values ('3969', '662', '3', '8', '8', '4', '2', '2', '1');
insert into EndScores (end_id, range_score_id, end_number, score_arrow1, score_arrow2, score_arrow3, score_arrow4, score_arrow5, score_arrow6) values ('3970', '662', '4', '8', '7', '7', '4', '3', '1');
insert into EndScores (end_id, range_score_id, end_number, score_arrow1, score_arrow2, score_arrow3, score_arrow4, score_arrow5, score_arrow6) values ('3971', '662', '5', '9', '8', '3', '3', '1', '0');
insert into EndScores (end_id, range_score_id, end_number, score_arrow1, score_arrow2, score_arrow3, score_arrow4, score_arrow5, score_arrow6) values ('3972', '662', '6', '9', '6', '5', '5', '5', '3');
insert into RangeScores (range_score_id, round_score_id, round_range_id) values ('663', '166', '15');
insert into EndScores (end_id, range_score_id, end_number, score_arrow1, score_arrow2, score_arrow3, score_arrow4, score_arrow5, score_arrow6) values ('3973', '663', '1', '8', '8', '7', '7', '7', '1');
insert into EndScores (end_id, range_score_id, end_number, score_arrow1, score_arrow2, score_arrow3, score_arrow4, score_arrow5, score_arrow6) values ('3974', '663', '2', '9', '8', '8', '4', '4', '0');
insert into EndScores (end_id, range_score_id, end_number, score_arrow1, score_arrow2, score_arrow3, score_arrow4, score_arrow5, score_arrow6) values ('3975', '663', '3', '9', '8', '7', '7', '4', '2');
insert into EndScores (end_id, range_score_id, end_number, score_arrow1, score_arrow2, score_arrow3, score_arrow4, score_arrow5, score_arrow6) values ('3976', '663', '4', '7', '6', '5', '4', '2', '1');
insert into EndScores (end_id, range_score_id, end_number, score_arrow1, score_arrow2, score_arrow3, score_arrow4, score_arrow5, score_arrow6) values ('3977', '663', '5', '6', '5', '3', '1', '1', '0');
insert into EndScores (end_id, range_score_id, end_number, score_arrow1, score_arrow2, score_arrow3, score_arrow4, score_arrow5, score_arrow6) values ('3978', '663', '6', '7', '6', '3', '2', '0', '0');
insert into RangeScores (range_score_id, round_score_id, round_range_id) values ('664', '166', '16');
insert into EndScores (end_id, range_score_id, end_number, score_arrow1, score_arrow2, score_arrow3, score_arrow4, score_arrow5, score_arrow6) values ('3979', '664', '1', '9', '9', '7', '4', '2', '2');
insert into EndScores (end_id, range_score_id, end_number, score_arrow1, score_arrow2, score_arrow3, score_arrow4, score_arrow5, score_arrow6) values ('3980', '664', '2', '9', '8', '7', '4', '4', '3');
insert into EndScores (end_id, range_score_id, end_number, score_arrow1, score_arrow2, score_arrow3, score_arrow4, score_arrow5, score_arrow6) values ('3981', '664', '3', '6', '6', '5', '2', '1', '0');
insert into EndScores (end_id, range_score_id, end_number, score_arrow1, score_arrow2, score_arrow3, score_arrow4, score_arrow5, score_arrow6) values ('3982', '664', '4', '9', '6', '5', '3', '2', '0');
insert into EndScores (end_id, range_score_id, end_number, score_arrow1, score_arrow2, score_arrow3, score_arrow4, score_arrow5, score_arrow6) values ('3983', '664', '5', '9', '9', '8', '7', '4', '2');
insert into EndScores (end_id, range_score_id, end_number, score_arrow1, score_arrow2, score_arrow3, score_arrow4, score_arrow5, score_arrow6) values ('3984', '664', '6', '7', '6', '4', '3', '0', '0');
insert into CompetitionEnrolments (archer_id, competition_id) values ('169', '7');
insert into RoundScores (round_score_id, archer_id, competition_id, round_score_date_time, equipment_id, round_def_id, total_score, category_id) values ('167', '169', '7', '2023-04-23 17:8:57.247', 'B', '3', '651', '7');
insert into RangeScores (range_score_id, round_score_id, round_range_id) values ('665', '167', '9');
insert into EndScores (end_id, range_score_id, end_number, score_arrow1, score_arrow2, score_arrow3, score_arrow4, score_arrow5, score_arrow6) values ('3985', '665', '1', '9', '8', '5', '2', '2', '2');
insert into EndScores (end_id, range_score_id, end_number, score_arrow1, score_arrow2, score_arrow3, score_arrow4, score_arrow5, score_arrow6) values ('3986', '665', '2', '9', '8', '6', '5', '3', '3');
insert into EndScores (end_id, range_score_id, end_number, score_arrow1, score_arrow2, score_arrow3, score_arrow4, score_arrow5, score_arrow6) values ('3987', '665', '3', '9', '8', '5', '3', '1', '0');
insert into EndScores (end_id, range_score_id, end_number, score_arrow1, score_arrow2, score_arrow3, score_arrow4, score_arrow5, score_arrow6) values ('3988', '665', '4', '9', '6', '5', '1', '0', '0');
insert into EndScores (end_id, range_score_id, end_number, score_arrow1, score_arrow2, score_arrow3, score_arrow4, score_arrow5, score_arrow6) values ('3989', '665', '5', '6', '3', '1', '1', '0', '0');
insert into EndScores (end_id, range_score_id, end_number, score_arrow1, score_arrow2, score_arrow3, score_arrow4, score_arrow5, score_arrow6) values ('3990', '665', '6', '9', '9', '9', '4', '1', '1');
insert into RangeScores (range_score_id, round_score_id, round_range_id) values ('666', '167', '10');
insert into EndScores (end_id, range_score_id, end_number, score_arrow1, score_arrow2, score_arrow3, score_arrow4, score_arrow5, score_arrow6) values ('3991', '666', '1', '9', '9', '6', '6', '5', '2');
insert into EndScores (end_id, range_score_id, end_number, score_arrow1, score_arrow2, score_arrow3, score_arrow4, score_arrow5, score_arrow6) values ('3992', '666', '2', '9', '8', '7', '7', '4', '2');
insert into EndScores (end_id, range_score_id, end_number, score_arrow1, score_arrow2, score_arrow3, score_arrow4, score_arrow5, score_arrow6) values ('3993', '666', '3', '7', '4', '3', '1', '0', '0');
insert into EndScores (end_id, range_score_id, end_number, score_arrow1, score_arrow2, score_arrow3, score_arrow4, score_arrow5, score_arrow6) values ('3994', '666', '4', '6', '5', '4', '2', '1', '0');
insert into EndScores (end_id, range_score_id, end_number, score_arrow1, score_arrow2, score_arrow3, score_arrow4, score_arrow5, score_arrow6) values ('3995', '666', '5', '9', '8', '7', '7', '6', '4');
insert into EndScores (end_id, range_score_id, end_number, score_arrow1, score_arrow2, score_arrow3, score_arrow4, score_arrow5, score_arrow6) values ('3996', '666', '6', '9', '6', '5', '4', '4', '1');
insert into RangeScores (range_score_id, round_score_id, round_range_id) values ('667', '167', '11');
insert into EndScores (end_id, range_score_id, end_number, score_arrow1, score_arrow2, score_arrow3, score_arrow4, score_arrow5, score_arrow6) values ('3997', '667', '1', '6', '6', '5', '4', '1', '1');
insert into EndScores (end_id, range_score_id, end_number, score_arrow1, score_arrow2, score_arrow3, score_arrow4, score_arrow5, score_arrow6) values ('3998', '667', '2', '8', '5', '4', '4', '3', '0');
insert into EndScores (end_id, range_score_id, end_number, score_arrow1, score_arrow2, score_arrow3, score_arrow4, score_arrow5, score_arrow6) values ('3999', '667', '3', '8', '5', '3', '2', '2', '1');
insert into EndScores (end_id, range_score_id, end_number, score_arrow1, score_arrow2, score_arrow3, score_arrow4, score_arrow5, score_arrow6) values ('4000', '667', '4', '9', '9', '8', '5', '2', '0');
insert into EndScores (end_id, range_score_id, end_number, score_arrow1, score_arrow2, score_arrow3, score_arrow4, score_arrow5, score_arrow6) values ('4001', '667', '5', '9', '7', '5', '1', '1', '0');
insert into EndScores (end_id, range_score_id, end_number, score_arrow1, score_arrow2, score_arrow3, score_arrow4, score_arrow5, score_arrow6) values ('4002', '667', '6', '9', '7', '3', '2', '1', '1');
insert into RangeScores (range_score_id, round_score_id, round_range_id) values ('668', '167', '12');
insert into EndScores (end_id, range_score_id, end_number, score_arrow1, score_arrow2, score_arrow3, score_arrow4, score_arrow5, score_arrow6) values ('4003', '668', '1', '8', '7', '7', '3', '2', '0');
insert into EndScores (end_id, range_score_id, end_number, score_arrow1, score_arrow2, score_arrow3, score_arrow4, score_arrow5, score_arrow6) values ('4004', '668', '2', '9', '7', '6', '4', '3', '2');
insert into EndScores (end_id, range_score_id, end_number, score_arrow1, score_arrow2, score_arrow3, score_arrow4, score_arrow5, score_arrow6) values ('4005', '668', '3', '8', '7', '6', '5', '4', '3');
insert into EndScores (end_id, range_score_id, end_number, score_arrow1, score_arrow2, score_arrow3, score_arrow4, score_arrow5, score_arrow6) values ('4006', '668', '4', '8', '8', '7', '5', '2', '0');
insert into EndScores (end_id, range_score_id, end_number, score_arrow1, score_arrow2, score_arrow3, score_arrow4, score_arrow5, score_arrow6) values ('4007', '668', '5', '8', '6', '6', '6', '4', '3');
insert into EndScores (end_id, range_score_id, end_number, score_arrow1, score_arrow2, score_arrow3, score_arrow4, score_arrow5, score_arrow6) values ('4008', '668', '6', '8', '3', '3', '3', '2', '1');
insert into CompetitionEnrolments (archer_id, competition_id) values ('170', '9');
insert into RoundScores (round_score_id, archer_id, competition_id, round_score_date_time, equipment_id, round_def_id, total_score, category_id) values ('168', '170', '9', '2023-04-23 15:51:4.318', 'R', '2', '615', '9');
insert into RangeScores (range_score_id, round_score_id, round_range_id) values ('669', '168', '5');
insert into EndScores (end_id, range_score_id, end_number, score_arrow1, score_arrow2, score_arrow3, score_arrow4, score_arrow5, score_arrow6) values ('4009', '669', '1', '8', '8', '7', '4', '3', '2');
insert into EndScores (end_id, range_score_id, end_number, score_arrow1, score_arrow2, score_arrow3, score_arrow4, score_arrow5, score_arrow6) values ('4010', '669', '2', '9', '9', '7', '6', '2', '1');
insert into EndScores (end_id, range_score_id, end_number, score_arrow1, score_arrow2, score_arrow3, score_arrow4, score_arrow5, score_arrow6) values ('4011', '669', '3', '6', '6', '3', '2', '0', '0');
insert into EndScores (end_id, range_score_id, end_number, score_arrow1, score_arrow2, score_arrow3, score_arrow4, score_arrow5, score_arrow6) values ('4012', '669', '4', '9', '9', '7', '6', '2', '0');
insert into EndScores (end_id, range_score_id, end_number, score_arrow1, score_arrow2, score_arrow3, score_arrow4, score_arrow5, score_arrow6) values ('4013', '669', '5', '8', '7', '5', '4', '4', '2');
insert into EndScores (end_id, range_score_id, end_number, score_arrow1, score_arrow2, score_arrow3, score_arrow4, score_arrow5, score_arrow6) values ('4014', '669', '6', '5', '2', '2', '1', '1', '0');
insert into RangeScores (range_score_id, round_score_id, round_range_id) values ('670', '168', '6');
insert into EndScores (end_id, range_score_id, end_number, score_arrow1, score_arrow2, score_arrow3, score_arrow4, score_arrow5, score_arrow6) values ('4015', '670', '1', '7', '7', '5', '3', '0', '0');
insert into EndScores (end_id, range_score_id, end_number, score_arrow1, score_arrow2, score_arrow3, score_arrow4, score_arrow5, score_arrow6) values ('4016', '670', '2', '7', '6', '3', '0', '0', '0');
insert into EndScores (end_id, range_score_id, end_number, score_arrow1, score_arrow2, score_arrow3, score_arrow4, score_arrow5, score_arrow6) values ('4017', '670', '3', '6', '6', '4', '4', '4', '1');
insert into EndScores (end_id, range_score_id, end_number, score_arrow1, score_arrow2, score_arrow3, score_arrow4, score_arrow5, score_arrow6) values ('4018', '670', '4', '8', '6', '6', '5', '4', '1');
insert into EndScores (end_id, range_score_id, end_number, score_arrow1, score_arrow2, score_arrow3, score_arrow4, score_arrow5, score_arrow6) values ('4019', '670', '5', '9', '9', '8', '2', '2', '0');
insert into EndScores (end_id, range_score_id, end_number, score_arrow1, score_arrow2, score_arrow3, score_arrow4, score_arrow5, score_arrow6) values ('4020', '670', '6', '7', '7', '3', '2', '2', '2');
insert into RangeScores (range_score_id, round_score_id, round_range_id) values ('671', '168', '7');
insert into EndScores (end_id, range_score_id, end_number, score_arrow1, score_arrow2, score_arrow3, score_arrow4, score_arrow5, score_arrow6) values ('4021', '671', '1', '8', '5', '4', '2', '1', '0');
insert into EndScores (end_id, range_score_id, end_number, score_arrow1, score_arrow2, score_arrow3, score_arrow4, score_arrow5, score_arrow6) values ('4022', '671', '2', '8', '7', '7', '6', '6', '1');
insert into EndScores (end_id, range_score_id, end_number, score_arrow1, score_arrow2, score_arrow3, score_arrow4, score_arrow5, score_arrow6) values ('4023', '671', '3', '9', '8', '6', '2', '2', '1');
insert into EndScores (end_id, range_score_id, end_number, score_arrow1, score_arrow2, score_arrow3, score_arrow4, score_arrow5, score_arrow6) values ('4024', '671', '4', '9', '8', '8', '5', '2', '2');
insert into EndScores (end_id, range_score_id, end_number, score_arrow1, score_arrow2, score_arrow3, score_arrow4, score_arrow5, score_arrow6) values ('4025', '671', '5', '8', '5', '4', '4', '2', '0');
insert into EndScores (end_id, range_score_id, end_number, score_arrow1, score_arrow2, score_arrow3, score_arrow4, score_arrow5, score_arrow6) values ('4026', '671', '6', '8', '5', '3', '3', '2', '1');
insert into RangeScores (range_score_id, round_score_id, round_range_id) values ('672', '168', '8');
insert into EndScores (end_id, range_score_id, end_number, score_arrow1, score_arrow2, score_arrow3, score_arrow4, score_arrow5, score_arrow6) values ('4027', '672', '1', '8', '6', '4', '3', '2', '1');
insert into EndScores (end_id, range_score_id, end_number, score_arrow1, score_arrow2, score_arrow3, score_arrow4, score_arrow5, score_arrow6) values ('4028', '672', '2', '9', '7', '7', '4', '2', '1');
insert into EndScores (end_id, range_score_id, end_number, score_arrow1, score_arrow2, score_arrow3, score_arrow4, score_arrow5, score_arrow6) values ('4029', '672', '3', '8', '6', '4', '3', '2', '1');
insert into EndScores (end_id, range_score_id, end_number, score_arrow1, score_arrow2, score_arrow3, score_arrow4, score_arrow5, score_arrow6) values ('4030', '672', '4', '7', '6', '4', '3', '3', '0');
insert into EndScores (end_id, range_score_id, end_number, score_arrow1, score_arrow2, score_arrow3, score_arrow4, score_arrow5, score_arrow6) values ('4031', '672', '5', '9', '5', '3', '2', '1', '0');
insert into EndScores (end_id, range_score_id, end_number, score_arrow1, score_arrow2, score_arrow3, score_arrow4, score_arrow5, score_arrow6) values ('4032', '672', '6', '9', '9', '4', '4', '3', '0');
insert into CompetitionEnrolments (archer_id, competition_id) values ('171', '31');
insert into RoundScores (round_score_id, archer_id, competition_id, round_score_date_time, equipment_id, round_def_id, total_score, category_id) values ('169', '171', '31', '2023-04-23 15:27:38.290', 'B', '4', '675', '31');
insert into RangeScores (range_score_id, round_score_id, round_range_id) values ('673', '169', '13');
insert into EndScores (end_id, range_score_id, end_number, score_arrow1, score_arrow2, score_arrow3, score_arrow4, score_arrow5, score_arrow6) values ('4033', '673', '1', '9', '9', '7', '0', '0', '0');
insert into EndScores (end_id, range_score_id, end_number, score_arrow1, score_arrow2, score_arrow3, score_arrow4, score_arrow5, score_arrow6) values ('4034', '673', '2', '9', '9', '7', '3', '3', '3');
insert into EndScores (end_id, range_score_id, end_number, score_arrow1, score_arrow2, score_arrow3, score_arrow4, score_arrow5, score_arrow6) values ('4035', '673', '3', '9', '9', '8', '5', '4', '4');
insert into EndScores (end_id, range_score_id, end_number, score_arrow1, score_arrow2, score_arrow3, score_arrow4, score_arrow5, score_arrow6) values ('4036', '673', '4', '9', '5', '3', '1', '0', '0');
insert into EndScores (end_id, range_score_id, end_number, score_arrow1, score_arrow2, score_arrow3, score_arrow4, score_arrow5, score_arrow6) values ('4037', '673', '5', '5', '4', '3', '3', '0', '0');
insert into EndScores (end_id, range_score_id, end_number, score_arrow1, score_arrow2, score_arrow3, score_arrow4, score_arrow5, score_arrow6) values ('4038', '673', '6', '9', '9', '6', '3', '0', '0');
insert into RangeScores (range_score_id, round_score_id, round_range_id) values ('674', '169', '14');
insert into EndScores (end_id, range_score_id, end_number, score_arrow1, score_arrow2, score_arrow3, score_arrow4, score_arrow5, score_arrow6) values ('4039', '674', '1', '9', '9', '6', '6', '6', '5');
insert into EndScores (end_id, range_score_id, end_number, score_arrow1, score_arrow2, score_arrow3, score_arrow4, score_arrow5, score_arrow6) values ('4040', '674', '2', '8', '8', '8', '7', '4', '3');
insert into EndScores (end_id, range_score_id, end_number, score_arrow1, score_arrow2, score_arrow3, score_arrow4, score_arrow5, score_arrow6) values ('4041', '674', '3', '9', '8', '7', '6', '1', '0');
insert into EndScores (end_id, range_score_id, end_number, score_arrow1, score_arrow2, score_arrow3, score_arrow4, score_arrow5, score_arrow6) values ('4042', '674', '4', '6', '6', '4', '3', '2', '0');
insert into EndScores (end_id, range_score_id, end_number, score_arrow1, score_arrow2, score_arrow3, score_arrow4, score_arrow5, score_arrow6) values ('4043', '674', '5', '9', '8', '7', '4', '1', '1');
insert into EndScores (end_id, range_score_id, end_number, score_arrow1, score_arrow2, score_arrow3, score_arrow4, score_arrow5, score_arrow6) values ('4044', '674', '6', '7', '5', '5', '5', '2', '1');
insert into RangeScores (range_score_id, round_score_id, round_range_id) values ('675', '169', '15');
insert into EndScores (end_id, range_score_id, end_number, score_arrow1, score_arrow2, score_arrow3, score_arrow4, score_arrow5, score_arrow6) values ('4045', '675', '1', '8', '7', '7', '5', '3', '2');
insert into EndScores (end_id, range_score_id, end_number, score_arrow1, score_arrow2, score_arrow3, score_arrow4, score_arrow5, score_arrow6) values ('4046', '675', '2', '9', '8', '7', '7', '4', '2');
insert into EndScores (end_id, range_score_id, end_number, score_arrow1, score_arrow2, score_arrow3, score_arrow4, score_arrow5, score_arrow6) values ('4047', '675', '3', '6', '6', '4', '2', '1', '1');
insert into EndScores (end_id, range_score_id, end_number, score_arrow1, score_arrow2, score_arrow3, score_arrow4, score_arrow5, score_arrow6) values ('4048', '675', '4', '6', '5', '4', '1', '1', '0');
insert into EndScores (end_id, range_score_id, end_number, score_arrow1, score_arrow2, score_arrow3, score_arrow4, score_arrow5, score_arrow6) values ('4049', '675', '5', '6', '4', '3', '0', '0', '0');
insert into EndScores (end_id, range_score_id, end_number, score_arrow1, score_arrow2, score_arrow3, score_arrow4, score_arrow5, score_arrow6) values ('4050', '675', '6', '9', '7', '6', '4', '4', '4');
insert into RangeScores (range_score_id, round_score_id, round_range_id) values ('676', '169', '16');
insert into EndScores (end_id, range_score_id, end_number, score_arrow1, score_arrow2, score_arrow3, score_arrow4, score_arrow5, score_arrow6) values ('4051', '676', '1', '6', '6', '6', '3', '2', '1');
insert into EndScores (end_id, range_score_id, end_number, score_arrow1, score_arrow2, score_arrow3, score_arrow4, score_arrow5, score_arrow6) values ('4052', '676', '2', '6', '6', '5', '5', '3', '1');
insert into EndScores (end_id, range_score_id, end_number, score_arrow1, score_arrow2, score_arrow3, score_arrow4, score_arrow5, score_arrow6) values ('4053', '676', '3', '9', '8', '6', '5', '2', '1');
insert into EndScores (end_id, range_score_id, end_number, score_arrow1, score_arrow2, score_arrow3, score_arrow4, score_arrow5, score_arrow6) values ('4054', '676', '4', '9', '9', '8', '8', '5', '3');
insert into EndScores (end_id, range_score_id, end_number, score_arrow1, score_arrow2, score_arrow3, score_arrow4, score_arrow5, score_arrow6) values ('4055', '676', '5', '9', '9', '8', '5', '1', '1');
insert into EndScores (end_id, range_score_id, end_number, score_arrow1, score_arrow2, score_arrow3, score_arrow4, score_arrow5, score_arrow6) values ('4056', '676', '6', '9', '8', '3', '1', '1', '0');
insert into CompetitionEnrolments (archer_id, competition_id) values ('172', '7');
insert into RoundScores (round_score_id, archer_id, competition_id, round_score_date_time, equipment_id, round_def_id, total_score, category_id) values ('170', '172', '7', '2023-04-23 10:3:18.779', 'B', '3', '670', '7');
insert into RangeScores (range_score_id, round_score_id, round_range_id) values ('677', '170', '9');
insert into EndScores (end_id, range_score_id, end_number, score_arrow1, score_arrow2, score_arrow3, score_arrow4, score_arrow5, score_arrow6) values ('4057', '677', '1', '7', '6', '6', '4', '2', '2');
insert into EndScores (end_id, range_score_id, end_number, score_arrow1, score_arrow2, score_arrow3, score_arrow4, score_arrow5, score_arrow6) values ('4058', '677', '2', '9', '8', '7', '6', '5', '2');
insert into EndScores (end_id, range_score_id, end_number, score_arrow1, score_arrow2, score_arrow3, score_arrow4, score_arrow5, score_arrow6) values ('4059', '677', '3', '8', '8', '8', '6', '2', '2');
insert into EndScores (end_id, range_score_id, end_number, score_arrow1, score_arrow2, score_arrow3, score_arrow4, score_arrow5, score_arrow6) values ('4060', '677', '4', '9', '7', '2', '1', '1', '1');
insert into EndScores (end_id, range_score_id, end_number, score_arrow1, score_arrow2, score_arrow3, score_arrow4, score_arrow5, score_arrow6) values ('4061', '677', '5', '9', '6', '6', '4', '2', '1');
insert into EndScores (end_id, range_score_id, end_number, score_arrow1, score_arrow2, score_arrow3, score_arrow4, score_arrow5, score_arrow6) values ('4062', '677', '6', '7', '6', '4', '1', '1', '0');
insert into RangeScores (range_score_id, round_score_id, round_range_id) values ('678', '170', '10');
insert into EndScores (end_id, range_score_id, end_number, score_arrow1, score_arrow2, score_arrow3, score_arrow4, score_arrow5, score_arrow6) values ('4063', '678', '1', '5', '4', '2', '1', '0', '0');
insert into EndScores (end_id, range_score_id, end_number, score_arrow1, score_arrow2, score_arrow3, score_arrow4, score_arrow5, score_arrow6) values ('4064', '678', '2', '9', '9', '4', '4', '3', '3');
insert into EndScores (end_id, range_score_id, end_number, score_arrow1, score_arrow2, score_arrow3, score_arrow4, score_arrow5, score_arrow6) values ('4065', '678', '3', '9', '7', '6', '3', '3', '2');
insert into EndScores (end_id, range_score_id, end_number, score_arrow1, score_arrow2, score_arrow3, score_arrow4, score_arrow5, score_arrow6) values ('4066', '678', '4', '9', '7', '4', '3', '3', '2');
insert into EndScores (end_id, range_score_id, end_number, score_arrow1, score_arrow2, score_arrow3, score_arrow4, score_arrow5, score_arrow6) values ('4067', '678', '5', '8', '8', '4', '1', '1', '0');
insert into EndScores (end_id, range_score_id, end_number, score_arrow1, score_arrow2, score_arrow3, score_arrow4, score_arrow5, score_arrow6) values ('4068', '678', '6', '8', '7', '7', '3', '2', '0');
insert into RangeScores (range_score_id, round_score_id, round_range_id) values ('679', '170', '11');
insert into EndScores (end_id, range_score_id, end_number, score_arrow1, score_arrow2, score_arrow3, score_arrow4, score_arrow5, score_arrow6) values ('4069', '679', '1', '9', '8', '4', '4', '2', '1');
insert into EndScores (end_id, range_score_id, end_number, score_arrow1, score_arrow2, score_arrow3, score_arrow4, score_arrow5, score_arrow6) values ('4070', '679', '2', '7', '5', '5', '4', '3', '1');
insert into EndScores (end_id, range_score_id, end_number, score_arrow1, score_arrow2, score_arrow3, score_arrow4, score_arrow5, score_arrow6) values ('4071', '679', '3', '9', '9', '8', '7', '7', '5');
insert into EndScores (end_id, range_score_id, end_number, score_arrow1, score_arrow2, score_arrow3, score_arrow4, score_arrow5, score_arrow6) values ('4072', '679', '4', '8', '8', '6', '6', '5', '4');
insert into EndScores (end_id, range_score_id, end_number, score_arrow1, score_arrow2, score_arrow3, score_arrow4, score_arrow5, score_arrow6) values ('4073', '679', '5', '9', '6', '3', '2', '1', '0');
insert into EndScores (end_id, range_score_id, end_number, score_arrow1, score_arrow2, score_arrow3, score_arrow4, score_arrow5, score_arrow6) values ('4074', '679', '6', '9', '8', '7', '5', '5', '4');
insert into RangeScores (range_score_id, round_score_id, round_range_id) values ('680', '170', '12');
insert into EndScores (end_id, range_score_id, end_number, score_arrow1, score_arrow2, score_arrow3, score_arrow4, score_arrow5, score_arrow6) values ('4075', '680', '1', '7', '7', '4', '4', '4', '1');
insert into EndScores (end_id, range_score_id, end_number, score_arrow1, score_arrow2, score_arrow3, score_arrow4, score_arrow5, score_arrow6) values ('4076', '680', '2', '4', '4', '3', '3', '2', '2');
insert into EndScores (end_id, range_score_id, end_number, score_arrow1, score_arrow2, score_arrow3, score_arrow4, score_arrow5, score_arrow6) values ('4077', '680', '3', '8', '7', '7', '5', '5', '1');
insert into EndScores (end_id, range_score_id, end_number, score_arrow1, score_arrow2, score_arrow3, score_arrow4, score_arrow5, score_arrow6) values ('4078', '680', '4', '9', '9', '7', '3', '2', '1');
insert into EndScores (end_id, range_score_id, end_number, score_arrow1, score_arrow2, score_arrow3, score_arrow4, score_arrow5, score_arrow6) values ('4079', '680', '5', '8', '7', '5', '4', '2', '0');
insert into EndScores (end_id, range_score_id, end_number, score_arrow1, score_arrow2, score_arrow3, score_arrow4, score_arrow5, score_arrow6) values ('4080', '680', '6', '6', '6', '5', '4', '2', '1');
insert into CompetitionEnrolments (archer_id, competition_id) values ('173', '52');
insert into RoundScores (round_score_id, archer_id, competition_id, round_score_date_time, equipment_id, round_def_id, total_score, category_id) values ('171', '173', '52', '2023-04-23 16:55:24.114', 'L', '5', '740', '52');
insert into RangeScores (range_score_id, round_score_id, round_range_id) values ('681', '171', '17');
insert into EndScores (end_id, range_score_id, end_number, score_arrow1, score_arrow2, score_arrow3, score_arrow4, score_arrow5, score_arrow6) values ('4081', '681', '1', '9', '8', '5', '4', '4', '1');
insert into EndScores (end_id, range_score_id, end_number, score_arrow1, score_arrow2, score_arrow3, score_arrow4, score_arrow5, score_arrow6) values ('4082', '681', '2', '7', '7', '6', '6', '3', '2');
insert into EndScores (end_id, range_score_id, end_number, score_arrow1, score_arrow2, score_arrow3, score_arrow4, score_arrow5, score_arrow6) values ('4083', '681', '3', '9', '9', '8', '7', '0', '0');
insert into EndScores (end_id, range_score_id, end_number, score_arrow1, score_arrow2, score_arrow3, score_arrow4, score_arrow5, score_arrow6) values ('4084', '681', '4', '8', '7', '6', '6', '3', '0');
insert into EndScores (end_id, range_score_id, end_number, score_arrow1, score_arrow2, score_arrow3, score_arrow4, score_arrow5, score_arrow6) values ('4085', '681', '5', '9', '8', '7', '6', '2', '0');
insert into EndScores (end_id, range_score_id, end_number, score_arrow1, score_arrow2, score_arrow3, score_arrow4, score_arrow5, score_arrow6) values ('4086', '681', '6', '8', '4', '3', '1', '1', '0');
insert into RangeScores (range_score_id, round_score_id, round_range_id) values ('682', '171', '18');
insert into EndScores (end_id, range_score_id, end_number, score_arrow1, score_arrow2, score_arrow3, score_arrow4, score_arrow5, score_arrow6) values ('4087', '682', '1', '9', '6', '5', '4', '2', '1');
insert into EndScores (end_id, range_score_id, end_number, score_arrow1, score_arrow2, score_arrow3, score_arrow4, score_arrow5, score_arrow6) values ('4088', '682', '2', '9', '9', '9', '6', '4', '4');
insert into EndScores (end_id, range_score_id, end_number, score_arrow1, score_arrow2, score_arrow3, score_arrow4, score_arrow5, score_arrow6) values ('4089', '682', '3', '9', '8', '7', '6', '4', '2');
insert into EndScores (end_id, range_score_id, end_number, score_arrow1, score_arrow2, score_arrow3, score_arrow4, score_arrow5, score_arrow6) values ('4090', '682', '4', '9', '9', '8', '7', '6', '3');
insert into EndScores (end_id, range_score_id, end_number, score_arrow1, score_arrow2, score_arrow3, score_arrow4, score_arrow5, score_arrow6) values ('4091', '682', '5', '9', '9', '7', '5', '4', '2');
insert into EndScores (end_id, range_score_id, end_number, score_arrow1, score_arrow2, score_arrow3, score_arrow4, score_arrow5, score_arrow6) values ('4092', '682', '6', '9', '8', '8', '7', '5', '4');
insert into RangeScores (range_score_id, round_score_id, round_range_id) values ('683', '171', '19');
insert into EndScores (end_id, range_score_id, end_number, score_arrow1, score_arrow2, score_arrow3, score_arrow4, score_arrow5, score_arrow6) values ('4093', '683', '1', '8', '7', '5', '5', '5', '5');
insert into EndScores (end_id, range_score_id, end_number, score_arrow1, score_arrow2, score_arrow3, score_arrow4, score_arrow5, score_arrow6) values ('4094', '683', '2', '6', '5', '4', '4', '2', '1');
insert into EndScores (end_id, range_score_id, end_number, score_arrow1, score_arrow2, score_arrow3, score_arrow4, score_arrow5, score_arrow6) values ('4095', '683', '3', '8', '8', '4', '4', '2', '0');
insert into EndScores (end_id, range_score_id, end_number, score_arrow1, score_arrow2, score_arrow3, score_arrow4, score_arrow5, score_arrow6) values ('4096', '683', '4', '9', '8', '8', '7', '6', '6');
insert into EndScores (end_id, range_score_id, end_number, score_arrow1, score_arrow2, score_arrow3, score_arrow4, score_arrow5, score_arrow6) values ('4097', '683', '5', '8', '7', '5', '4', '4', '0');
insert into EndScores (end_id, range_score_id, end_number, score_arrow1, score_arrow2, score_arrow3, score_arrow4, score_arrow5, score_arrow6) values ('4098', '683', '6', '8', '7', '6', '5', '3', '0');
insert into RangeScores (range_score_id, round_score_id, round_range_id) values ('684', '171', '20');
insert into EndScores (end_id, range_score_id, end_number, score_arrow1, score_arrow2, score_arrow3, score_arrow4, score_arrow5, score_arrow6) values ('4099', '684', '1', '9', '6', '5', '5', '4', '4');
insert into EndScores (end_id, range_score_id, end_number, score_arrow1, score_arrow2, score_arrow3, score_arrow4, score_arrow5, score_arrow6) values ('4100', '684', '2', '8', '8', '5', '4', '3', '3');
insert into EndScores (end_id, range_score_id, end_number, score_arrow1, score_arrow2, score_arrow3, score_arrow4, score_arrow5, score_arrow6) values ('4101', '684', '3', '9', '8', '7', '7', '3', '1');
insert into EndScores (end_id, range_score_id, end_number, score_arrow1, score_arrow2, score_arrow3, score_arrow4, score_arrow5, score_arrow6) values ('4102', '684', '4', '9', '7', '3', '2', '1', '1');
insert into EndScores (end_id, range_score_id, end_number, score_arrow1, score_arrow2, score_arrow3, score_arrow4, score_arrow5, score_arrow6) values ('4103', '684', '5', '9', '8', '5', '3', '0', '0');
insert into EndScores (end_id, range_score_id, end_number, score_arrow1, score_arrow2, score_arrow3, score_arrow4, score_arrow5, score_arrow6) values ('4104', '684', '6', '5', '4', '2', '1', '0', '0');
insert into CompetitionEnrolments (archer_id, competition_id) values ('174', '43');
insert into RoundScores (round_score_id, archer_id, competition_id, round_score_date_time, equipment_id, round_def_id, total_score, category_id) values ('172', '174', '43', '2023-04-23 14:26:13.703', 'B', '3', '644', '43');
insert into RangeScores (range_score_id, round_score_id, round_range_id) values ('685', '172', '9');
insert into EndScores (end_id, range_score_id, end_number, score_arrow1, score_arrow2, score_arrow3, score_arrow4, score_arrow5, score_arrow6) values ('4105', '685', '1', '8', '5', '5', '5', '3', '2');
insert into EndScores (end_id, range_score_id, end_number, score_arrow1, score_arrow2, score_arrow3, score_arrow4, score_arrow5, score_arrow6) values ('4106', '685', '2', '9', '6', '6', '4', '0', '0');
insert into EndScores (end_id, range_score_id, end_number, score_arrow1, score_arrow2, score_arrow3, score_arrow4, score_arrow5, score_arrow6) values ('4107', '685', '3', '9', '8', '7', '7', '6', '6');
insert into EndScores (end_id, range_score_id, end_number, score_arrow1, score_arrow2, score_arrow3, score_arrow4, score_arrow5, score_arrow6) values ('4108', '685', '4', '8', '8', '3', '2', '2', '1');
insert into EndScores (end_id, range_score_id, end_number, score_arrow1, score_arrow2, score_arrow3, score_arrow4, score_arrow5, score_arrow6) values ('4109', '685', '5', '7', '7', '6', '5', '4', '4');
insert into EndScores (end_id, range_score_id, end_number, score_arrow1, score_arrow2, score_arrow3, score_arrow4, score_arrow5, score_arrow6) values ('4110', '685', '6', '7', '7', '6', '3', '1', '0');
insert into RangeScores (range_score_id, round_score_id, round_range_id) values ('686', '172', '10');
insert into EndScores (end_id, range_score_id, end_number, score_arrow1, score_arrow2, score_arrow3, score_arrow4, score_arrow5, score_arrow6) values ('4111', '686', '1', '8', '4', '3', '1', '1', '0');
insert into EndScores (end_id, range_score_id, end_number, score_arrow1, score_arrow2, score_arrow3, score_arrow4, score_arrow5, score_arrow6) values ('4112', '686', '2', '6', '4', '3', '3', '1', '1');
insert into EndScores (end_id, range_score_id, end_number, score_arrow1, score_arrow2, score_arrow3, score_arrow4, score_arrow5, score_arrow6) values ('4113', '686', '3', '7', '6', '1', '0', '0', '0');
insert into EndScores (end_id, range_score_id, end_number, score_arrow1, score_arrow2, score_arrow3, score_arrow4, score_arrow5, score_arrow6) values ('4114', '686', '4', '9', '9', '8', '6', '4', '2');
insert into EndScores (end_id, range_score_id, end_number, score_arrow1, score_arrow2, score_arrow3, score_arrow4, score_arrow5, score_arrow6) values ('4115', '686', '5', '9', '1', '0', '0', '0', '0');
insert into EndScores (end_id, range_score_id, end_number, score_arrow1, score_arrow2, score_arrow3, score_arrow4, score_arrow5, score_arrow6) values ('4116', '686', '6', '9', '9', '5', '4', '4', '3');
insert into RangeScores (range_score_id, round_score_id, round_range_id) values ('687', '172', '11');
insert into EndScores (end_id, range_score_id, end_number, score_arrow1, score_arrow2, score_arrow3, score_arrow4, score_arrow5, score_arrow6) values ('4117', '687', '1', '8', '7', '6', '5', '3', '1');
insert into EndScores (end_id, range_score_id, end_number, score_arrow1, score_arrow2, score_arrow3, score_arrow4, score_arrow5, score_arrow6) values ('4118', '687', '2', '9', '7', '7', '1', '0', '0');
insert into EndScores (end_id, range_score_id, end_number, score_arrow1, score_arrow2, score_arrow3, score_arrow4, score_arrow5, score_arrow6) values ('4119', '687', '3', '9', '9', '8', '3', '0', '0');
insert into EndScores (end_id, range_score_id, end_number, score_arrow1, score_arrow2, score_arrow3, score_arrow4, score_arrow5, score_arrow6) values ('4120', '687', '4', '9', '9', '7', '6', '4', '0');
insert into EndScores (end_id, range_score_id, end_number, score_arrow1, score_arrow2, score_arrow3, score_arrow4, score_arrow5, score_arrow6) values ('4121', '687', '5', '9', '7', '7', '5', '4', '1');
insert into EndScores (end_id, range_score_id, end_number, score_arrow1, score_arrow2, score_arrow3, score_arrow4, score_arrow5, score_arrow6) values ('4122', '687', '6', '7', '6', '4', '4', '1', '0');
insert into RangeScores (range_score_id, round_score_id, round_range_id) values ('688', '172', '12');
insert into EndScores (end_id, range_score_id, end_number, score_arrow1, score_arrow2, score_arrow3, score_arrow4, score_arrow5, score_arrow6) values ('4123', '688', '1', '7', '6', '6', '4', '3', '2');
insert into EndScores (end_id, range_score_id, end_number, score_arrow1, score_arrow2, score_arrow3, score_arrow4, score_arrow5, score_arrow6) values ('4124', '688', '2', '8', '6', '4', '4', '3', '2');
insert into EndScores (end_id, range_score_id, end_number, score_arrow1, score_arrow2, score_arrow3, score_arrow4, score_arrow5, score_arrow6) values ('4125', '688', '3', '9', '4', '3', '1', '1', '0');
insert into EndScores (end_id, range_score_id, end_number, score_arrow1, score_arrow2, score_arrow3, score_arrow4, score_arrow5, score_arrow6) values ('4126', '688', '4', '9', '8', '8', '5', '5', '4');
insert into EndScores (end_id, range_score_id, end_number, score_arrow1, score_arrow2, score_arrow3, score_arrow4, score_arrow5, score_arrow6) values ('4127', '688', '5', '8', '8', '8', '7', '4', '0');
insert into EndScores (end_id, range_score_id, end_number, score_arrow1, score_arrow2, score_arrow3, score_arrow4, score_arrow5, score_arrow6) values ('4128', '688', '6', '9', '4', '2', '1', '0', '0');
insert into CompetitionEnrolments (archer_id, competition_id) values ('175', '15');
insert into RoundScores (round_score_id, archer_id, competition_id, round_score_date_time, equipment_id, round_def_id, total_score, category_id) values ('173', '175', '15', '2023-04-23 11:59:18.746', 'B', '3', '697', '15');
insert into RangeScores (range_score_id, round_score_id, round_range_id) values ('689', '173', '9');
insert into EndScores (end_id, range_score_id, end_number, score_arrow1, score_arrow2, score_arrow3, score_arrow4, score_arrow5, score_arrow6) values ('4129', '689', '1', '9', '7', '6', '5', '4', '2');
insert into EndScores (end_id, range_score_id, end_number, score_arrow1, score_arrow2, score_arrow3, score_arrow4, score_arrow5, score_arrow6) values ('4130', '689', '2', '9', '7', '6', '5', '5', '4');
insert into EndScores (end_id, range_score_id, end_number, score_arrow1, score_arrow2, score_arrow3, score_arrow4, score_arrow5, score_arrow6) values ('4131', '689', '3', '9', '9', '8', '8', '7', '6');
insert into EndScores (end_id, range_score_id, end_number, score_arrow1, score_arrow2, score_arrow3, score_arrow4, score_arrow5, score_arrow6) values ('4132', '689', '4', '9', '9', '8', '7', '4', '2');
insert into EndScores (end_id, range_score_id, end_number, score_arrow1, score_arrow2, score_arrow3, score_arrow4, score_arrow5, score_arrow6) values ('4133', '689', '5', '7', '7', '7', '4', '2', '2');
insert into EndScores (end_id, range_score_id, end_number, score_arrow1, score_arrow2, score_arrow3, score_arrow4, score_arrow5, score_arrow6) values ('4134', '689', '6', '9', '9', '8', '7', '7', '6');
insert into RangeScores (range_score_id, round_score_id, round_range_id) values ('690', '173', '10');
insert into EndScores (end_id, range_score_id, end_number, score_arrow1, score_arrow2, score_arrow3, score_arrow4, score_arrow5, score_arrow6) values ('4135', '690', '1', '8', '7', '5', '5', '2', '0');
insert into EndScores (end_id, range_score_id, end_number, score_arrow1, score_arrow2, score_arrow3, score_arrow4, score_arrow5, score_arrow6) values ('4136', '690', '2', '6', '4', '4', '3', '3', '2');
insert into EndScores (end_id, range_score_id, end_number, score_arrow1, score_arrow2, score_arrow3, score_arrow4, score_arrow5, score_arrow6) values ('4137', '690', '3', '9', '8', '7', '1', '1', '0');
insert into EndScores (end_id, range_score_id, end_number, score_arrow1, score_arrow2, score_arrow3, score_arrow4, score_arrow5, score_arrow6) values ('4138', '690', '4', '7', '6', '4', '3', '0', '0');
insert into EndScores (end_id, range_score_id, end_number, score_arrow1, score_arrow2, score_arrow3, score_arrow4, score_arrow5, score_arrow6) values ('4139', '690', '5', '9', '8', '8', '5', '3', '0');
insert into EndScores (end_id, range_score_id, end_number, score_arrow1, score_arrow2, score_arrow3, score_arrow4, score_arrow5, score_arrow6) values ('4140', '690', '6', '9', '9', '6', '5', '5', '0');
insert into RangeScores (range_score_id, round_score_id, round_range_id) values ('691', '173', '11');
insert into EndScores (end_id, range_score_id, end_number, score_arrow1, score_arrow2, score_arrow3, score_arrow4, score_arrow5, score_arrow6) values ('4141', '691', '1', '8', '5', '3', '2', '1', '1');
insert into EndScores (end_id, range_score_id, end_number, score_arrow1, score_arrow2, score_arrow3, score_arrow4, score_arrow5, score_arrow6) values ('4142', '691', '2', '5', '2', '1', '0', '0', '0');
insert into EndScores (end_id, range_score_id, end_number, score_arrow1, score_arrow2, score_arrow3, score_arrow4, score_arrow5, score_arrow6) values ('4143', '691', '3', '8', '8', '6', '5', '2', '1');
insert into EndScores (end_id, range_score_id, end_number, score_arrow1, score_arrow2, score_arrow3, score_arrow4, score_arrow5, score_arrow6) values ('4144', '691', '4', '7', '6', '5', '5', '2', '2');
insert into EndScores (end_id, range_score_id, end_number, score_arrow1, score_arrow2, score_arrow3, score_arrow4, score_arrow5, score_arrow6) values ('4145', '691', '5', '9', '8', '6', '5', '1', '1');
insert into EndScores (end_id, range_score_id, end_number, score_arrow1, score_arrow2, score_arrow3, score_arrow4, score_arrow5, score_arrow6) values ('4146', '691', '6', '7', '6', '5', '5', '5', '4');
insert into RangeScores (range_score_id, round_score_id, round_range_id) values ('692', '173', '12');
insert into EndScores (end_id, range_score_id, end_number, score_arrow1, score_arrow2, score_arrow3, score_arrow4, score_arrow5, score_arrow6) values ('4147', '692', '1', '4', '2', '2', '1', '1', '0');
insert into EndScores (end_id, range_score_id, end_number, score_arrow1, score_arrow2, score_arrow3, score_arrow4, score_arrow5, score_arrow6) values ('4148', '692', '2', '9', '7', '6', '5', '4', '2');
insert into EndScores (end_id, range_score_id, end_number, score_arrow1, score_arrow2, score_arrow3, score_arrow4, score_arrow5, score_arrow6) values ('4149', '692', '3', '9', '8', '7', '6', '5', '4');
insert into EndScores (end_id, range_score_id, end_number, score_arrow1, score_arrow2, score_arrow3, score_arrow4, score_arrow5, score_arrow6) values ('4150', '692', '4', '9', '6', '6', '4', '1', '0');
insert into EndScores (end_id, range_score_id, end_number, score_arrow1, score_arrow2, score_arrow3, score_arrow4, score_arrow5, score_arrow6) values ('4151', '692', '5', '6', '6', '4', '3', '3', '2');
insert into EndScores (end_id, range_score_id, end_number, score_arrow1, score_arrow2, score_arrow3, score_arrow4, score_arrow5, score_arrow6) values ('4152', '692', '6', '6', '6', '5', '3', '3', '3');
insert into CompetitionEnrolments (archer_id, competition_id) values ('176', '5');
insert into RoundScores (round_score_id, archer_id, competition_id, round_score_date_time, equipment_id, round_def_id, total_score, category_id) values ('174', '176', '5', '2023-04-23 13:10:25.669', 'R', '2', '630', '5');
insert into RangeScores (range_score_id, round_score_id, round_range_id) values ('693', '174', '5');
insert into EndScores (end_id, range_score_id, end_number, score_arrow1, score_arrow2, score_arrow3, score_arrow4, score_arrow5, score_arrow6) values ('4153', '693', '1', '8', '7', '5', '4', '2', '0');
insert into EndScores (end_id, range_score_id, end_number, score_arrow1, score_arrow2, score_arrow3, score_arrow4, score_arrow5, score_arrow6) values ('4154', '693', '2', '8', '8', '8', '5', '5', '4');
insert into EndScores (end_id, range_score_id, end_number, score_arrow1, score_arrow2, score_arrow3, score_arrow4, score_arrow5, score_arrow6) values ('4155', '693', '3', '9', '7', '5', '3', '2', '1');
insert into EndScores (end_id, range_score_id, end_number, score_arrow1, score_arrow2, score_arrow3, score_arrow4, score_arrow5, score_arrow6) values ('4156', '693', '4', '8', '6', '3', '3', '0', '0');
insert into EndScores (end_id, range_score_id, end_number, score_arrow1, score_arrow2, score_arrow3, score_arrow4, score_arrow5, score_arrow6) values ('4157', '693', '5', '8', '7', '3', '3', '0', '0');
insert into EndScores (end_id, range_score_id, end_number, score_arrow1, score_arrow2, score_arrow3, score_arrow4, score_arrow5, score_arrow6) values ('4158', '693', '6', '9', '9', '8', '6', '3', '0');
insert into RangeScores (range_score_id, round_score_id, round_range_id) values ('694', '174', '6');
insert into EndScores (end_id, range_score_id, end_number, score_arrow1, score_arrow2, score_arrow3, score_arrow4, score_arrow5, score_arrow6) values ('4159', '694', '1', '9', '8', '7', '4', '1', '0');
insert into EndScores (end_id, range_score_id, end_number, score_arrow1, score_arrow2, score_arrow3, score_arrow4, score_arrow5, score_arrow6) values ('4160', '694', '2', '8', '7', '5', '3', '2', '0');
insert into EndScores (end_id, range_score_id, end_number, score_arrow1, score_arrow2, score_arrow3, score_arrow4, score_arrow5, score_arrow6) values ('4161', '694', '3', '8', '5', '1', '0', '0', '0');
insert into EndScores (end_id, range_score_id, end_number, score_arrow1, score_arrow2, score_arrow3, score_arrow4, score_arrow5, score_arrow6) values ('4162', '694', '4', '7', '5', '5', '4', '2', '2');
insert into EndScores (end_id, range_score_id, end_number, score_arrow1, score_arrow2, score_arrow3, score_arrow4, score_arrow5, score_arrow6) values ('4163', '694', '5', '6', '6', '5', '3', '3', '1');
insert into EndScores (end_id, range_score_id, end_number, score_arrow1, score_arrow2, score_arrow3, score_arrow4, score_arrow5, score_arrow6) values ('4164', '694', '6', '8', '8', '5', '4', '2', '1');
insert into RangeScores (range_score_id, round_score_id, round_range_id) values ('695', '174', '7');
insert into EndScores (end_id, range_score_id, end_number, score_arrow1, score_arrow2, score_arrow3, score_arrow4, score_arrow5, score_arrow6) values ('4165', '695', '1', '9', '6', '3', '2', '2', '1');
insert into EndScores (end_id, range_score_id, end_number, score_arrow1, score_arrow2, score_arrow3, score_arrow4, score_arrow5, score_arrow6) values ('4166', '695', '2', '6', '3', '3', '2', '2', '0');
insert into EndScores (end_id, range_score_id, end_number, score_arrow1, score_arrow2, score_arrow3, score_arrow4, score_arrow5, score_arrow6) values ('4167', '695', '3', '7', '6', '6', '4', '1', '1');
insert into EndScores (end_id, range_score_id, end_number, score_arrow1, score_arrow2, score_arrow3, score_arrow4, score_arrow5, score_arrow6) values ('4168', '695', '4', '7', '5', '5', '4', '3', '1');
insert into EndScores (end_id, range_score_id, end_number, score_arrow1, score_arrow2, score_arrow3, score_arrow4, score_arrow5, score_arrow6) values ('4169', '695', '5', '9', '8', '6', '6', '5', '1');
insert into EndScores (end_id, range_score_id, end_number, score_arrow1, score_arrow2, score_arrow3, score_arrow4, score_arrow5, score_arrow6) values ('4170', '695', '6', '9', '9', '9', '2', '1', '0');
insert into RangeScores (range_score_id, round_score_id, round_range_id) values ('696', '174', '8');
insert into EndScores (end_id, range_score_id, end_number, score_arrow1, score_arrow2, score_arrow3, score_arrow4, score_arrow5, score_arrow6) values ('4171', '696', '1', '8', '6', '6', '3', '3', '2');
insert into EndScores (end_id, range_score_id, end_number, score_arrow1, score_arrow2, score_arrow3, score_arrow4, score_arrow5, score_arrow6) values ('4172', '696', '2', '9', '4', '2', '2', '0', '0');
insert into EndScores (end_id, range_score_id, end_number, score_arrow1, score_arrow2, score_arrow3, score_arrow4, score_arrow5, score_arrow6) values ('4173', '696', '3', '6', '4', '3', '2', '2', '1');
insert into EndScores (end_id, range_score_id, end_number, score_arrow1, score_arrow2, score_arrow3, score_arrow4, score_arrow5, score_arrow6) values ('4174', '696', '4', '9', '9', '8', '6', '5', '4');
insert into EndScores (end_id, range_score_id, end_number, score_arrow1, score_arrow2, score_arrow3, score_arrow4, score_arrow5, score_arrow6) values ('4175', '696', '5', '9', '7', '6', '4', '3', '0');
insert into EndScores (end_id, range_score_id, end_number, score_arrow1, score_arrow2, score_arrow3, score_arrow4, score_arrow5, score_arrow6) values ('4176', '696', '6', '8', '7', '7', '6', '2', '1');
insert into CompetitionEnrolments (archer_id, competition_id) values ('177', '32');
insert into RoundScores (round_score_id, archer_id, competition_id, round_score_date_time, equipment_id, round_def_id, total_score, category_id) values ('175', '177', '32', '2023-04-23 10:31:35.224', 'L', '4', '700', '32');
insert into RangeScores (range_score_id, round_score_id, round_range_id) values ('697', '175', '13');
insert into EndScores (end_id, range_score_id, end_number, score_arrow1, score_arrow2, score_arrow3, score_arrow4, score_arrow5, score_arrow6) values ('4177', '697', '1', '9', '8', '7', '6', '3', '3');
insert into EndScores (end_id, range_score_id, end_number, score_arrow1, score_arrow2, score_arrow3, score_arrow4, score_arrow5, score_arrow6) values ('4178', '697', '2', '7', '7', '7', '2', '2', '2');
insert into EndScores (end_id, range_score_id, end_number, score_arrow1, score_arrow2, score_arrow3, score_arrow4, score_arrow5, score_arrow6) values ('4179', '697', '3', '9', '8', '8', '7', '2', '0');
insert into EndScores (end_id, range_score_id, end_number, score_arrow1, score_arrow2, score_arrow3, score_arrow4, score_arrow5, score_arrow6) values ('4180', '697', '4', '9', '8', '7', '5', '1', '0');
insert into EndScores (end_id, range_score_id, end_number, score_arrow1, score_arrow2, score_arrow3, score_arrow4, score_arrow5, score_arrow6) values ('4181', '697', '5', '5', '5', '5', '3', '2', '1');
insert into EndScores (end_id, range_score_id, end_number, score_arrow1, score_arrow2, score_arrow3, score_arrow4, score_arrow5, score_arrow6) values ('4182', '697', '6', '8', '7', '5', '4', '0', '0');
insert into RangeScores (range_score_id, round_score_id, round_range_id) values ('698', '175', '14');
insert into EndScores (end_id, range_score_id, end_number, score_arrow1, score_arrow2, score_arrow3, score_arrow4, score_arrow5, score_arrow6) values ('4183', '698', '1', '7', '6', '6', '5', '3', '3');
insert into EndScores (end_id, range_score_id, end_number, score_arrow1, score_arrow2, score_arrow3, score_arrow4, score_arrow5, score_arrow6) values ('4184', '698', '2', '7', '5', '3', '2', '1', '0');
insert into EndScores (end_id, range_score_id, end_number, score_arrow1, score_arrow2, score_arrow3, score_arrow4, score_arrow5, score_arrow6) values ('4185', '698', '3', '9', '5', '5', '1', '0', '0');
insert into EndScores (end_id, range_score_id, end_number, score_arrow1, score_arrow2, score_arrow3, score_arrow4, score_arrow5, score_arrow6) values ('4186', '698', '4', '8', '7', '7', '5', '2', '2');
insert into EndScores (end_id, range_score_id, end_number, score_arrow1, score_arrow2, score_arrow3, score_arrow4, score_arrow5, score_arrow6) values ('4187', '698', '5', '9', '8', '6', '1', '1', '0');
insert into EndScores (end_id, range_score_id, end_number, score_arrow1, score_arrow2, score_arrow3, score_arrow4, score_arrow5, score_arrow6) values ('4188', '698', '6', '8', '8', '6', '6', '5', '5');
insert into RangeScores (range_score_id, round_score_id, round_range_id) values ('699', '175', '15');
insert into EndScores (end_id, range_score_id, end_number, score_arrow1, score_arrow2, score_arrow3, score_arrow4, score_arrow5, score_arrow6) values ('4189', '699', '1', '8', '8', '6', '4', '4', '0');
insert into EndScores (end_id, range_score_id, end_number, score_arrow1, score_arrow2, score_arrow3, score_arrow4, score_arrow5, score_arrow6) values ('4190', '699', '2', '9', '9', '8', '8', '5', '2');
insert into EndScores (end_id, range_score_id, end_number, score_arrow1, score_arrow2, score_arrow3, score_arrow4, score_arrow5, score_arrow6) values ('4191', '699', '3', '8', '8', '5', '3', '2', '1');
insert into EndScores (end_id, range_score_id, end_number, score_arrow1, score_arrow2, score_arrow3, score_arrow4, score_arrow5, score_arrow6) values ('4192', '699', '4', '8', '8', '6', '3', '0', '0');
insert into EndScores (end_id, range_score_id, end_number, score_arrow1, score_arrow2, score_arrow3, score_arrow4, score_arrow5, score_arrow6) values ('4193', '699', '5', '9', '8', '7', '7', '3', '2');
insert into EndScores (end_id, range_score_id, end_number, score_arrow1, score_arrow2, score_arrow3, score_arrow4, score_arrow5, score_arrow6) values ('4194', '699', '6', '9', '8', '6', '1', '1', '0');
insert into RangeScores (range_score_id, round_score_id, round_range_id) values ('700', '175', '16');
insert into EndScores (end_id, range_score_id, end_number, score_arrow1, score_arrow2, score_arrow3, score_arrow4, score_arrow5, score_arrow6) values ('4195', '700', '1', '9', '8', '7', '6', '6', '5');
insert into EndScores (end_id, range_score_id, end_number, score_arrow1, score_arrow2, score_arrow3, score_arrow4, score_arrow5, score_arrow6) values ('4196', '700', '2', '7', '7', '4', '4', '2', '0');
insert into EndScores (end_id, range_score_id, end_number, score_arrow1, score_arrow2, score_arrow3, score_arrow4, score_arrow5, score_arrow6) values ('4197', '700', '3', '9', '7', '4', '4', '2', '1');
insert into EndScores (end_id, range_score_id, end_number, score_arrow1, score_arrow2, score_arrow3, score_arrow4, score_arrow5, score_arrow6) values ('4198', '700', '4', '7', '6', '3', '3', '2', '2');
insert into EndScores (end_id, range_score_id, end_number, score_arrow1, score_arrow2, score_arrow3, score_arrow4, score_arrow5, score_arrow6) values ('4199', '700', '5', '9', '8', '7', '7', '5', '4');
insert into EndScores (end_id, range_score_id, end_number, score_arrow1, score_arrow2, score_arrow3, score_arrow4, score_arrow5, score_arrow6) values ('4200', '700', '6', '8', '8', '7', '3', '1', '0');
insert into CompetitionEnrolments (archer_id, competition_id) values ('178', '33');
insert into RoundScores (round_score_id, archer_id, competition_id, round_score_date_time, equipment_id, round_def_id, total_score, category_id) values ('176', '178', '33', '2023-04-23 9:40:53.375', 'R', '1', '676', '33');
insert into RangeScores (range_score_id, round_score_id, round_range_id) values ('701', '176', '1');
insert into EndScores (end_id, range_score_id, end_number, score_arrow1, score_arrow2, score_arrow3, score_arrow4, score_arrow5, score_arrow6) values ('4201', '701', '1', '8', '7', '5', '3', '3', '2');
insert into EndScores (end_id, range_score_id, end_number, score_arrow1, score_arrow2, score_arrow3, score_arrow4, score_arrow5, score_arrow6) values ('4202', '701', '2', '9', '7', '6', '3', '2', '2');
insert into EndScores (end_id, range_score_id, end_number, score_arrow1, score_arrow2, score_arrow3, score_arrow4, score_arrow5, score_arrow6) values ('4203', '701', '3', '9', '6', '6', '4', '4', '3');
insert into EndScores (end_id, range_score_id, end_number, score_arrow1, score_arrow2, score_arrow3, score_arrow4, score_arrow5, score_arrow6) values ('4204', '701', '4', '9', '8', '8', '5', '5', '3');
insert into EndScores (end_id, range_score_id, end_number, score_arrow1, score_arrow2, score_arrow3, score_arrow4, score_arrow5, score_arrow6) values ('4205', '701', '5', '6', '4', '3', '2', '1', '0');
insert into EndScores (end_id, range_score_id, end_number, score_arrow1, score_arrow2, score_arrow3, score_arrow4, score_arrow5, score_arrow6) values ('4206', '701', '6', '9', '8', '7', '6', '2', '1');
insert into RangeScores (range_score_id, round_score_id, round_range_id) values ('702', '176', '2');
insert into EndScores (end_id, range_score_id, end_number, score_arrow1, score_arrow2, score_arrow3, score_arrow4, score_arrow5, score_arrow6) values ('4207', '702', '1', '9', '8', '3', '2', '1', '1');
insert into EndScores (end_id, range_score_id, end_number, score_arrow1, score_arrow2, score_arrow3, score_arrow4, score_arrow5, score_arrow6) values ('4208', '702', '2', '8', '6', '4', '3', '2', '0');
insert into EndScores (end_id, range_score_id, end_number, score_arrow1, score_arrow2, score_arrow3, score_arrow4, score_arrow5, score_arrow6) values ('4209', '702', '3', '8', '8', '8', '7', '4', '0');
insert into EndScores (end_id, range_score_id, end_number, score_arrow1, score_arrow2, score_arrow3, score_arrow4, score_arrow5, score_arrow6) values ('4210', '702', '4', '7', '7', '6', '5', '2', '0');
insert into EndScores (end_id, range_score_id, end_number, score_arrow1, score_arrow2, score_arrow3, score_arrow4, score_arrow5, score_arrow6) values ('4211', '702', '5', '7', '6', '5', '5', '3', '0');
insert into EndScores (end_id, range_score_id, end_number, score_arrow1, score_arrow2, score_arrow3, score_arrow4, score_arrow5, score_arrow6) values ('4212', '702', '6', '8', '7', '6', '1', '1', '1');
insert into RangeScores (range_score_id, round_score_id, round_range_id) values ('703', '176', '3');
insert into EndScores (end_id, range_score_id, end_number, score_arrow1, score_arrow2, score_arrow3, score_arrow4, score_arrow5, score_arrow6) values ('4213', '703', '1', '9', '8', '6', '6', '3', '1');
insert into EndScores (end_id, range_score_id, end_number, score_arrow1, score_arrow2, score_arrow3, score_arrow4, score_arrow5, score_arrow6) values ('4214', '703', '2', '9', '5', '5', '4', '2', '0');
insert into EndScores (end_id, range_score_id, end_number, score_arrow1, score_arrow2, score_arrow3, score_arrow4, score_arrow5, score_arrow6) values ('4215', '703', '3', '9', '9', '9', '6', '4', '2');
insert into EndScores (end_id, range_score_id, end_number, score_arrow1, score_arrow2, score_arrow3, score_arrow4, score_arrow5, score_arrow6) values ('4216', '703', '4', '6', '4', '3', '3', '2', '0');
insert into EndScores (end_id, range_score_id, end_number, score_arrow1, score_arrow2, score_arrow3, score_arrow4, score_arrow5, score_arrow6) values ('4217', '703', '5', '9', '8', '6', '6', '5', '2');
insert into EndScores (end_id, range_score_id, end_number, score_arrow1, score_arrow2, score_arrow3, score_arrow4, score_arrow5, score_arrow6) values ('4218', '703', '6', '8', '7', '5', '3', '2', '0');
insert into RangeScores (range_score_id, round_score_id, round_range_id) values ('704', '176', '4');
insert into EndScores (end_id, range_score_id, end_number, score_arrow1, score_arrow2, score_arrow3, score_arrow4, score_arrow5, score_arrow6) values ('4219', '704', '1', '7', '6', '6', '4', '4', '1');
insert into EndScores (end_id, range_score_id, end_number, score_arrow1, score_arrow2, score_arrow3, score_arrow4, score_arrow5, score_arrow6) values ('4220', '704', '2', '8', '7', '7', '4', '3', '3');
insert into EndScores (end_id, range_score_id, end_number, score_arrow1, score_arrow2, score_arrow3, score_arrow4, score_arrow5, score_arrow6) values ('4221', '704', '3', '7', '6', '1', '1', '0', '0');
insert into EndScores (end_id, range_score_id, end_number, score_arrow1, score_arrow2, score_arrow3, score_arrow4, score_arrow5, score_arrow6) values ('4222', '704', '4', '8', '8', '4', '4', '4', '2');
insert into EndScores (end_id, range_score_id, end_number, score_arrow1, score_arrow2, score_arrow3, score_arrow4, score_arrow5, score_arrow6) values ('4223', '704', '5', '7', '6', '4', '3', '2', '0');
insert into EndScores (end_id, range_score_id, end_number, score_arrow1, score_arrow2, score_arrow3, score_arrow4, score_arrow5, score_arrow6) values ('4224', '704', '6', '9', '9', '8', '5', '4', '3');
insert into CompetitionEnrolments (archer_id, competition_id) values ('179', '21');
insert into RoundScores (round_score_id, archer_id, competition_id, round_score_date_time, equipment_id, round_def_id, total_score, category_id) values ('177', '179', '21', '2023-04-23 12:16:50.316', 'R', '4', '631', '21');
insert into RangeScores (range_score_id, round_score_id, round_range_id) values ('705', '177', '13');
insert into EndScores (end_id, range_score_id, end_number, score_arrow1, score_arrow2, score_arrow3, score_arrow4, score_arrow5, score_arrow6) values ('4225', '705', '1', '9', '9', '7', '4', '2', '1');
insert into EndScores (end_id, range_score_id, end_number, score_arrow1, score_arrow2, score_arrow3, score_arrow4, score_arrow5, score_arrow6) values ('4226', '705', '2', '9', '8', '6', '6', '4', '0');
insert into EndScores (end_id, range_score_id, end_number, score_arrow1, score_arrow2, score_arrow3, score_arrow4, score_arrow5, score_arrow6) values ('4227', '705', '3', '7', '6', '3', '3', '0', '0');
insert into EndScores (end_id, range_score_id, end_number, score_arrow1, score_arrow2, score_arrow3, score_arrow4, score_arrow5, score_arrow6) values ('4228', '705', '4', '7', '6', '5', '5', '3', '0');
insert into EndScores (end_id, range_score_id, end_number, score_arrow1, score_arrow2, score_arrow3, score_arrow4, score_arrow5, score_arrow6) values ('4229', '705', '5', '8', '5', '4', '3', '1', '0');
insert into EndScores (end_id, range_score_id, end_number, score_arrow1, score_arrow2, score_arrow3, score_arrow4, score_arrow5, score_arrow6) values ('4230', '705', '6', '6', '6', '4', '3', '1', '0');
insert into RangeScores (range_score_id, round_score_id, round_range_id) values ('706', '177', '14');
insert into EndScores (end_id, range_score_id, end_number, score_arrow1, score_arrow2, score_arrow3, score_arrow4, score_arrow5, score_arrow6) values ('4231', '706', '1', '7', '6', '3', '3', '1', '1');
insert into EndScores (end_id, range_score_id, end_number, score_arrow1, score_arrow2, score_arrow3, score_arrow4, score_arrow5, score_arrow6) values ('4232', '706', '2', '9', '9', '4', '1', '0', '0');
insert into EndScores (end_id, range_score_id, end_number, score_arrow1, score_arrow2, score_arrow3, score_arrow4, score_arrow5, score_arrow6) values ('4233', '706', '3', '6', '6', '5', '2', '0', '0');
insert into EndScores (end_id, range_score_id, end_number, score_arrow1, score_arrow2, score_arrow3, score_arrow4, score_arrow5, score_arrow6) values ('4234', '706', '4', '8', '7', '6', '6', '3', '1');
insert into EndScores (end_id, range_score_id, end_number, score_arrow1, score_arrow2, score_arrow3, score_arrow4, score_arrow5, score_arrow6) values ('4235', '706', '5', '9', '7', '4', '1', '0', '0');
insert into EndScores (end_id, range_score_id, end_number, score_arrow1, score_arrow2, score_arrow3, score_arrow4, score_arrow5, score_arrow6) values ('4236', '706', '6', '9', '6', '5', '4', '3', '1');
insert into RangeScores (range_score_id, round_score_id, round_range_id) values ('707', '177', '15');
insert into EndScores (end_id, range_score_id, end_number, score_arrow1, score_arrow2, score_arrow3, score_arrow4, score_arrow5, score_arrow6) values ('4237', '707', '1', '8', '7', '6', '4', '3', '2');
insert into EndScores (end_id, range_score_id, end_number, score_arrow1, score_arrow2, score_arrow3, score_arrow4, score_arrow5, score_arrow6) values ('4238', '707', '2', '9', '8', '7', '5', '2', '2');
insert into EndScores (end_id, range_score_id, end_number, score_arrow1, score_arrow2, score_arrow3, score_arrow4, score_arrow5, score_arrow6) values ('4239', '707', '3', '8', '7', '6', '4', '0', '0');
insert into EndScores (end_id, range_score_id, end_number, score_arrow1, score_arrow2, score_arrow3, score_arrow4, score_arrow5, score_arrow6) values ('4240', '707', '4', '9', '9', '6', '6', '5', '1');
insert into EndScores (end_id, range_score_id, end_number, score_arrow1, score_arrow2, score_arrow3, score_arrow4, score_arrow5, score_arrow6) values ('4241', '707', '5', '9', '7', '6', '3', '2', '1');
insert into EndScores (end_id, range_score_id, end_number, score_arrow1, score_arrow2, score_arrow3, score_arrow4, score_arrow5, score_arrow6) values ('4242', '707', '6', '8', '7', '5', '1', '1', '0');
insert into RangeScores (range_score_id, round_score_id, round_range_id) values ('708', '177', '16');
insert into EndScores (end_id, range_score_id, end_number, score_arrow1, score_arrow2, score_arrow3, score_arrow4, score_arrow5, score_arrow6) values ('4243', '708', '1', '9', '9', '8', '3', '1', '1');
insert into EndScores (end_id, range_score_id, end_number, score_arrow1, score_arrow2, score_arrow3, score_arrow4, score_arrow5, score_arrow6) values ('4244', '708', '2', '8', '8', '5', '2', '2', '0');
insert into EndScores (end_id, range_score_id, end_number, score_arrow1, score_arrow2, score_arrow3, score_arrow4, score_arrow5, score_arrow6) values ('4245', '708', '3', '9', '8', '7', '6', '3', '3');
insert into EndScores (end_id, range_score_id, end_number, score_arrow1, score_arrow2, score_arrow3, score_arrow4, score_arrow5, score_arrow6) values ('4246', '708', '4', '7', '4', '4', '3', '2', '0');
insert into EndScores (end_id, range_score_id, end_number, score_arrow1, score_arrow2, score_arrow3, score_arrow4, score_arrow5, score_arrow6) values ('4247', '708', '5', '8', '5', '3', '3', '3', '2');
insert into EndScores (end_id, range_score_id, end_number, score_arrow1, score_arrow2, score_arrow3, score_arrow4, score_arrow5, score_arrow6) values ('4248', '708', '6', '7', '6', '6', '5', '3', '0');
insert into CompetitionEnrolments (archer_id, competition_id) values ('180', '1');
insert into RoundScores (round_score_id, archer_id, competition_id, round_score_date_time, equipment_id, round_def_id, total_score, category_id) values ('178', '180', '1', '2023-04-23 15:5:59.866', 'R', '1', '627', '1');
insert into RangeScores (range_score_id, round_score_id, round_range_id) values ('709', '178', '1');
insert into EndScores (end_id, range_score_id, end_number, score_arrow1, score_arrow2, score_arrow3, score_arrow4, score_arrow5, score_arrow6) values ('4249', '709', '1', '9', '5', '2', '2', '1', '0');
insert into EndScores (end_id, range_score_id, end_number, score_arrow1, score_arrow2, score_arrow3, score_arrow4, score_arrow5, score_arrow6) values ('4250', '709', '2', '9', '8', '5', '4', '2', '0');
insert into EndScores (end_id, range_score_id, end_number, score_arrow1, score_arrow2, score_arrow3, score_arrow4, score_arrow5, score_arrow6) values ('4251', '709', '3', '8', '5', '4', '1', '1', '0');
insert into EndScores (end_id, range_score_id, end_number, score_arrow1, score_arrow2, score_arrow3, score_arrow4, score_arrow5, score_arrow6) values ('4252', '709', '4', '9', '8', '6', '5', '3', '0');
insert into EndScores (end_id, range_score_id, end_number, score_arrow1, score_arrow2, score_arrow3, score_arrow4, score_arrow5, score_arrow6) values ('4253', '709', '5', '9', '8', '8', '3', '1', '0');
insert into EndScores (end_id, range_score_id, end_number, score_arrow1, score_arrow2, score_arrow3, score_arrow4, score_arrow5, score_arrow6) values ('4254', '709', '6', '9', '7', '7', '7', '6', '5');
insert into RangeScores (range_score_id, round_score_id, round_range_id) values ('710', '178', '2');
insert into EndScores (end_id, range_score_id, end_number, score_arrow1, score_arrow2, score_arrow3, score_arrow4, score_arrow5, score_arrow6) values ('4255', '710', '1', '7', '4', '4', '4', '3', '2');
insert into EndScores (end_id, range_score_id, end_number, score_arrow1, score_arrow2, score_arrow3, score_arrow4, score_arrow5, score_arrow6) values ('4256', '710', '2', '7', '7', '6', '2', '0', '0');
insert into EndScores (end_id, range_score_id, end_number, score_arrow1, score_arrow2, score_arrow3, score_arrow4, score_arrow5, score_arrow6) values ('4257', '710', '3', '7', '5', '5', '4', '1', '1');
insert into EndScores (end_id, range_score_id, end_number, score_arrow1, score_arrow2, score_arrow3, score_arrow4, score_arrow5, score_arrow6) values ('4258', '710', '4', '3', '2', '2', '2', '1', '1');
insert into EndScores (end_id, range_score_id, end_number, score_arrow1, score_arrow2, score_arrow3, score_arrow4, score_arrow5, score_arrow6) values ('4259', '710', '5', '8', '8', '6', '5', '5', '1');
insert into EndScores (end_id, range_score_id, end_number, score_arrow1, score_arrow2, score_arrow3, score_arrow4, score_arrow5, score_arrow6) values ('4260', '710', '6', '6', '5', '4', '3', '0', '0');
insert into RangeScores (range_score_id, round_score_id, round_range_id) values ('711', '178', '3');
insert into EndScores (end_id, range_score_id, end_number, score_arrow1, score_arrow2, score_arrow3, score_arrow4, score_arrow5, score_arrow6) values ('4261', '711', '1', '8', '6', '4', '4', '2', '1');
insert into EndScores (end_id, range_score_id, end_number, score_arrow1, score_arrow2, score_arrow3, score_arrow4, score_arrow5, score_arrow6) values ('4262', '711', '2', '7', '6', '5', '4', '4', '0');
insert into EndScores (end_id, range_score_id, end_number, score_arrow1, score_arrow2, score_arrow3, score_arrow4, score_arrow5, score_arrow6) values ('4263', '711', '3', '8', '7', '7', '6', '3', '1');
insert into EndScores (end_id, range_score_id, end_number, score_arrow1, score_arrow2, score_arrow3, score_arrow4, score_arrow5, score_arrow6) values ('4264', '711', '4', '6', '5', '4', '3', '3', '2');
insert into EndScores (end_id, range_score_id, end_number, score_arrow1, score_arrow2, score_arrow3, score_arrow4, score_arrow5, score_arrow6) values ('4265', '711', '5', '6', '3', '2', '2', '1', '0');
insert into EndScores (end_id, range_score_id, end_number, score_arrow1, score_arrow2, score_arrow3, score_arrow4, score_arrow5, score_arrow6) values ('4266', '711', '6', '9', '7', '7', '2', '1', '0');
insert into RangeScores (range_score_id, round_score_id, round_range_id) values ('712', '178', '4');
insert into EndScores (end_id, range_score_id, end_number, score_arrow1, score_arrow2, score_arrow3, score_arrow4, score_arrow5, score_arrow6) values ('4267', '712', '1', '8', '8', '6', '3', '3', '2');
insert into EndScores (end_id, range_score_id, end_number, score_arrow1, score_arrow2, score_arrow3, score_arrow4, score_arrow5, score_arrow6) values ('4268', '712', '2', '9', '6', '6', '6', '2', '1');
insert into EndScores (end_id, range_score_id, end_number, score_arrow1, score_arrow2, score_arrow3, score_arrow4, score_arrow5, score_arrow6) values ('4269', '712', '3', '9', '7', '5', '3', '2', '2');
insert into EndScores (end_id, range_score_id, end_number, score_arrow1, score_arrow2, score_arrow3, score_arrow4, score_arrow5, score_arrow6) values ('4270', '712', '4', '8', '7', '5', '3', '3', '2');
insert into EndScores (end_id, range_score_id, end_number, score_arrow1, score_arrow2, score_arrow3, score_arrow4, score_arrow5, score_arrow6) values ('4271', '712', '5', '9', '8', '7', '6', '3', '3');
insert into EndScores (end_id, range_score_id, end_number, score_arrow1, score_arrow2, score_arrow3, score_arrow4, score_arrow5, score_arrow6) values ('4272', '712', '6', '9', '6', '6', '5', '5', '0');
insert into CompetitionEnrolments (archer_id, competition_id) values ('181', '12');
insert into RoundScores (round_score_id, archer_id, competition_id, round_score_date_time, equipment_id, round_def_id, total_score, category_id) values ('179', '181', '12', '2023-04-23 16:41:52.118', 'L', '4', '681', '12');
insert into RangeScores (range_score_id, round_score_id, round_range_id) values ('713', '179', '13');
insert into EndScores (end_id, range_score_id, end_number, score_arrow1, score_arrow2, score_arrow3, score_arrow4, score_arrow5, score_arrow6) values ('4273', '713', '1', '7', '7', '3', '2', '2', '1');
insert into EndScores (end_id, range_score_id, end_number, score_arrow1, score_arrow2, score_arrow3, score_arrow4, score_arrow5, score_arrow6) values ('4274', '713', '2', '8', '7', '5', '5', '0', '0');
insert into EndScores (end_id, range_score_id, end_number, score_arrow1, score_arrow2, score_arrow3, score_arrow4, score_arrow5, score_arrow6) values ('4275', '713', '3', '9', '6', '5', '3', '1', '0');
insert into EndScores (end_id, range_score_id, end_number, score_arrow1, score_arrow2, score_arrow3, score_arrow4, score_arrow5, score_arrow6) values ('4276', '713', '4', '9', '7', '4', '2', '2', '0');
insert into EndScores (end_id, range_score_id, end_number, score_arrow1, score_arrow2, score_arrow3, score_arrow4, score_arrow5, score_arrow6) values ('4277', '713', '5', '9', '8', '7', '7', '3', '2');
insert into EndScores (end_id, range_score_id, end_number, score_arrow1, score_arrow2, score_arrow3, score_arrow4, score_arrow5, score_arrow6) values ('4278', '713', '6', '9', '8', '8', '8', '6', '3');
insert into RangeScores (range_score_id, round_score_id, round_range_id) values ('714', '179', '14');
insert into EndScores (end_id, range_score_id, end_number, score_arrow1, score_arrow2, score_arrow3, score_arrow4, score_arrow5, score_arrow6) values ('4279', '714', '1', '6', '6', '4', '4', '3', '1');
insert into EndScores (end_id, range_score_id, end_number, score_arrow1, score_arrow2, score_arrow3, score_arrow4, score_arrow5, score_arrow6) values ('4280', '714', '2', '7', '5', '4', '3', '2', '2');
insert into EndScores (end_id, range_score_id, end_number, score_arrow1, score_arrow2, score_arrow3, score_arrow4, score_arrow5, score_arrow6) values ('4281', '714', '3', '8', '6', '6', '3', '3', '0');
insert into EndScores (end_id, range_score_id, end_number, score_arrow1, score_arrow2, score_arrow3, score_arrow4, score_arrow5, score_arrow6) values ('4282', '714', '4', '4', '4', '1', '1', '1', '0');
insert into EndScores (end_id, range_score_id, end_number, score_arrow1, score_arrow2, score_arrow3, score_arrow4, score_arrow5, score_arrow6) values ('4283', '714', '5', '8', '7', '7', '1', '1', '0');
insert into EndScores (end_id, range_score_id, end_number, score_arrow1, score_arrow2, score_arrow3, score_arrow4, score_arrow5, score_arrow6) values ('4284', '714', '6', '9', '8', '7', '7', '1', '0');
insert into RangeScores (range_score_id, round_score_id, round_range_id) values ('715', '179', '15');
insert into EndScores (end_id, range_score_id, end_number, score_arrow1, score_arrow2, score_arrow3, score_arrow4, score_arrow5, score_arrow6) values ('4285', '715', '1', '9', '8', '5', '4', '4', '0');
insert into EndScores (end_id, range_score_id, end_number, score_arrow1, score_arrow2, score_arrow3, score_arrow4, score_arrow5, score_arrow6) values ('4286', '715', '2', '9', '9', '9', '8', '6', '2');
insert into EndScores (end_id, range_score_id, end_number, score_arrow1, score_arrow2, score_arrow3, score_arrow4, score_arrow5, score_arrow6) values ('4287', '715', '3', '9', '9', '8', '6', '3', '1');
insert into EndScores (end_id, range_score_id, end_number, score_arrow1, score_arrow2, score_arrow3, score_arrow4, score_arrow5, score_arrow6) values ('4288', '715', '4', '8', '6', '5', '5', '4', '4');
insert into EndScores (end_id, range_score_id, end_number, score_arrow1, score_arrow2, score_arrow3, score_arrow4, score_arrow5, score_arrow6) values ('4289', '715', '5', '6', '6', '5', '5', '1', '0');
insert into EndScores (end_id, range_score_id, end_number, score_arrow1, score_arrow2, score_arrow3, score_arrow4, score_arrow5, score_arrow6) values ('4290', '715', '6', '9', '8', '7', '3', '3', '0');
insert into RangeScores (range_score_id, round_score_id, round_range_id) values ('716', '179', '16');
insert into EndScores (end_id, range_score_id, end_number, score_arrow1, score_arrow2, score_arrow3, score_arrow4, score_arrow5, score_arrow6) values ('4291', '716', '1', '8', '5', '4', '4', '3', '1');
insert into EndScores (end_id, range_score_id, end_number, score_arrow1, score_arrow2, score_arrow3, score_arrow4, score_arrow5, score_arrow6) values ('4292', '716', '2', '9', '9', '9', '7', '4', '1');
insert into EndScores (end_id, range_score_id, end_number, score_arrow1, score_arrow2, score_arrow3, score_arrow4, score_arrow5, score_arrow6) values ('4293', '716', '3', '9', '9', '8', '6', '2', '0');
insert into EndScores (end_id, range_score_id, end_number, score_arrow1, score_arrow2, score_arrow3, score_arrow4, score_arrow5, score_arrow6) values ('4294', '716', '4', '6', '5', '5', '4', '3', '2');
insert into EndScores (end_id, range_score_id, end_number, score_arrow1, score_arrow2, score_arrow3, score_arrow4, score_arrow5, score_arrow6) values ('4295', '716', '5', '7', '7', '5', '5', '2', '0');
insert into EndScores (end_id, range_score_id, end_number, score_arrow1, score_arrow2, score_arrow3, score_arrow4, score_arrow5, score_arrow6) values ('4296', '716', '6', '7', '6', '5', '4', '2', '1');
insert into CompetitionEnrolments (archer_id, competition_id) values ('182', '12');
insert into RoundScores (round_score_id, archer_id, competition_id, round_score_date_time, equipment_id, round_def_id, total_score, category_id) values ('180', '182', '12', '2023-04-23 12:5:34.386', 'L', '4', '739', '12');
insert into RangeScores (range_score_id, round_score_id, round_range_id) values ('717', '180', '13');
insert into EndScores (end_id, range_score_id, end_number, score_arrow1, score_arrow2, score_arrow3, score_arrow4, score_arrow5, score_arrow6) values ('4297', '717', '1', '9', '9', '9', '8', '4', '1');
insert into EndScores (end_id, range_score_id, end_number, score_arrow1, score_arrow2, score_arrow3, score_arrow4, score_arrow5, score_arrow6) values ('4298', '717', '2', '9', '8', '2', '2', '1', '0');
insert into EndScores (end_id, range_score_id, end_number, score_arrow1, score_arrow2, score_arrow3, score_arrow4, score_arrow5, score_arrow6) values ('4299', '717', '3', '9', '7', '5', '5', '2', '0');
insert into EndScores (end_id, range_score_id, end_number, score_arrow1, score_arrow2, score_arrow3, score_arrow4, score_arrow5, score_arrow6) values ('4300', '717', '4', '9', '9', '8', '4', '1', '1');
insert into EndScores (end_id, range_score_id, end_number, score_arrow1, score_arrow2, score_arrow3, score_arrow4, score_arrow5, score_arrow6) values ('4301', '717', '5', '6', '5', '3', '2', '0', '0');
insert into EndScores (end_id, range_score_id, end_number, score_arrow1, score_arrow2, score_arrow3, score_arrow4, score_arrow5, score_arrow6) values ('4302', '717', '6', '9', '8', '7', '6', '1', '1');
insert into RangeScores (range_score_id, round_score_id, round_range_id) values ('718', '180', '14');
insert into EndScores (end_id, range_score_id, end_number, score_arrow1, score_arrow2, score_arrow3, score_arrow4, score_arrow5, score_arrow6) values ('4303', '718', '1', '9', '9', '9', '6', '3', '2');
insert into EndScores (end_id, range_score_id, end_number, score_arrow1, score_arrow2, score_arrow3, score_arrow4, score_arrow5, score_arrow6) values ('4304', '718', '2', '9', '9', '8', '8', '7', '5');
insert into EndScores (end_id, range_score_id, end_number, score_arrow1, score_arrow2, score_arrow3, score_arrow4, score_arrow5, score_arrow6) values ('4305', '718', '3', '9', '7', '6', '5', '4', '3');
insert into EndScores (end_id, range_score_id, end_number, score_arrow1, score_arrow2, score_arrow3, score_arrow4, score_arrow5, score_arrow6) values ('4306', '718', '4', '8', '7', '5', '3', '1', '1');
insert into EndScores (end_id, range_score_id, end_number, score_arrow1, score_arrow2, score_arrow3, score_arrow4, score_arrow5, score_arrow6) values ('4307', '718', '5', '9', '7', '7', '6', '1', '1');
insert into EndScores (end_id, range_score_id, end_number, score_arrow1, score_arrow2, score_arrow3, score_arrow4, score_arrow5, score_arrow6) values ('4308', '718', '6', '9', '7', '5', '5', '2', '2');
insert into RangeScores (range_score_id, round_score_id, round_range_id) values ('719', '180', '15');
insert into EndScores (end_id, range_score_id, end_number, score_arrow1, score_arrow2, score_arrow3, score_arrow4, score_arrow5, score_arrow6) values ('4309', '719', '1', '8', '6', '6', '6', '1', '0');
insert into EndScores (end_id, range_score_id, end_number, score_arrow1, score_arrow2, score_arrow3, score_arrow4, score_arrow5, score_arrow6) values ('4310', '719', '2', '9', '9', '8', '7', '3', '2');
insert into EndScores (end_id, range_score_id, end_number, score_arrow1, score_arrow2, score_arrow3, score_arrow4, score_arrow5, score_arrow6) values ('4311', '719', '3', '9', '7', '6', '5', '5', '3');
insert into EndScores (end_id, range_score_id, end_number, score_arrow1, score_arrow2, score_arrow3, score_arrow4, score_arrow5, score_arrow6) values ('4312', '719', '4', '9', '5', '3', '1', '1', '1');
insert into EndScores (end_id, range_score_id, end_number, score_arrow1, score_arrow2, score_arrow3, score_arrow4, score_arrow5, score_arrow6) values ('4313', '719', '5', '9', '8', '6', '4', '2', '0');
insert into EndScores (end_id, range_score_id, end_number, score_arrow1, score_arrow2, score_arrow3, score_arrow4, score_arrow5, score_arrow6) values ('4314', '719', '6', '7', '3', '2', '2', '1', '0');
insert into RangeScores (range_score_id, round_score_id, round_range_id) values ('720', '180', '16');
insert into EndScores (end_id, range_score_id, end_number, score_arrow1, score_arrow2, score_arrow3, score_arrow4, score_arrow5, score_arrow6) values ('4315', '720', '1', '9', '8', '8', '7', '5', '3');
insert into EndScores (end_id, range_score_id, end_number, score_arrow1, score_arrow2, score_arrow3, score_arrow4, score_arrow5, score_arrow6) values ('4316', '720', '2', '9', '8', '5', '5', '4', '3');
insert into EndScores (end_id, range_score_id, end_number, score_arrow1, score_arrow2, score_arrow3, score_arrow4, score_arrow5, score_arrow6) values ('4317', '720', '3', '8', '8', '6', '5', '2', '1');
insert into EndScores (end_id, range_score_id, end_number, score_arrow1, score_arrow2, score_arrow3, score_arrow4, score_arrow5, score_arrow6) values ('4318', '720', '4', '8', '8', '7', '6', '1', '1');
insert into EndScores (end_id, range_score_id, end_number, score_arrow1, score_arrow2, score_arrow3, score_arrow4, score_arrow5, score_arrow6) values ('4319', '720', '5', '9', '9', '9', '9', '4', '1');
insert into EndScores (end_id, range_score_id, end_number, score_arrow1, score_arrow2, score_arrow3, score_arrow4, score_arrow5, score_arrow6) values ('4320', '720', '6', '7', '5', '5', '4', '4', '0');
insert into CompetitionEnrolments (archer_id, competition_id) values ('183', '6');
insert into RoundScores (round_score_id, archer_id, competition_id, round_score_date_time, equipment_id, round_def_id, total_score, category_id) values ('181', '183', '6', '2023-04-23 10:33:23.586', 'C', '2', '711', '6');
insert into RangeScores (range_score_id, round_score_id, round_range_id) values ('721', '181', '5');
insert into EndScores (end_id, range_score_id, end_number, score_arrow1, score_arrow2, score_arrow3, score_arrow4, score_arrow5, score_arrow6) values ('4321', '721', '1', '9', '9', '8', '8', '5', '3');
insert into EndScores (end_id, range_score_id, end_number, score_arrow1, score_arrow2, score_arrow3, score_arrow4, score_arrow5, score_arrow6) values ('4322', '721', '2', '7', '7', '7', '2', '2', '1');
insert into EndScores (end_id, range_score_id, end_number, score_arrow1, score_arrow2, score_arrow3, score_arrow4, score_arrow5, score_arrow6) values ('4323', '721', '3', '7', '5', '5', '2', '2', '1');
insert into EndScores (end_id, range_score_id, end_number, score_arrow1, score_arrow2, score_arrow3, score_arrow4, score_arrow5, score_arrow6) values ('4324', '721', '4', '8', '7', '4', '3', '2', '0');
insert into EndScores (end_id, range_score_id, end_number, score_arrow1, score_arrow2, score_arrow3, score_arrow4, score_arrow5, score_arrow6) values ('4325', '721', '5', '9', '8', '7', '7', '6', '5');
insert into EndScores (end_id, range_score_id, end_number, score_arrow1, score_arrow2, score_arrow3, score_arrow4, score_arrow5, score_arrow6) values ('4326', '721', '6', '9', '8', '7', '6', '3', '1');
insert into RangeScores (range_score_id, round_score_id, round_range_id) values ('722', '181', '6');
insert into EndScores (end_id, range_score_id, end_number, score_arrow1, score_arrow2, score_arrow3, score_arrow4, score_arrow5, score_arrow6) values ('4327', '722', '1', '9', '8', '7', '6', '3', '0');
insert into EndScores (end_id, range_score_id, end_number, score_arrow1, score_arrow2, score_arrow3, score_arrow4, score_arrow5, score_arrow6) values ('4328', '722', '2', '7', '7', '5', '4', '3', '2');
insert into EndScores (end_id, range_score_id, end_number, score_arrow1, score_arrow2, score_arrow3, score_arrow4, score_arrow5, score_arrow6) values ('4329', '722', '3', '7', '4', '2', '0', '0', '0');
insert into EndScores (end_id, range_score_id, end_number, score_arrow1, score_arrow2, score_arrow3, score_arrow4, score_arrow5, score_arrow6) values ('4330', '722', '4', '9', '7', '5', '4', '1', '1');
insert into EndScores (end_id, range_score_id, end_number, score_arrow1, score_arrow2, score_arrow3, score_arrow4, score_arrow5, score_arrow6) values ('4331', '722', '5', '9', '8', '7', '6', '6', '3');
insert into EndScores (end_id, range_score_id, end_number, score_arrow1, score_arrow2, score_arrow3, score_arrow4, score_arrow5, score_arrow6) values ('4332', '722', '6', '8', '8', '7', '7', '5', '1');
insert into RangeScores (range_score_id, round_score_id, round_range_id) values ('723', '181', '7');
insert into EndScores (end_id, range_score_id, end_number, score_arrow1, score_arrow2, score_arrow3, score_arrow4, score_arrow5, score_arrow6) values ('4333', '723', '1', '9', '7', '7', '6', '4', '1');
insert into EndScores (end_id, range_score_id, end_number, score_arrow1, score_arrow2, score_arrow3, score_arrow4, score_arrow5, score_arrow6) values ('4334', '723', '2', '8', '6', '6', '5', '2', '1');
insert into EndScores (end_id, range_score_id, end_number, score_arrow1, score_arrow2, score_arrow3, score_arrow4, score_arrow5, score_arrow6) values ('4335', '723', '3', '9', '8', '6', '6', '1', '0');
insert into EndScores (end_id, range_score_id, end_number, score_arrow1, score_arrow2, score_arrow3, score_arrow4, score_arrow5, score_arrow6) values ('4336', '723', '4', '7', '7', '5', '4', '1', '0');
insert into EndScores (end_id, range_score_id, end_number, score_arrow1, score_arrow2, score_arrow3, score_arrow4, score_arrow5, score_arrow6) values ('4337', '723', '5', '8', '7', '6', '3', '3', '3');
insert into EndScores (end_id, range_score_id, end_number, score_arrow1, score_arrow2, score_arrow3, score_arrow4, score_arrow5, score_arrow6) values ('4338', '723', '6', '9', '7', '5', '1', '0', '0');
insert into RangeScores (range_score_id, round_score_id, round_range_id) values ('724', '181', '8');
insert into EndScores (end_id, range_score_id, end_number, score_arrow1, score_arrow2, score_arrow3, score_arrow4, score_arrow5, score_arrow6) values ('4339', '724', '1', '7', '7', '6', '5', '0', '0');
insert into EndScores (end_id, range_score_id, end_number, score_arrow1, score_arrow2, score_arrow3, score_arrow4, score_arrow5, score_arrow6) values ('4340', '724', '2', '9', '9', '7', '4', '3', '1');
insert into EndScores (end_id, range_score_id, end_number, score_arrow1, score_arrow2, score_arrow3, score_arrow4, score_arrow5, score_arrow6) values ('4341', '724', '3', '7', '7', '6', '6', '4', '0');
insert into EndScores (end_id, range_score_id, end_number, score_arrow1, score_arrow2, score_arrow3, score_arrow4, score_arrow5, score_arrow6) values ('4342', '724', '4', '9', '7', '7', '5', '3', '3');
insert into EndScores (end_id, range_score_id, end_number, score_arrow1, score_arrow2, score_arrow3, score_arrow4, score_arrow5, score_arrow6) values ('4343', '724', '5', '8', '7', '4', '3', '3', '3');
insert into EndScores (end_id, range_score_id, end_number, score_arrow1, score_arrow2, score_arrow3, score_arrow4, score_arrow5, score_arrow6) values ('4344', '724', '6', '7', '7', '4', '4', '3', '2');
insert into CompetitionEnrolments (archer_id, competition_id) values ('184', '32');
insert into RoundScores (round_score_id, archer_id, competition_id, round_score_date_time, equipment_id, round_def_id, total_score, category_id) values ('182', '184', '32', '2023-04-23 15:25:4.333', 'L', '4', '683', '32');
insert into RangeScores (range_score_id, round_score_id, round_range_id) values ('725', '182', '13');
insert into EndScores (end_id, range_score_id, end_number, score_arrow1, score_arrow2, score_arrow3, score_arrow4, score_arrow5, score_arrow6) values ('4345', '725', '1', '8', '8', '7', '7', '5', '2');
insert into EndScores (end_id, range_score_id, end_number, score_arrow1, score_arrow2, score_arrow3, score_arrow4, score_arrow5, score_arrow6) values ('4346', '725', '2', '9', '7', '6', '2', '0', '0');
insert into EndScores (end_id, range_score_id, end_number, score_arrow1, score_arrow2, score_arrow3, score_arrow4, score_arrow5, score_arrow6) values ('4347', '725', '3', '8', '4', '3', '3', '2', '2');
insert into EndScores (end_id, range_score_id, end_number, score_arrow1, score_arrow2, score_arrow3, score_arrow4, score_arrow5, score_arrow6) values ('4348', '725', '4', '9', '9', '8', '7', '2', '0');
insert into EndScores (end_id, range_score_id, end_number, score_arrow1, score_arrow2, score_arrow3, score_arrow4, score_arrow5, score_arrow6) values ('4349', '725', '5', '9', '9', '8', '7', '4', '2');
insert into EndScores (end_id, range_score_id, end_number, score_arrow1, score_arrow2, score_arrow3, score_arrow4, score_arrow5, score_arrow6) values ('4350', '725', '6', '7', '6', '6', '5', '2', '2');
insert into RangeScores (range_score_id, round_score_id, round_range_id) values ('726', '182', '14');
insert into EndScores (end_id, range_score_id, end_number, score_arrow1, score_arrow2, score_arrow3, score_arrow4, score_arrow5, score_arrow6) values ('4351', '726', '1', '9', '7', '6', '5', '3', '2');
insert into EndScores (end_id, range_score_id, end_number, score_arrow1, score_arrow2, score_arrow3, score_arrow4, score_arrow5, score_arrow6) values ('4352', '726', '2', '8', '5', '5', '2', '2', '1');
insert into EndScores (end_id, range_score_id, end_number, score_arrow1, score_arrow2, score_arrow3, score_arrow4, score_arrow5, score_arrow6) values ('4353', '726', '3', '8', '8', '7', '6', '4', '4');
insert into EndScores (end_id, range_score_id, end_number, score_arrow1, score_arrow2, score_arrow3, score_arrow4, score_arrow5, score_arrow6) values ('4354', '726', '4', '7', '4', '4', '3', '1', '1');
insert into EndScores (end_id, range_score_id, end_number, score_arrow1, score_arrow2, score_arrow3, score_arrow4, score_arrow5, score_arrow6) values ('4355', '726', '5', '6', '4', '3', '3', '2', '1');
insert into EndScores (end_id, range_score_id, end_number, score_arrow1, score_arrow2, score_arrow3, score_arrow4, score_arrow5, score_arrow6) values ('4356', '726', '6', '9', '5', '4', '2', '0', '0');
insert into RangeScores (range_score_id, round_score_id, round_range_id) values ('727', '182', '15');
insert into EndScores (end_id, range_score_id, end_number, score_arrow1, score_arrow2, score_arrow3, score_arrow4, score_arrow5, score_arrow6) values ('4357', '727', '1', '8', '7', '5', '5', '4', '0');
insert into EndScores (end_id, range_score_id, end_number, score_arrow1, score_arrow2, score_arrow3, score_arrow4, score_arrow5, score_arrow6) values ('4358', '727', '2', '9', '8', '6', '4', '3', '3');
insert into EndScores (end_id, range_score_id, end_number, score_arrow1, score_arrow2, score_arrow3, score_arrow4, score_arrow5, score_arrow6) values ('4359', '727', '3', '9', '8', '7', '6', '4', '0');
insert into EndScores (end_id, range_score_id, end_number, score_arrow1, score_arrow2, score_arrow3, score_arrow4, score_arrow5, score_arrow6) values ('4360', '727', '4', '8', '8', '7', '4', '2', '0');
insert into EndScores (end_id, range_score_id, end_number, score_arrow1, score_arrow2, score_arrow3, score_arrow4, score_arrow5, score_arrow6) values ('4361', '727', '5', '9', '7', '4', '3', '2', '1');
insert into EndScores (end_id, range_score_id, end_number, score_arrow1, score_arrow2, score_arrow3, score_arrow4, score_arrow5, score_arrow6) values ('4362', '727', '6', '9', '6', '4', '4', '4', '2');
insert into RangeScores (range_score_id, round_score_id, round_range_id) values ('728', '182', '16');
insert into EndScores (end_id, range_score_id, end_number, score_arrow1, score_arrow2, score_arrow3, score_arrow4, score_arrow5, score_arrow6) values ('4363', '728', '1', '9', '8', '8', '7', '6', '4');
insert into EndScores (end_id, range_score_id, end_number, score_arrow1, score_arrow2, score_arrow3, score_arrow4, score_arrow5, score_arrow6) values ('4364', '728', '2', '6', '5', '4', '3', '3', '2');
insert into EndScores (end_id, range_score_id, end_number, score_arrow1, score_arrow2, score_arrow3, score_arrow4, score_arrow5, score_arrow6) values ('4365', '728', '3', '6', '6', '5', '2', '2', '1');
insert into EndScores (end_id, range_score_id, end_number, score_arrow1, score_arrow2, score_arrow3, score_arrow4, score_arrow5, score_arrow6) values ('4366', '728', '4', '9', '6', '5', '5', '4', '1');
insert into EndScores (end_id, range_score_id, end_number, score_arrow1, score_arrow2, score_arrow3, score_arrow4, score_arrow5, score_arrow6) values ('4367', '728', '5', '9', '6', '5', '2', '0', '0');
insert into EndScores (end_id, range_score_id, end_number, score_arrow1, score_arrow2, score_arrow3, score_arrow4, score_arrow5, score_arrow6) values ('4368', '728', '6', '9', '8', '5', '2', '2', '2');
insert into CompetitionEnrolments (archer_id, competition_id) values ('185', '30');
insert into RoundScores (round_score_id, archer_id, competition_id, round_score_date_time, equipment_id, round_def_id, total_score, category_id) values ('183', '185', '30', '2023-04-23 12:22:7.687', 'C', '4', '651', '30');
insert into RangeScores (range_score_id, round_score_id, round_range_id) values ('729', '183', '13');
insert into EndScores (end_id, range_score_id, end_number, score_arrow1, score_arrow2, score_arrow3, score_arrow4, score_arrow5, score_arrow6) values ('4369', '729', '1', '9', '9', '8', '8', '2', '0');
insert into EndScores (end_id, range_score_id, end_number, score_arrow1, score_arrow2, score_arrow3, score_arrow4, score_arrow5, score_arrow6) values ('4370', '729', '2', '6', '4', '4', '3', '3', '2');
insert into EndScores (end_id, range_score_id, end_number, score_arrow1, score_arrow2, score_arrow3, score_arrow4, score_arrow5, score_arrow6) values ('4371', '729', '3', '9', '8', '8', '5', '3', '0');
insert into EndScores (end_id, range_score_id, end_number, score_arrow1, score_arrow2, score_arrow3, score_arrow4, score_arrow5, score_arrow6) values ('4372', '729', '4', '7', '4', '3', '3', '3', '2');
insert into EndScores (end_id, range_score_id, end_number, score_arrow1, score_arrow2, score_arrow3, score_arrow4, score_arrow5, score_arrow6) values ('4373', '729', '5', '7', '7', '4', '3', '2', '0');
insert into EndScores (end_id, range_score_id, end_number, score_arrow1, score_arrow2, score_arrow3, score_arrow4, score_arrow5, score_arrow6) values ('4374', '729', '6', '8', '8', '7', '7', '4', '0');
insert into RangeScores (range_score_id, round_score_id, round_range_id) values ('730', '183', '14');
insert into EndScores (end_id, range_score_id, end_number, score_arrow1, score_arrow2, score_arrow3, score_arrow4, score_arrow5, score_arrow6) values ('4375', '730', '1', '9', '8', '7', '4', '2', '1');
insert into EndScores (end_id, range_score_id, end_number, score_arrow1, score_arrow2, score_arrow3, score_arrow4, score_arrow5, score_arrow6) values ('4376', '730', '2', '9', '5', '5', '3', '3', '0');
insert into EndScores (end_id, range_score_id, end_number, score_arrow1, score_arrow2, score_arrow3, score_arrow4, score_arrow5, score_arrow6) values ('4377', '730', '3', '7', '7', '4', '4', '2', '0');
insert into EndScores (end_id, range_score_id, end_number, score_arrow1, score_arrow2, score_arrow3, score_arrow4, score_arrow5, score_arrow6) values ('4378', '730', '4', '5', '4', '4', '4', '4', '3');
insert into EndScores (end_id, range_score_id, end_number, score_arrow1, score_arrow2, score_arrow3, score_arrow4, score_arrow5, score_arrow6) values ('4379', '730', '5', '9', '9', '8', '4', '4', '3');
insert into EndScores (end_id, range_score_id, end_number, score_arrow1, score_arrow2, score_arrow3, score_arrow4, score_arrow5, score_arrow6) values ('4380', '730', '6', '8', '6', '3', '3', '2', '2');
insert into RangeScores (range_score_id, round_score_id, round_range_id) values ('731', '183', '15');
insert into EndScores (end_id, range_score_id, end_number, score_arrow1, score_arrow2, score_arrow3, score_arrow4, score_arrow5, score_arrow6) values ('4381', '731', '1', '7', '5', '3', '3', '3', '0');
insert into EndScores (end_id, range_score_id, end_number, score_arrow1, score_arrow2, score_arrow3, score_arrow4, score_arrow5, score_arrow6) values ('4382', '731', '2', '9', '3', '3', '3', '3', '1');
insert into EndScores (end_id, range_score_id, end_number, score_arrow1, score_arrow2, score_arrow3, score_arrow4, score_arrow5, score_arrow6) values ('4383', '731', '3', '9', '9', '6', '6', '3', '2');
insert into EndScores (end_id, range_score_id, end_number, score_arrow1, score_arrow2, score_arrow3, score_arrow4, score_arrow5, score_arrow6) values ('4384', '731', '4', '8', '5', '4', '3', '0', '0');
insert into EndScores (end_id, range_score_id, end_number, score_arrow1, score_arrow2, score_arrow3, score_arrow4, score_arrow5, score_arrow6) values ('4385', '731', '5', '6', '6', '6', '5', '1', '0');
insert into EndScores (end_id, range_score_id, end_number, score_arrow1, score_arrow2, score_arrow3, score_arrow4, score_arrow5, score_arrow6) values ('4386', '731', '6', '9', '7', '7', '6', '2', '0');
insert into RangeScores (range_score_id, round_score_id, round_range_id) values ('732', '183', '16');
insert into EndScores (end_id, range_score_id, end_number, score_arrow1, score_arrow2, score_arrow3, score_arrow4, score_arrow5, score_arrow6) values ('4387', '732', '1', '7', '7', '7', '3', '2', '0');
insert into EndScores (end_id, range_score_id, end_number, score_arrow1, score_arrow2, score_arrow3, score_arrow4, score_arrow5, score_arrow6) values ('4388', '732', '2', '8', '6', '5', '4', '3', '1');
insert into EndScores (end_id, range_score_id, end_number, score_arrow1, score_arrow2, score_arrow3, score_arrow4, score_arrow5, score_arrow6) values ('4389', '732', '3', '9', '8', '5', '4', '3', '3');
insert into EndScores (end_id, range_score_id, end_number, score_arrow1, score_arrow2, score_arrow3, score_arrow4, score_arrow5, score_arrow6) values ('4390', '732', '4', '9', '7', '6', '3', '3', '1');
insert into EndScores (end_id, range_score_id, end_number, score_arrow1, score_arrow2, score_arrow3, score_arrow4, score_arrow5, score_arrow6) values ('4391', '732', '5', '8', '6', '3', '3', '0', '0');
insert into EndScores (end_id, range_score_id, end_number, score_arrow1, score_arrow2, score_arrow3, score_arrow4, score_arrow5, score_arrow6) values ('4392', '732', '6', '8', '7', '7', '6', '1', '0');
insert into CompetitionEnrolments (archer_id, competition_id) values ('186', '50');
insert into RoundScores (round_score_id, archer_id, competition_id, round_score_date_time, equipment_id, round_def_id, total_score, category_id) values ('184', '186', '50', '2023-04-23 9:5:12.597', 'C', '4', '665', '50');
insert into RangeScores (range_score_id, round_score_id, round_range_id) values ('733', '184', '13');
insert into EndScores (end_id, range_score_id, end_number, score_arrow1, score_arrow2, score_arrow3, score_arrow4, score_arrow5, score_arrow6) values ('4393', '733', '1', '7', '7', '6', '3', '2', '0');
insert into EndScores (end_id, range_score_id, end_number, score_arrow1, score_arrow2, score_arrow3, score_arrow4, score_arrow5, score_arrow6) values ('4394', '733', '2', '6', '4', '4', '3', '1', '0');
insert into EndScores (end_id, range_score_id, end_number, score_arrow1, score_arrow2, score_arrow3, score_arrow4, score_arrow5, score_arrow6) values ('4395', '733', '3', '6', '5', '4', '4', '2', '1');
insert into EndScores (end_id, range_score_id, end_number, score_arrow1, score_arrow2, score_arrow3, score_arrow4, score_arrow5, score_arrow6) values ('4396', '733', '4', '9', '9', '9', '8', '6', '6');
insert into EndScores (end_id, range_score_id, end_number, score_arrow1, score_arrow2, score_arrow3, score_arrow4, score_arrow5, score_arrow6) values ('4397', '733', '5', '9', '6', '4', '4', '2', '0');
insert into EndScores (end_id, range_score_id, end_number, score_arrow1, score_arrow2, score_arrow3, score_arrow4, score_arrow5, score_arrow6) values ('4398', '733', '6', '8', '6', '5', '5', '4', '2');
insert into RangeScores (range_score_id, round_score_id, round_range_id) values ('734', '184', '14');
insert into EndScores (end_id, range_score_id, end_number, score_arrow1, score_arrow2, score_arrow3, score_arrow4, score_arrow5, score_arrow6) values ('4399', '734', '1', '9', '8', '6', '3', '3', '1');
insert into EndScores (end_id, range_score_id, end_number, score_arrow1, score_arrow2, score_arrow3, score_arrow4, score_arrow5, score_arrow6) values ('4400', '734', '2', '9', '8', '6', '5', '4', '2');
insert into EndScores (end_id, range_score_id, end_number, score_arrow1, score_arrow2, score_arrow3, score_arrow4, score_arrow5, score_arrow6) values ('4401', '734', '3', '6', '6', '4', '4', '2', '0');
insert into EndScores (end_id, range_score_id, end_number, score_arrow1, score_arrow2, score_arrow3, score_arrow4, score_arrow5, score_arrow6) values ('4402', '734', '4', '9', '8', '7', '6', '2', '1');
insert into EndScores (end_id, range_score_id, end_number, score_arrow1, score_arrow2, score_arrow3, score_arrow4, score_arrow5, score_arrow6) values ('4403', '734', '5', '8', '7', '7', '2', '0', '0');
insert into EndScores (end_id, range_score_id, end_number, score_arrow1, score_arrow2, score_arrow3, score_arrow4, score_arrow5, score_arrow6) values ('4404', '734', '6', '9', '7', '4', '2', '0', '0');
insert into RangeScores (range_score_id, round_score_id, round_range_id) values ('735', '184', '15');
insert into EndScores (end_id, range_score_id, end_number, score_arrow1, score_arrow2, score_arrow3, score_arrow4, score_arrow5, score_arrow6) values ('4405', '735', '1', '7', '4', '3', '2', '0', '0');
insert into EndScores (end_id, range_score_id, end_number, score_arrow1, score_arrow2, score_arrow3, score_arrow4, score_arrow5, score_arrow6) values ('4406', '735', '2', '7', '7', '6', '5', '2', '0');
insert into EndScores (end_id, range_score_id, end_number, score_arrow1, score_arrow2, score_arrow3, score_arrow4, score_arrow5, score_arrow6) values ('4407', '735', '3', '8', '8', '7', '3', '2', '0');
insert into EndScores (end_id, range_score_id, end_number, score_arrow1, score_arrow2, score_arrow3, score_arrow4, score_arrow5, score_arrow6) values ('4408', '735', '4', '8', '6', '4', '3', '3', '2');
insert into EndScores (end_id, range_score_id, end_number, score_arrow1, score_arrow2, score_arrow3, score_arrow4, score_arrow5, score_arrow6) values ('4409', '735', '5', '9', '6', '4', '3', '2', '0');
insert into EndScores (end_id, range_score_id, end_number, score_arrow1, score_arrow2, score_arrow3, score_arrow4, score_arrow5, score_arrow6) values ('4410', '735', '6', '6', '6', '5', '4', '2', '1');
insert into RangeScores (range_score_id, round_score_id, round_range_id) values ('736', '184', '16');
insert into EndScores (end_id, range_score_id, end_number, score_arrow1, score_arrow2, score_arrow3, score_arrow4, score_arrow5, score_arrow6) values ('4411', '736', '1', '9', '8', '6', '5', '2', '0');
insert into EndScores (end_id, range_score_id, end_number, score_arrow1, score_arrow2, score_arrow3, score_arrow4, score_arrow5, score_arrow6) values ('4412', '736', '2', '8', '7', '6', '5', '3', '2');
insert into EndScores (end_id, range_score_id, end_number, score_arrow1, score_arrow2, score_arrow3, score_arrow4, score_arrow5, score_arrow6) values ('4413', '736', '3', '9', '7', '5', '4', '4', '4');
insert into EndScores (end_id, range_score_id, end_number, score_arrow1, score_arrow2, score_arrow3, score_arrow4, score_arrow5, score_arrow6) values ('4414', '736', '4', '8', '8', '7', '5', '4', '3');
insert into EndScores (end_id, range_score_id, end_number, score_arrow1, score_arrow2, score_arrow3, score_arrow4, score_arrow5, score_arrow6) values ('4415', '736', '5', '9', '6', '6', '5', '1', '1');
insert into EndScores (end_id, range_score_id, end_number, score_arrow1, score_arrow2, score_arrow3, score_arrow4, score_arrow5, score_arrow6) values ('4416', '736', '6', '9', '8', '5', '5', '4', '0');
insert into CompetitionEnrolments (archer_id, competition_id) values ('187', '35');
insert into RoundScores (round_score_id, archer_id, competition_id, round_score_date_time, equipment_id, round_def_id, total_score, category_id) values ('185', '187', '35', '2023-04-23 16:34:30.214', 'B', '2', '673', '35');
insert into RangeScores (range_score_id, round_score_id, round_range_id) values ('737', '185', '5');
insert into EndScores (end_id, range_score_id, end_number, score_arrow1, score_arrow2, score_arrow3, score_arrow4, score_arrow5, score_arrow6) values ('4417', '737', '1', '8', '7', '7', '5', '3', '3');
insert into EndScores (end_id, range_score_id, end_number, score_arrow1, score_arrow2, score_arrow3, score_arrow4, score_arrow5, score_arrow6) values ('4418', '737', '2', '9', '9', '9', '4', '2', '0');
insert into EndScores (end_id, range_score_id, end_number, score_arrow1, score_arrow2, score_arrow3, score_arrow4, score_arrow5, score_arrow6) values ('4419', '737', '3', '9', '4', '4', '3', '3', '0');
insert into EndScores (end_id, range_score_id, end_number, score_arrow1, score_arrow2, score_arrow3, score_arrow4, score_arrow5, score_arrow6) values ('4420', '737', '4', '9', '7', '2', '2', '2', '1');
insert into EndScores (end_id, range_score_id, end_number, score_arrow1, score_arrow2, score_arrow3, score_arrow4, score_arrow5, score_arrow6) values ('4421', '737', '5', '9', '8', '7', '6', '5', '4');
insert into EndScores (end_id, range_score_id, end_number, score_arrow1, score_arrow2, score_arrow3, score_arrow4, score_arrow5, score_arrow6) values ('4422', '737', '6', '8', '8', '5', '3', '2', '2');
insert into RangeScores (range_score_id, round_score_id, round_range_id) values ('738', '185', '6');
insert into EndScores (end_id, range_score_id, end_number, score_arrow1, score_arrow2, score_arrow3, score_arrow4, score_arrow5, score_arrow6) values ('4423', '738', '1', '8', '7', '6', '3', '2', '1');
insert into EndScores (end_id, range_score_id, end_number, score_arrow1, score_arrow2, score_arrow3, score_arrow4, score_arrow5, score_arrow6) values ('4424', '738', '2', '9', '6', '4', '3', '3', '2');
insert into EndScores (end_id, range_score_id, end_number, score_arrow1, score_arrow2, score_arrow3, score_arrow4, score_arrow5, score_arrow6) values ('4425', '738', '3', '8', '7', '4', '3', '2', '0');
insert into EndScores (end_id, range_score_id, end_number, score_arrow1, score_arrow2, score_arrow3, score_arrow4, score_arrow5, score_arrow6) values ('4426', '738', '4', '7', '6', '5', '5', '3', '0');
insert into EndScores (end_id, range_score_id, end_number, score_arrow1, score_arrow2, score_arrow3, score_arrow4, score_arrow5, score_arrow6) values ('4427', '738', '5', '8', '8', '7', '3', '3', '1');
insert into EndScores (end_id, range_score_id, end_number, score_arrow1, score_arrow2, score_arrow3, score_arrow4, score_arrow5, score_arrow6) values ('4428', '738', '6', '9', '7', '7', '2', '0', '0');
insert into RangeScores (range_score_id, round_score_id, round_range_id) values ('739', '185', '7');
insert into EndScores (end_id, range_score_id, end_number, score_arrow1, score_arrow2, score_arrow3, score_arrow4, score_arrow5, score_arrow6) values ('4429', '739', '1', '9', '5', '5', '1', '1', '0');
insert into EndScores (end_id, range_score_id, end_number, score_arrow1, score_arrow2, score_arrow3, score_arrow4, score_arrow5, score_arrow6) values ('4430', '739', '2', '9', '8', '5', '2', '2', '1');
insert into EndScores (end_id, range_score_id, end_number, score_arrow1, score_arrow2, score_arrow3, score_arrow4, score_arrow5, score_arrow6) values ('4431', '739', '3', '9', '9', '5', '4', '3', '3');
insert into EndScores (end_id, range_score_id, end_number, score_arrow1, score_arrow2, score_arrow3, score_arrow4, score_arrow5, score_arrow6) values ('4432', '739', '4', '8', '6', '6', '4', '1', '1');
insert into EndScores (end_id, range_score_id, end_number, score_arrow1, score_arrow2, score_arrow3, score_arrow4, score_arrow5, score_arrow6) values ('4433', '739', '5', '8', '6', '4', '2', '2', '2');
insert into EndScores (end_id, range_score_id, end_number, score_arrow1, score_arrow2, score_arrow3, score_arrow4, score_arrow5, score_arrow6) values ('4434', '739', '6', '9', '7', '6', '6', '6', '0');
insert into RangeScores (range_score_id, round_score_id, round_range_id) values ('740', '185', '8');
insert into EndScores (end_id, range_score_id, end_number, score_arrow1, score_arrow2, score_arrow3, score_arrow4, score_arrow5, score_arrow6) values ('4435', '740', '1', '9', '8', '8', '3', '3', '2');
insert into EndScores (end_id, range_score_id, end_number, score_arrow1, score_arrow2, score_arrow3, score_arrow4, score_arrow5, score_arrow6) values ('4436', '740', '2', '8', '5', '3', '1', '0', '0');
insert into EndScores (end_id, range_score_id, end_number, score_arrow1, score_arrow2, score_arrow3, score_arrow4, score_arrow5, score_arrow6) values ('4437', '740', '3', '9', '8', '7', '7', '4', '4');
insert into EndScores (end_id, range_score_id, end_number, score_arrow1, score_arrow2, score_arrow3, score_arrow4, score_arrow5, score_arrow6) values ('4438', '740', '4', '8', '7', '6', '4', '2', '1');
insert into EndScores (end_id, range_score_id, end_number, score_arrow1, score_arrow2, score_arrow3, score_arrow4, score_arrow5, score_arrow6) values ('4439', '740', '5', '8', '6', '5', '1', '0', '0');
insert into EndScores (end_id, range_score_id, end_number, score_arrow1, score_arrow2, score_arrow3, score_arrow4, score_arrow5, score_arrow6) values ('4440', '740', '6', '9', '8', '7', '6', '2', '1');
insert into CompetitionEnrolments (archer_id, competition_id) values ('188', '3');
insert into RoundScores (round_score_id, archer_id, competition_id, round_score_date_time, equipment_id, round_def_id, total_score, category_id) values ('186', '188', '3', '2023-04-23 16:31:48.296', 'B', '2', '669', '3');
insert into RangeScores (range_score_id, round_score_id, round_range_id) values ('741', '186', '5');
insert into EndScores (end_id, range_score_id, end_number, score_arrow1, score_arrow2, score_arrow3, score_arrow4, score_arrow5, score_arrow6) values ('4441', '741', '1', '8', '8', '5', '4', '4', '4');
insert into EndScores (end_id, range_score_id, end_number, score_arrow1, score_arrow2, score_arrow3, score_arrow4, score_arrow5, score_arrow6) values ('4442', '741', '2', '9', '9', '7', '4', '3', '0');
insert into EndScores (end_id, range_score_id, end_number, score_arrow1, score_arrow2, score_arrow3, score_arrow4, score_arrow5, score_arrow6) values ('4443', '741', '3', '9', '7', '6', '3', '2', '2');
insert into EndScores (end_id, range_score_id, end_number, score_arrow1, score_arrow2, score_arrow3, score_arrow4, score_arrow5, score_arrow6) values ('4444', '741', '4', '9', '6', '6', '4', '3', '1');
insert into EndScores (end_id, range_score_id, end_number, score_arrow1, score_arrow2, score_arrow3, score_arrow4, score_arrow5, score_arrow6) values ('4445', '741', '5', '6', '5', '4', '3', '2', '2');
insert into EndScores (end_id, range_score_id, end_number, score_arrow1, score_arrow2, score_arrow3, score_arrow4, score_arrow5, score_arrow6) values ('4446', '741', '6', '9', '6', '6', '5', '5', '3');
insert into RangeScores (range_score_id, round_score_id, round_range_id) values ('742', '186', '6');
insert into EndScores (end_id, range_score_id, end_number, score_arrow1, score_arrow2, score_arrow3, score_arrow4, score_arrow5, score_arrow6) values ('4447', '742', '1', '6', '5', '3', '3', '2', '1');
insert into EndScores (end_id, range_score_id, end_number, score_arrow1, score_arrow2, score_arrow3, score_arrow4, score_arrow5, score_arrow6) values ('4448', '742', '2', '9', '3', '1', '1', '0', '0');
insert into EndScores (end_id, range_score_id, end_number, score_arrow1, score_arrow2, score_arrow3, score_arrow4, score_arrow5, score_arrow6) values ('4449', '742', '3', '7', '3', '1', '1', '0', '0');
insert into EndScores (end_id, range_score_id, end_number, score_arrow1, score_arrow2, score_arrow3, score_arrow4, score_arrow5, score_arrow6) values ('4450', '742', '4', '8', '6', '6', '5', '4', '1');
insert into EndScores (end_id, range_score_id, end_number, score_arrow1, score_arrow2, score_arrow3, score_arrow4, score_arrow5, score_arrow6) values ('4451', '742', '5', '8', '8', '7', '5', '4', '3');
insert into EndScores (end_id, range_score_id, end_number, score_arrow1, score_arrow2, score_arrow3, score_arrow4, score_arrow5, score_arrow6) values ('4452', '742', '6', '9', '8', '8', '5', '2', '1');
insert into RangeScores (range_score_id, round_score_id, round_range_id) values ('743', '186', '7');
insert into EndScores (end_id, range_score_id, end_number, score_arrow1, score_arrow2, score_arrow3, score_arrow4, score_arrow5, score_arrow6) values ('4453', '743', '1', '8', '8', '8', '4', '4', '0');
insert into EndScores (end_id, range_score_id, end_number, score_arrow1, score_arrow2, score_arrow3, score_arrow4, score_arrow5, score_arrow6) values ('4454', '743', '2', '7', '4', '3', '2', '2', '2');
insert into EndScores (end_id, range_score_id, end_number, score_arrow1, score_arrow2, score_arrow3, score_arrow4, score_arrow5, score_arrow6) values ('4455', '743', '3', '8', '8', '5', '4', '3', '2');
insert into EndScores (end_id, range_score_id, end_number, score_arrow1, score_arrow2, score_arrow3, score_arrow4, score_arrow5, score_arrow6) values ('4456', '743', '4', '9', '9', '8', '7', '1', '1');
insert into EndScores (end_id, range_score_id, end_number, score_arrow1, score_arrow2, score_arrow3, score_arrow4, score_arrow5, score_arrow6) values ('4457', '743', '5', '8', '8', '5', '5', '4', '0');
insert into EndScores (end_id, range_score_id, end_number, score_arrow1, score_arrow2, score_arrow3, score_arrow4, score_arrow5, score_arrow6) values ('4458', '743', '6', '9', '8', '8', '8', '4', '0');
insert into RangeScores (range_score_id, round_score_id, round_range_id) values ('744', '186', '8');
insert into EndScores (end_id, range_score_id, end_number, score_arrow1, score_arrow2, score_arrow3, score_arrow4, score_arrow5, score_arrow6) values ('4459', '744', '1', '7', '5', '3', '0', '0', '0');
insert into EndScores (end_id, range_score_id, end_number, score_arrow1, score_arrow2, score_arrow3, score_arrow4, score_arrow5, score_arrow6) values ('4460', '744', '2', '9', '7', '4', '4', '0', '0');
insert into EndScores (end_id, range_score_id, end_number, score_arrow1, score_arrow2, score_arrow3, score_arrow4, score_arrow5, score_arrow6) values ('4461', '744', '3', '9', '9', '8', '5', '3', '0');
insert into EndScores (end_id, range_score_id, end_number, score_arrow1, score_arrow2, score_arrow3, score_arrow4, score_arrow5, score_arrow6) values ('4462', '744', '4', '8', '8', '6', '3', '1', '0');
insert into EndScores (end_id, range_score_id, end_number, score_arrow1, score_arrow2, score_arrow3, score_arrow4, score_arrow5, score_arrow6) values ('4463', '744', '5', '9', '8', '8', '7', '5', '0');
insert into EndScores (end_id, range_score_id, end_number, score_arrow1, score_arrow2, score_arrow3, score_arrow4, score_arrow5, score_arrow6) values ('4464', '744', '6', '8', '6', '5', '3', '3', '1');
insert into CompetitionEnrolments (archer_id, competition_id) values ('189', '8');
insert into RoundScores (round_score_id, archer_id, competition_id, round_score_date_time, equipment_id, round_def_id, total_score, category_id) values ('187', '189', '8', '2023-04-23 10:55:8.754', 'L', '4', '632', '8');
insert into RangeScores (range_score_id, round_score_id, round_range_id) values ('745', '187', '13');
insert into EndScores (end_id, range_score_id, end_number, score_arrow1, score_arrow2, score_arrow3, score_arrow4, score_arrow5, score_arrow6) values ('4465', '745', '1', '8', '7', '5', '3', '3', '0');
insert into EndScores (end_id, range_score_id, end_number, score_arrow1, score_arrow2, score_arrow3, score_arrow4, score_arrow5, score_arrow6) values ('4466', '745', '2', '7', '7', '7', '6', '5', '3');
insert into EndScores (end_id, range_score_id, end_number, score_arrow1, score_arrow2, score_arrow3, score_arrow4, score_arrow5, score_arrow6) values ('4467', '745', '3', '7', '6', '6', '5', '4', '3');
insert into EndScores (end_id, range_score_id, end_number, score_arrow1, score_arrow2, score_arrow3, score_arrow4, score_arrow5, score_arrow6) values ('4468', '745', '4', '8', '7', '7', '4', '4', '2');
insert into EndScores (end_id, range_score_id, end_number, score_arrow1, score_arrow2, score_arrow3, score_arrow4, score_arrow5, score_arrow6) values ('4469', '745', '5', '8', '8', '6', '5', '3', '0');
insert into EndScores (end_id, range_score_id, end_number, score_arrow1, score_arrow2, score_arrow3, score_arrow4, score_arrow5, score_arrow6) values ('4470', '745', '6', '7', '7', '5', '1', '0', '0');
insert into RangeScores (range_score_id, round_score_id, round_range_id) values ('746', '187', '14');
insert into EndScores (end_id, range_score_id, end_number, score_arrow1, score_arrow2, score_arrow3, score_arrow4, score_arrow5, score_arrow6) values ('4471', '746', '1', '8', '8', '6', '5', '3', '0');
insert into EndScores (end_id, range_score_id, end_number, score_arrow1, score_arrow2, score_arrow3, score_arrow4, score_arrow5, score_arrow6) values ('4472', '746', '2', '9', '8', '5', '4', '2', '1');
insert into EndScores (end_id, range_score_id, end_number, score_arrow1, score_arrow2, score_arrow3, score_arrow4, score_arrow5, score_arrow6) values ('4473', '746', '3', '9', '6', '6', '4', '0', '0');
insert into EndScores (end_id, range_score_id, end_number, score_arrow1, score_arrow2, score_arrow3, score_arrow4, score_arrow5, score_arrow6) values ('4474', '746', '4', '8', '7', '4', '2', '2', '2');
insert into EndScores (end_id, range_score_id, end_number, score_arrow1, score_arrow2, score_arrow3, score_arrow4, score_arrow5, score_arrow6) values ('4475', '746', '5', '7', '6', '5', '2', '2', '2');
insert into EndScores (end_id, range_score_id, end_number, score_arrow1, score_arrow2, score_arrow3, score_arrow4, score_arrow5, score_arrow6) values ('4476', '746', '6', '8', '6', '6', '4', '3', '2');
insert into RangeScores (range_score_id, round_score_id, round_range_id) values ('747', '187', '15');
insert into EndScores (end_id, range_score_id, end_number, score_arrow1, score_arrow2, score_arrow3, score_arrow4, score_arrow5, score_arrow6) values ('4477', '747', '1', '9', '3', '3', '2', '2', '1');
insert into EndScores (end_id, range_score_id, end_number, score_arrow1, score_arrow2, score_arrow3, score_arrow4, score_arrow5, score_arrow6) values ('4478', '747', '2', '8', '7', '3', '1', '0', '0');
insert into EndScores (end_id, range_score_id, end_number, score_arrow1, score_arrow2, score_arrow3, score_arrow4, score_arrow5, score_arrow6) values ('4479', '747', '3', '9', '6', '4', '3', '3', '1');
insert into EndScores (end_id, range_score_id, end_number, score_arrow1, score_arrow2, score_arrow3, score_arrow4, score_arrow5, score_arrow6) values ('4480', '747', '4', '9', '7', '7', '3', '0', '0');
insert into EndScores (end_id, range_score_id, end_number, score_arrow1, score_arrow2, score_arrow3, score_arrow4, score_arrow5, score_arrow6) values ('4481', '747', '5', '6', '6', '4', '3', '1', '0');
insert into EndScores (end_id, range_score_id, end_number, score_arrow1, score_arrow2, score_arrow3, score_arrow4, score_arrow5, score_arrow6) values ('4482', '747', '6', '6', '4', '4', '4', '0', '0');
insert into RangeScores (range_score_id, round_score_id, round_range_id) values ('748', '187', '16');
insert into EndScores (end_id, range_score_id, end_number, score_arrow1, score_arrow2, score_arrow3, score_arrow4, score_arrow5, score_arrow6) values ('4483', '748', '1', '8', '6', '6', '1', '0', '0');
insert into EndScores (end_id, range_score_id, end_number, score_arrow1, score_arrow2, score_arrow3, score_arrow4, score_arrow5, score_arrow6) values ('4484', '748', '2', '9', '7', '6', '6', '5', '1');
insert into EndScores (end_id, range_score_id, end_number, score_arrow1, score_arrow2, score_arrow3, score_arrow4, score_arrow5, score_arrow6) values ('4485', '748', '3', '8', '7', '4', '3', '2', '2');
insert into EndScores (end_id, range_score_id, end_number, score_arrow1, score_arrow2, score_arrow3, score_arrow4, score_arrow5, score_arrow6) values ('4486', '748', '4', '9', '9', '8', '8', '6', '1');
insert into EndScores (end_id, range_score_id, end_number, score_arrow1, score_arrow2, score_arrow3, score_arrow4, score_arrow5, score_arrow6) values ('4487', '748', '5', '7', '4', '3', '2', '0', '0');
insert into EndScores (end_id, range_score_id, end_number, score_arrow1, score_arrow2, score_arrow3, score_arrow4, score_arrow5, score_arrow6) values ('4488', '748', '6', '9', '8', '5', '5', '2', '0');
insert into CompetitionEnrolments (archer_id, competition_id) values ('190', '7');
insert into RoundScores (round_score_id, archer_id, competition_id, round_score_date_time, equipment_id, round_def_id, total_score, category_id) values ('188', '190', '7', '2023-04-23 18:34:33.136', 'B', '3', '688', '7');
insert into RangeScores (range_score_id, round_score_id, round_range_id) values ('749', '188', '9');
insert into EndScores (end_id, range_score_id, end_number, score_arrow1, score_arrow2, score_arrow3, score_arrow4, score_arrow5, score_arrow6) values ('4489', '749', '1', '6', '6', '5', '3', '1', '1');
insert into EndScores (end_id, range_score_id, end_number, score_arrow1, score_arrow2, score_arrow3, score_arrow4, score_arrow5, score_arrow6) values ('4490', '749', '2', '9', '8', '7', '6', '4', '0');
insert into EndScores (end_id, range_score_id, end_number, score_arrow1, score_arrow2, score_arrow3, score_arrow4, score_arrow5, score_arrow6) values ('4491', '749', '3', '7', '7', '2', '2', '0', '0');
insert into EndScores (end_id, range_score_id, end_number, score_arrow1, score_arrow2, score_arrow3, score_arrow4, score_arrow5, score_arrow6) values ('4492', '749', '4', '6', '6', '5', '5', '3', '0');
insert into EndScores (end_id, range_score_id, end_number, score_arrow1, score_arrow2, score_arrow3, score_arrow4, score_arrow5, score_arrow6) values ('4493', '749', '5', '9', '9', '7', '6', '2', '0');
insert into EndScores (end_id, range_score_id, end_number, score_arrow1, score_arrow2, score_arrow3, score_arrow4, score_arrow5, score_arrow6) values ('4494', '749', '6', '9', '9', '8', '2', '2', '1');
insert into RangeScores (range_score_id, round_score_id, round_range_id) values ('750', '188', '10');
insert into EndScores (end_id, range_score_id, end_number, score_arrow1, score_arrow2, score_arrow3, score_arrow4, score_arrow5, score_arrow6) values ('4495', '750', '1', '9', '6', '6', '5', '3', '3');
insert into EndScores (end_id, range_score_id, end_number, score_arrow1, score_arrow2, score_arrow3, score_arrow4, score_arrow5, score_arrow6) values ('4496', '750', '2', '7', '4', '3', '3', '2', '1');
insert into EndScores (end_id, range_score_id, end_number, score_arrow1, score_arrow2, score_arrow3, score_arrow4, score_arrow5, score_arrow6) values ('4497', '750', '3', '9', '6', '6', '2', '1', '0');
insert into EndScores (end_id, range_score_id, end_number, score_arrow1, score_arrow2, score_arrow3, score_arrow4, score_arrow5, score_arrow6) values ('4498', '750', '4', '9', '4', '3', '2', '1', '1');
insert into EndScores (end_id, range_score_id, end_number, score_arrow1, score_arrow2, score_arrow3, score_arrow4, score_arrow5, score_arrow6) values ('4499', '750', '5', '7', '6', '6', '5', '4', '3');
insert into EndScores (end_id, range_score_id, end_number, score_arrow1, score_arrow2, score_arrow3, score_arrow4, score_arrow5, score_arrow6) values ('4500', '750', '6', '7', '6', '6', '4', '3', '0');
insert into RangeScores (range_score_id, round_score_id, round_range_id) values ('751', '188', '11');
insert into EndScores (end_id, range_score_id, end_number, score_arrow1, score_arrow2, score_arrow3, score_arrow4, score_arrow5, score_arrow6) values ('4501', '751', '1', '9', '7', '7', '7', '6', '4');
insert into EndScores (end_id, range_score_id, end_number, score_arrow1, score_arrow2, score_arrow3, score_arrow4, score_arrow5, score_arrow6) values ('4502', '751', '2', '7', '5', '5', '4', '3', '2');
insert into EndScores (end_id, range_score_id, end_number, score_arrow1, score_arrow2, score_arrow3, score_arrow4, score_arrow5, score_arrow6) values ('4503', '751', '3', '9', '8', '8', '3', '3', '0');
insert into EndScores (end_id, range_score_id, end_number, score_arrow1, score_arrow2, score_arrow3, score_arrow4, score_arrow5, score_arrow6) values ('4504', '751', '4', '8', '7', '4', '3', '2', '2');
insert into EndScores (end_id, range_score_id, end_number, score_arrow1, score_arrow2, score_arrow3, score_arrow4, score_arrow5, score_arrow6) values ('4505', '751', '5', '9', '9', '9', '8', '6', '3');
insert into EndScores (end_id, range_score_id, end_number, score_arrow1, score_arrow2, score_arrow3, score_arrow4, score_arrow5, score_arrow6) values ('4506', '751', '6', '8', '7', '6', '5', '0', '0');
insert into RangeScores (range_score_id, round_score_id, round_range_id) values ('752', '188', '12');
insert into EndScores (end_id, range_score_id, end_number, score_arrow1, score_arrow2, score_arrow3, score_arrow4, score_arrow5, score_arrow6) values ('4507', '752', '1', '8', '6', '6', '5', '3', '2');
insert into EndScores (end_id, range_score_id, end_number, score_arrow1, score_arrow2, score_arrow3, score_arrow4, score_arrow5, score_arrow6) values ('4508', '752', '2', '8', '7', '5', '4', '3', '0');
insert into EndScores (end_id, range_score_id, end_number, score_arrow1, score_arrow2, score_arrow3, score_arrow4, score_arrow5, score_arrow6) values ('4509', '752', '3', '9', '9', '9', '9', '6', '6');
insert into EndScores (end_id, range_score_id, end_number, score_arrow1, score_arrow2, score_arrow3, score_arrow4, score_arrow5, score_arrow6) values ('4510', '752', '4', '8', '6', '5', '4', '3', '0');
insert into EndScores (end_id, range_score_id, end_number, score_arrow1, score_arrow2, score_arrow3, score_arrow4, score_arrow5, score_arrow6) values ('4511', '752', '5', '9', '5', '4', '3', '2', '0');
insert into EndScores (end_id, range_score_id, end_number, score_arrow1, score_arrow2, score_arrow3, score_arrow4, score_arrow5, score_arrow6) values ('4512', '752', '6', '7', '6', '6', '2', '2', '2');
insert into CompetitionEnrolments (archer_id, competition_id) values ('191', '7');
insert into RoundScores (round_score_id, archer_id, competition_id, round_score_date_time, equipment_id, round_def_id, total_score, category_id) values ('189', '191', '7', '2023-04-23 17:55:7.426', 'B', '3', '677', '7');
insert into RangeScores (range_score_id, round_score_id, round_range_id) values ('753', '189', '9');
insert into EndScores (end_id, range_score_id, end_number, score_arrow1, score_arrow2, score_arrow3, score_arrow4, score_arrow5, score_arrow6) values ('4513', '753', '1', '9', '9', '6', '4', '3', '0');
insert into EndScores (end_id, range_score_id, end_number, score_arrow1, score_arrow2, score_arrow3, score_arrow4, score_arrow5, score_arrow6) values ('4514', '753', '2', '8', '8', '7', '6', '2', '0');
insert into EndScores (end_id, range_score_id, end_number, score_arrow1, score_arrow2, score_arrow3, score_arrow4, score_arrow5, score_arrow6) values ('4515', '753', '3', '9', '4', '4', '2', '0', '0');
insert into EndScores (end_id, range_score_id, end_number, score_arrow1, score_arrow2, score_arrow3, score_arrow4, score_arrow5, score_arrow6) values ('4516', '753', '4', '8', '7', '7', '6', '2', '1');
insert into EndScores (end_id, range_score_id, end_number, score_arrow1, score_arrow2, score_arrow3, score_arrow4, score_arrow5, score_arrow6) values ('4517', '753', '5', '8', '7', '5', '4', '0', '0');
insert into EndScores (end_id, range_score_id, end_number, score_arrow1, score_arrow2, score_arrow3, score_arrow4, score_arrow5, score_arrow6) values ('4518', '753', '6', '8', '7', '5', '4', '2', '2');
insert into RangeScores (range_score_id, round_score_id, round_range_id) values ('754', '189', '10');
insert into EndScores (end_id, range_score_id, end_number, score_arrow1, score_arrow2, score_arrow3, score_arrow4, score_arrow5, score_arrow6) values ('4519', '754', '1', '9', '9', '7', '6', '6', '2');
insert into EndScores (end_id, range_score_id, end_number, score_arrow1, score_arrow2, score_arrow3, score_arrow4, score_arrow5, score_arrow6) values ('4520', '754', '2', '8', '8', '3', '1', '0', '0');
insert into EndScores (end_id, range_score_id, end_number, score_arrow1, score_arrow2, score_arrow3, score_arrow4, score_arrow5, score_arrow6) values ('4521', '754', '3', '9', '8', '3', '2', '1', '1');
insert into EndScores (end_id, range_score_id, end_number, score_arrow1, score_arrow2, score_arrow3, score_arrow4, score_arrow5, score_arrow6) values ('4522', '754', '4', '8', '7', '6', '5', '5', '5');
insert into EndScores (end_id, range_score_id, end_number, score_arrow1, score_arrow2, score_arrow3, score_arrow4, score_arrow5, score_arrow6) values ('4523', '754', '5', '9', '8', '7', '5', '2', '1');
insert into EndScores (end_id, range_score_id, end_number, score_arrow1, score_arrow2, score_arrow3, score_arrow4, score_arrow5, score_arrow6) values ('4524', '754', '6', '8', '3', '3', '1', '0', '0');
insert into RangeScores (range_score_id, round_score_id, round_range_id) values ('755', '189', '11');
insert into EndScores (end_id, range_score_id, end_number, score_arrow1, score_arrow2, score_arrow3, score_arrow4, score_arrow5, score_arrow6) values ('4525', '755', '1', '8', '7', '7', '4', '2', '1');
insert into EndScores (end_id, range_score_id, end_number, score_arrow1, score_arrow2, score_arrow3, score_arrow4, score_arrow5, score_arrow6) values ('4526', '755', '2', '7', '6', '5', '4', '4', '2');
insert into EndScores (end_id, range_score_id, end_number, score_arrow1, score_arrow2, score_arrow3, score_arrow4, score_arrow5, score_arrow6) values ('4527', '755', '3', '6', '4', '2', '2', '1', '0');
insert into EndScores (end_id, range_score_id, end_number, score_arrow1, score_arrow2, score_arrow3, score_arrow4, score_arrow5, score_arrow6) values ('4528', '755', '4', '8', '7', '5', '4', '3', '0');
insert into EndScores (end_id, range_score_id, end_number, score_arrow1, score_arrow2, score_arrow3, score_arrow4, score_arrow5, score_arrow6) values ('4529', '755', '5', '9', '8', '8', '4', '3', '3');
insert into EndScores (end_id, range_score_id, end_number, score_arrow1, score_arrow2, score_arrow3, score_arrow4, score_arrow5, score_arrow6) values ('4530', '755', '6', '8', '7', '6', '4', '3', '1');
insert into RangeScores (range_score_id, round_score_id, round_range_id) values ('756', '189', '12');
insert into EndScores (end_id, range_score_id, end_number, score_arrow1, score_arrow2, score_arrow3, score_arrow4, score_arrow5, score_arrow6) values ('4531', '756', '1', '9', '8', '8', '4', '2', '1');
insert into EndScores (end_id, range_score_id, end_number, score_arrow1, score_arrow2, score_arrow3, score_arrow4, score_arrow5, score_arrow6) values ('4532', '756', '2', '9', '8', '7', '6', '2', '1');
insert into EndScores (end_id, range_score_id, end_number, score_arrow1, score_arrow2, score_arrow3, score_arrow4, score_arrow5, score_arrow6) values ('4533', '756', '3', '9', '8', '7', '6', '5', '1');
insert into EndScores (end_id, range_score_id, end_number, score_arrow1, score_arrow2, score_arrow3, score_arrow4, score_arrow5, score_arrow6) values ('4534', '756', '4', '8', '5', '4', '4', '1', '0');
insert into EndScores (end_id, range_score_id, end_number, score_arrow1, score_arrow2, score_arrow3, score_arrow4, score_arrow5, score_arrow6) values ('4535', '756', '5', '9', '8', '7', '6', '4', '3');
insert into EndScores (end_id, range_score_id, end_number, score_arrow1, score_arrow2, score_arrow3, score_arrow4, score_arrow5, score_arrow6) values ('4536', '756', '6', '9', '5', '4', '3', '2', '1');
insert into CompetitionEnrolments (archer_id, competition_id) values ('192', '31');
insert into RoundScores (round_score_id, archer_id, competition_id, round_score_date_time, equipment_id, round_def_id, total_score, category_id) values ('190', '192', '31', '2023-04-23 18:36:6.113', 'B', '4', '631', '31');
insert into RangeScores (range_score_id, round_score_id, round_range_id) values ('757', '190', '13');
insert into EndScores (end_id, range_score_id, end_number, score_arrow1, score_arrow2, score_arrow3, score_arrow4, score_arrow5, score_arrow6) values ('4537', '757', '1', '9', '7', '6', '5', '4', '0');
insert into EndScores (end_id, range_score_id, end_number, score_arrow1, score_arrow2, score_arrow3, score_arrow4, score_arrow5, score_arrow6) values ('4538', '757', '2', '9', '4', '4', '4', '3', '0');
insert into EndScores (end_id, range_score_id, end_number, score_arrow1, score_arrow2, score_arrow3, score_arrow4, score_arrow5, score_arrow6) values ('4539', '757', '3', '8', '7', '5', '3', '2', '0');
insert into EndScores (end_id, range_score_id, end_number, score_arrow1, score_arrow2, score_arrow3, score_arrow4, score_arrow5, score_arrow6) values ('4540', '757', '4', '9', '7', '6', '2', '1', '0');
insert into EndScores (end_id, range_score_id, end_number, score_arrow1, score_arrow2, score_arrow3, score_arrow4, score_arrow5, score_arrow6) values ('4541', '757', '5', '9', '8', '5', '4', '3', '3');
insert into EndScores (end_id, range_score_id, end_number, score_arrow1, score_arrow2, score_arrow3, score_arrow4, score_arrow5, score_arrow6) values ('4542', '757', '6', '8', '7', '7', '3', '1', '1');
insert into RangeScores (range_score_id, round_score_id, round_range_id) values ('758', '190', '14');
insert into EndScores (end_id, range_score_id, end_number, score_arrow1, score_arrow2, score_arrow3, score_arrow4, score_arrow5, score_arrow6) values ('4543', '758', '1', '9', '8', '7', '4', '3', '1');
insert into EndScores (end_id, range_score_id, end_number, score_arrow1, score_arrow2, score_arrow3, score_arrow4, score_arrow5, score_arrow6) values ('4544', '758', '2', '8', '8', '7', '5', '3', '0');
insert into EndScores (end_id, range_score_id, end_number, score_arrow1, score_arrow2, score_arrow3, score_arrow4, score_arrow5, score_arrow6) values ('4545', '758', '3', '9', '6', '3', '3', '2', '1');
insert into EndScores (end_id, range_score_id, end_number, score_arrow1, score_arrow2, score_arrow3, score_arrow4, score_arrow5, score_arrow6) values ('4546', '758', '4', '8', '8', '7', '6', '4', '4');
insert into EndScores (end_id, range_score_id, end_number, score_arrow1, score_arrow2, score_arrow3, score_arrow4, score_arrow5, score_arrow6) values ('4547', '758', '5', '8', '4', '4', '4', '1', '0');
insert into EndScores (end_id, range_score_id, end_number, score_arrow1, score_arrow2, score_arrow3, score_arrow4, score_arrow5, score_arrow6) values ('4548', '758', '6', '6', '5', '4', '4', '4', '1');
insert into RangeScores (range_score_id, round_score_id, round_range_id) values ('759', '190', '15');
insert into EndScores (end_id, range_score_id, end_number, score_arrow1, score_arrow2, score_arrow3, score_arrow4, score_arrow5, score_arrow6) values ('4549', '759', '1', '9', '9', '7', '7', '7', '1');
insert into EndScores (end_id, range_score_id, end_number, score_arrow1, score_arrow2, score_arrow3, score_arrow4, score_arrow5, score_arrow6) values ('4550', '759', '2', '7', '7', '6', '5', '5', '1');
insert into EndScores (end_id, range_score_id, end_number, score_arrow1, score_arrow2, score_arrow3, score_arrow4, score_arrow5, score_arrow6) values ('4551', '759', '3', '7', '5', '4', '3', '1', '1');
insert into EndScores (end_id, range_score_id, end_number, score_arrow1, score_arrow2, score_arrow3, score_arrow4, score_arrow5, score_arrow6) values ('4552', '759', '4', '9', '7', '6', '2', '2', '0');
insert into EndScores (end_id, range_score_id, end_number, score_arrow1, score_arrow2, score_arrow3, score_arrow4, score_arrow5, score_arrow6) values ('4553', '759', '5', '8', '6', '3', '1', '1', '0');
insert into EndScores (end_id, range_score_id, end_number, score_arrow1, score_arrow2, score_arrow3, score_arrow4, score_arrow5, score_arrow6) values ('4554', '759', '6', '8', '7', '5', '3', '3', '1');
insert into RangeScores (range_score_id, round_score_id, round_range_id) values ('760', '190', '16');
insert into EndScores (end_id, range_score_id, end_number, score_arrow1, score_arrow2, score_arrow3, score_arrow4, score_arrow5, score_arrow6) values ('4555', '760', '1', '7', '7', '4', '4', '2', '1');
insert into EndScores (end_id, range_score_id, end_number, score_arrow1, score_arrow2, score_arrow3, score_arrow4, score_arrow5, score_arrow6) values ('4556', '760', '2', '9', '9', '4', '2', '1', '0');
insert into EndScores (end_id, range_score_id, end_number, score_arrow1, score_arrow2, score_arrow3, score_arrow4, score_arrow5, score_arrow6) values ('4557', '760', '3', '6', '5', '3', '2', '1', '1');
insert into EndScores (end_id, range_score_id, end_number, score_arrow1, score_arrow2, score_arrow3, score_arrow4, score_arrow5, score_arrow6) values ('4558', '760', '4', '9', '8', '7', '6', '6', '0');
insert into EndScores (end_id, range_score_id, end_number, score_arrow1, score_arrow2, score_arrow3, score_arrow4, score_arrow5, score_arrow6) values ('4559', '760', '5', '9', '6', '2', '2', '0', '0');
insert into EndScores (end_id, range_score_id, end_number, score_arrow1, score_arrow2, score_arrow3, score_arrow4, score_arrow5, score_arrow6) values ('4560', '760', '6', '4', '4', '2', '1', '0', '0');
insert into CompetitionEnrolments (archer_id, competition_id) values ('193', '30');
insert into RoundScores (round_score_id, archer_id, competition_id, round_score_date_time, equipment_id, round_def_id, total_score, category_id) values ('191', '193', '30', '2023-04-23 15:54:50.664', 'C', '4', '665', '30');
insert into RangeScores (range_score_id, round_score_id, round_range_id) values ('761', '191', '13');
insert into EndScores (end_id, range_score_id, end_number, score_arrow1, score_arrow2, score_arrow3, score_arrow4, score_arrow5, score_arrow6) values ('4561', '761', '1', '9', '7', '7', '6', '5', '1');
insert into EndScores (end_id, range_score_id, end_number, score_arrow1, score_arrow2, score_arrow3, score_arrow4, score_arrow5, score_arrow6) values ('4562', '761', '2', '8', '3', '3', '3', '2', '0');
insert into EndScores (end_id, range_score_id, end_number, score_arrow1, score_arrow2, score_arrow3, score_arrow4, score_arrow5, score_arrow6) values ('4563', '761', '3', '9', '7', '6', '5', '4', '2');
insert into EndScores (end_id, range_score_id, end_number, score_arrow1, score_arrow2, score_arrow3, score_arrow4, score_arrow5, score_arrow6) values ('4564', '761', '4', '6', '4', '1', '1', '0', '0');
insert into EndScores (end_id, range_score_id, end_number, score_arrow1, score_arrow2, score_arrow3, score_arrow4, score_arrow5, score_arrow6) values ('4565', '761', '5', '9', '7', '5', '4', '3', '3');
insert into EndScores (end_id, range_score_id, end_number, score_arrow1, score_arrow2, score_arrow3, score_arrow4, score_arrow5, score_arrow6) values ('4566', '761', '6', '6', '6', '5', '2', '1', '0');
insert into RangeScores (range_score_id, round_score_id, round_range_id) values ('762', '191', '14');
insert into EndScores (end_id, range_score_id, end_number, score_arrow1, score_arrow2, score_arrow3, score_arrow4, score_arrow5, score_arrow6) values ('4567', '762', '1', '9', '9', '5', '3', '3', '0');
insert into EndScores (end_id, range_score_id, end_number, score_arrow1, score_arrow2, score_arrow3, score_arrow4, score_arrow5, score_arrow6) values ('4568', '762', '2', '9', '7', '5', '5', '5', '1');
insert into EndScores (end_id, range_score_id, end_number, score_arrow1, score_arrow2, score_arrow3, score_arrow4, score_arrow5, score_arrow6) values ('4569', '762', '3', '7', '7', '6', '6', '4', '2');
insert into EndScores (end_id, range_score_id, end_number, score_arrow1, score_arrow2, score_arrow3, score_arrow4, score_arrow5, score_arrow6) values ('4570', '762', '4', '9', '8', '2', '2', '2', '1');
insert into EndScores (end_id, range_score_id, end_number, score_arrow1, score_arrow2, score_arrow3, score_arrow4, score_arrow5, score_arrow6) values ('4571', '762', '5', '9', '9', '9', '7', '5', '4');
insert into EndScores (end_id, range_score_id, end_number, score_arrow1, score_arrow2, score_arrow3, score_arrow4, score_arrow5, score_arrow6) values ('4572', '762', '6', '9', '5', '5', '4', '3', '3');
insert into RangeScores (range_score_id, round_score_id, round_range_id) values ('763', '191', '15');
insert into EndScores (end_id, range_score_id, end_number, score_arrow1, score_arrow2, score_arrow3, score_arrow4, score_arrow5, score_arrow6) values ('4573', '763', '1', '8', '7', '2', '1', '1', '0');
insert into EndScores (end_id, range_score_id, end_number, score_arrow1, score_arrow2, score_arrow3, score_arrow4, score_arrow5, score_arrow6) values ('4574', '763', '2', '8', '8', '7', '7', '0', '0');
insert into EndScores (end_id, range_score_id, end_number, score_arrow1, score_arrow2, score_arrow3, score_arrow4, score_arrow5, score_arrow6) values ('4575', '763', '3', '8', '7', '4', '4', '3', '0');
insert into EndScores (end_id, range_score_id, end_number, score_arrow1, score_arrow2, score_arrow3, score_arrow4, score_arrow5, score_arrow6) values ('4576', '763', '4', '8', '5', '3', '2', '0', '0');
insert into EndScores (end_id, range_score_id, end_number, score_arrow1, score_arrow2, score_arrow3, score_arrow4, score_arrow5, score_arrow6) values ('4577', '763', '5', '6', '5', '5', '3', '2', '1');
insert into EndScores (end_id, range_score_id, end_number, score_arrow1, score_arrow2, score_arrow3, score_arrow4, score_arrow5, score_arrow6) values ('4578', '763', '6', '9', '6', '5', '5', '5', '5');
insert into RangeScores (range_score_id, round_score_id, round_range_id) values ('764', '191', '16');
insert into EndScores (end_id, range_score_id, end_number, score_arrow1, score_arrow2, score_arrow3, score_arrow4, score_arrow5, score_arrow6) values ('4579', '764', '1', '9', '7', '4', '3', '2', '1');
insert into EndScores (end_id, range_score_id, end_number, score_arrow1, score_arrow2, score_arrow3, score_arrow4, score_arrow5, score_arrow6) values ('4580', '764', '2', '8', '4', '4', '3', '2', '2');
insert into EndScores (end_id, range_score_id, end_number, score_arrow1, score_arrow2, score_arrow3, score_arrow4, score_arrow5, score_arrow6) values ('4581', '764', '3', '9', '6', '6', '3', '2', '2');
insert into EndScores (end_id, range_score_id, end_number, score_arrow1, score_arrow2, score_arrow3, score_arrow4, score_arrow5, score_arrow6) values ('4582', '764', '4', '9', '9', '9', '9', '7', '2');
insert into EndScores (end_id, range_score_id, end_number, score_arrow1, score_arrow2, score_arrow3, score_arrow4, score_arrow5, score_arrow6) values ('4583', '764', '5', '7', '5', '4', '3', '1', '0');
insert into EndScores (end_id, range_score_id, end_number, score_arrow1, score_arrow2, score_arrow3, score_arrow4, score_arrow5, score_arrow6) values ('4584', '764', '6', '8', '7', '7', '6', '5', '1');
insert into CompetitionEnrolments (archer_id, competition_id) values ('194', '33');
insert into RoundScores (round_score_id, archer_id, competition_id, round_score_date_time, equipment_id, round_def_id, total_score, category_id) values ('192', '194', '33', '2023-04-23 12:32:24.45', 'R', '1', '680', '33');
insert into RangeScores (range_score_id, round_score_id, round_range_id) values ('765', '192', '1');
insert into EndScores (end_id, range_score_id, end_number, score_arrow1, score_arrow2, score_arrow3, score_arrow4, score_arrow5, score_arrow6) values ('4585', '765', '1', '9', '8', '5', '3', '2', '1');
insert into EndScores (end_id, range_score_id, end_number, score_arrow1, score_arrow2, score_arrow3, score_arrow4, score_arrow5, score_arrow6) values ('4586', '765', '2', '9', '9', '6', '5', '4', '3');
insert into EndScores (end_id, range_score_id, end_number, score_arrow1, score_arrow2, score_arrow3, score_arrow4, score_arrow5, score_arrow6) values ('4587', '765', '3', '9', '8', '8', '5', '3', '0');
insert into EndScores (end_id, range_score_id, end_number, score_arrow1, score_arrow2, score_arrow3, score_arrow4, score_arrow5, score_arrow6) values ('4588', '765', '4', '9', '8', '8', '5', '2', '2');
insert into EndScores (end_id, range_score_id, end_number, score_arrow1, score_arrow2, score_arrow3, score_arrow4, score_arrow5, score_arrow6) values ('4589', '765', '5', '7', '5', '4', '2', '1', '1');
insert into EndScores (end_id, range_score_id, end_number, score_arrow1, score_arrow2, score_arrow3, score_arrow4, score_arrow5, score_arrow6) values ('4590', '765', '6', '9', '8', '8', '6', '1', '1');
insert into RangeScores (range_score_id, round_score_id, round_range_id) values ('766', '192', '2');
insert into EndScores (end_id, range_score_id, end_number, score_arrow1, score_arrow2, score_arrow3, score_arrow4, score_arrow5, score_arrow6) values ('4591', '766', '1', '9', '8', '8', '4', '3', '0');
insert into EndScores (end_id, range_score_id, end_number, score_arrow1, score_arrow2, score_arrow3, score_arrow4, score_arrow5, score_arrow6) values ('4592', '766', '2', '8', '8', '8', '7', '3', '2');
insert into EndScores (end_id, range_score_id, end_number, score_arrow1, score_arrow2, score_arrow3, score_arrow4, score_arrow5, score_arrow6) values ('4593', '766', '3', '7', '7', '6', '6', '1', '1');
insert into EndScores (end_id, range_score_id, end_number, score_arrow1, score_arrow2, score_arrow3, score_arrow4, score_arrow5, score_arrow6) values ('4594', '766', '4', '9', '9', '5', '4', '1', '1');
insert into EndScores (end_id, range_score_id, end_number, score_arrow1, score_arrow2, score_arrow3, score_arrow4, score_arrow5, score_arrow6) values ('4595', '766', '5', '5', '5', '4', '3', '3', '0');
insert into EndScores (end_id, range_score_id, end_number, score_arrow1, score_arrow2, score_arrow3, score_arrow4, score_arrow5, score_arrow6) values ('4596', '766', '6', '9', '8', '8', '5', '4', '1');
insert into RangeScores (range_score_id, round_score_id, round_range_id) values ('767', '192', '3');
insert into EndScores (end_id, range_score_id, end_number, score_arrow1, score_arrow2, score_arrow3, score_arrow4, score_arrow5, score_arrow6) values ('4597', '767', '1', '8', '4', '3', '3', '2', '1');
insert into EndScores (end_id, range_score_id, end_number, score_arrow1, score_arrow2, score_arrow3, score_arrow4, score_arrow5, score_arrow6) values ('4598', '767', '2', '9', '8', '6', '5', '1', '0');
insert into EndScores (end_id, range_score_id, end_number, score_arrow1, score_arrow2, score_arrow3, score_arrow4, score_arrow5, score_arrow6) values ('4599', '767', '3', '7', '6', '5', '3', '3', '2');
insert into EndScores (end_id, range_score_id, end_number, score_arrow1, score_arrow2, score_arrow3, score_arrow4, score_arrow5, score_arrow6) values ('4600', '767', '4', '8', '8', '5', '3', '2', '1');
insert into EndScores (end_id, range_score_id, end_number, score_arrow1, score_arrow2, score_arrow3, score_arrow4, score_arrow5, score_arrow6) values ('4601', '767', '5', '7', '5', '5', '3', '3', '2');
insert into EndScores (end_id, range_score_id, end_number, score_arrow1, score_arrow2, score_arrow3, score_arrow4, score_arrow5, score_arrow6) values ('4602', '767', '6', '8', '7', '6', '5', '3', '1');
insert into RangeScores (range_score_id, round_score_id, round_range_id) values ('768', '192', '4');
insert into EndScores (end_id, range_score_id, end_number, score_arrow1, score_arrow2, score_arrow3, score_arrow4, score_arrow5, score_arrow6) values ('4603', '768', '1', '9', '9', '8', '4', '3', '1');
insert into EndScores (end_id, range_score_id, end_number, score_arrow1, score_arrow2, score_arrow3, score_arrow4, score_arrow5, score_arrow6) values ('4604', '768', '2', '9', '8', '5', '5', '2', '1');
insert into EndScores (end_id, range_score_id, end_number, score_arrow1, score_arrow2, score_arrow3, score_arrow4, score_arrow5, score_arrow6) values ('4605', '768', '3', '8', '7', '7', '5', '4', '3');
insert into EndScores (end_id, range_score_id, end_number, score_arrow1, score_arrow2, score_arrow3, score_arrow4, score_arrow5, score_arrow6) values ('4606', '768', '4', '5', '4', '3', '3', '2', '0');
insert into EndScores (end_id, range_score_id, end_number, score_arrow1, score_arrow2, score_arrow3, score_arrow4, score_arrow5, score_arrow6) values ('4607', '768', '5', '9', '3', '2', '2', '0', '0');
insert into EndScores (end_id, range_score_id, end_number, score_arrow1, score_arrow2, score_arrow3, score_arrow4, score_arrow5, score_arrow6) values ('4608', '768', '6', '9', '9', '6', '3', '0', '0');
insert into CompetitionEnrolments (archer_id, competition_id) values ('195', '51');
insert into RoundScores (round_score_id, archer_id, competition_id, round_score_date_time, equipment_id, round_def_id, total_score, category_id) values ('193', '195', '51', '2023-04-23 18:15:50.928', 'B', '5', '697', '51');
insert into RangeScores (range_score_id, round_score_id, round_range_id) values ('769', '193', '17');
insert into EndScores (end_id, range_score_id, end_number, score_arrow1, score_arrow2, score_arrow3, score_arrow4, score_arrow5, score_arrow6) values ('4609', '769', '1', '9', '9', '8', '8', '4', '3');
insert into EndScores (end_id, range_score_id, end_number, score_arrow1, score_arrow2, score_arrow3, score_arrow4, score_arrow5, score_arrow6) values ('4610', '769', '2', '5', '5', '3', '1', '1', '0');
insert into EndScores (end_id, range_score_id, end_number, score_arrow1, score_arrow2, score_arrow3, score_arrow4, score_arrow5, score_arrow6) values ('4611', '769', '3', '9', '8', '5', '3', '2', '2');
insert into EndScores (end_id, range_score_id, end_number, score_arrow1, score_arrow2, score_arrow3, score_arrow4, score_arrow5, score_arrow6) values ('4612', '769', '4', '8', '7', '6', '5', '1', '0');
insert into EndScores (end_id, range_score_id, end_number, score_arrow1, score_arrow2, score_arrow3, score_arrow4, score_arrow5, score_arrow6) values ('4613', '769', '5', '5', '4', '4', '3', '2', '0');
insert into EndScores (end_id, range_score_id, end_number, score_arrow1, score_arrow2, score_arrow3, score_arrow4, score_arrow5, score_arrow6) values ('4614', '769', '6', '6', '5', '4', '2', '1', '1');
insert into RangeScores (range_score_id, round_score_id, round_range_id) values ('770', '193', '18');
insert into EndScores (end_id, range_score_id, end_number, score_arrow1, score_arrow2, score_arrow3, score_arrow4, score_arrow5, score_arrow6) values ('4615', '770', '1', '9', '9', '8', '7', '5', '2');
insert into EndScores (end_id, range_score_id, end_number, score_arrow1, score_arrow2, score_arrow3, score_arrow4, score_arrow5, score_arrow6) values ('4616', '770', '2', '8', '7', '4', '1', '0', '0');
insert into EndScores (end_id, range_score_id, end_number, score_arrow1, score_arrow2, score_arrow3, score_arrow4, score_arrow5, score_arrow6) values ('4617', '770', '3', '9', '9', '8', '6', '5', '1');
insert into EndScores (end_id, range_score_id, end_number, score_arrow1, score_arrow2, score_arrow3, score_arrow4, score_arrow5, score_arrow6) values ('4618', '770', '4', '8', '8', '8', '6', '6', '5');
insert into EndScores (end_id, range_score_id, end_number, score_arrow1, score_arrow2, score_arrow3, score_arrow4, score_arrow5, score_arrow6) values ('4619', '770', '5', '6', '2', '2', '1', '0', '0');
insert into EndScores (end_id, range_score_id, end_number, score_arrow1, score_arrow2, score_arrow3, score_arrow4, score_arrow5, score_arrow6) values ('4620', '770', '6', '9', '8', '8', '7', '5', '0');
insert into RangeScores (range_score_id, round_score_id, round_range_id) values ('771', '193', '19');
insert into EndScores (end_id, range_score_id, end_number, score_arrow1, score_arrow2, score_arrow3, score_arrow4, score_arrow5, score_arrow6) values ('4621', '771', '1', '7', '6', '6', '4', '2', '0');
insert into EndScores (end_id, range_score_id, end_number, score_arrow1, score_arrow2, score_arrow3, score_arrow4, score_arrow5, score_arrow6) values ('4622', '771', '2', '9', '8', '6', '5', '5', '2');
insert into EndScores (end_id, range_score_id, end_number, score_arrow1, score_arrow2, score_arrow3, score_arrow4, score_arrow5, score_arrow6) values ('4623', '771', '3', '8', '6', '5', '4', '3', '2');
insert into EndScores (end_id, range_score_id, end_number, score_arrow1, score_arrow2, score_arrow3, score_arrow4, score_arrow5, score_arrow6) values ('4624', '771', '4', '9', '6', '5', '4', '4', '2');
insert into EndScores (end_id, range_score_id, end_number, score_arrow1, score_arrow2, score_arrow3, score_arrow4, score_arrow5, score_arrow6) values ('4625', '771', '5', '8', '7', '5', '4', '3', '0');
insert into EndScores (end_id, range_score_id, end_number, score_arrow1, score_arrow2, score_arrow3, score_arrow4, score_arrow5, score_arrow6) values ('4626', '771', '6', '9', '8', '3', '2', '2', '2');
insert into RangeScores (range_score_id, round_score_id, round_range_id) values ('772', '193', '20');
insert into EndScores (end_id, range_score_id, end_number, score_arrow1, score_arrow2, score_arrow3, score_arrow4, score_arrow5, score_arrow6) values ('4627', '772', '1', '9', '8', '8', '7', '6', '5');
insert into EndScores (end_id, range_score_id, end_number, score_arrow1, score_arrow2, score_arrow3, score_arrow4, score_arrow5, score_arrow6) values ('4628', '772', '2', '9', '9', '5', '3', '3', '0');
insert into EndScores (end_id, range_score_id, end_number, score_arrow1, score_arrow2, score_arrow3, score_arrow4, score_arrow5, score_arrow6) values ('4629', '772', '3', '8', '7', '4', '2', '2', '2');
insert into EndScores (end_id, range_score_id, end_number, score_arrow1, score_arrow2, score_arrow3, score_arrow4, score_arrow5, score_arrow6) values ('4630', '772', '4', '9', '8', '7', '5', '5', '3');
insert into EndScores (end_id, range_score_id, end_number, score_arrow1, score_arrow2, score_arrow3, score_arrow4, score_arrow5, score_arrow6) values ('4631', '772', '5', '9', '7', '7', '7', '3', '0');
insert into EndScores (end_id, range_score_id, end_number, score_arrow1, score_arrow2, score_arrow3, score_arrow4, score_arrow5, score_arrow6) values ('4632', '772', '6', '8', '5', '3', '3', '3', '1');
insert into CompetitionEnrolments (archer_id, competition_id) values ('196', '31');
insert into RoundScores (round_score_id, archer_id, competition_id, round_score_date_time, equipment_id, round_def_id, total_score, category_id) values ('194', '196', '31', '2023-04-23 16:4:27.277', 'B', '4', '643', '31');
insert into RangeScores (range_score_id, round_score_id, round_range_id) values ('773', '194', '13');
insert into EndScores (end_id, range_score_id, end_number, score_arrow1, score_arrow2, score_arrow3, score_arrow4, score_arrow5, score_arrow6) values ('4633', '773', '1', '9', '6', '5', '5', '4', '1');
insert into EndScores (end_id, range_score_id, end_number, score_arrow1, score_arrow2, score_arrow3, score_arrow4, score_arrow5, score_arrow6) values ('4634', '773', '2', '9', '6', '5', '4', '2', '1');
insert into EndScores (end_id, range_score_id, end_number, score_arrow1, score_arrow2, score_arrow3, score_arrow4, score_arrow5, score_arrow6) values ('4635', '773', '3', '9', '8', '7', '1', '1', '0');
insert into EndScores (end_id, range_score_id, end_number, score_arrow1, score_arrow2, score_arrow3, score_arrow4, score_arrow5, score_arrow6) values ('4636', '773', '4', '8', '3', '2', '1', '0', '0');
insert into EndScores (end_id, range_score_id, end_number, score_arrow1, score_arrow2, score_arrow3, score_arrow4, score_arrow5, score_arrow6) values ('4637', '773', '5', '8', '8', '6', '5', '3', '2');
insert into EndScores (end_id, range_score_id, end_number, score_arrow1, score_arrow2, score_arrow3, score_arrow4, score_arrow5, score_arrow6) values ('4638', '773', '6', '8', '8', '8', '4', '1', '0');
insert into RangeScores (range_score_id, round_score_id, round_range_id) values ('774', '194', '14');
insert into EndScores (end_id, range_score_id, end_number, score_arrow1, score_arrow2, score_arrow3, score_arrow4, score_arrow5, score_arrow6) values ('4639', '774', '1', '9', '8', '8', '6', '6', '0');
insert into EndScores (end_id, range_score_id, end_number, score_arrow1, score_arrow2, score_arrow3, score_arrow4, score_arrow5, score_arrow6) values ('4640', '774', '2', '9', '7', '5', '3', '2', '2');
insert into EndScores (end_id, range_score_id, end_number, score_arrow1, score_arrow2, score_arrow3, score_arrow4, score_arrow5, score_arrow6) values ('4641', '774', '3', '9', '7', '5', '3', '0', '0');
insert into EndScores (end_id, range_score_id, end_number, score_arrow1, score_arrow2, score_arrow3, score_arrow4, score_arrow5, score_arrow6) values ('4642', '774', '4', '9', '8', '5', '3', '2', '1');
insert into EndScores (end_id, range_score_id, end_number, score_arrow1, score_arrow2, score_arrow3, score_arrow4, score_arrow5, score_arrow6) values ('4643', '774', '5', '9', '8', '8', '8', '2', '2');
insert into EndScores (end_id, range_score_id, end_number, score_arrow1, score_arrow2, score_arrow3, score_arrow4, score_arrow5, score_arrow6) values ('4644', '774', '6', '6', '3', '2', '2', '1', '0');
insert into RangeScores (range_score_id, round_score_id, round_range_id) values ('775', '194', '15');
insert into EndScores (end_id, range_score_id, end_number, score_arrow1, score_arrow2, score_arrow3, score_arrow4, score_arrow5, score_arrow6) values ('4645', '775', '1', '7', '5', '5', '1', '1', '1');
insert into EndScores (end_id, range_score_id, end_number, score_arrow1, score_arrow2, score_arrow3, score_arrow4, score_arrow5, score_arrow6) values ('4646', '775', '2', '9', '8', '6', '2', '2', '2');
insert into EndScores (end_id, range_score_id, end_number, score_arrow1, score_arrow2, score_arrow3, score_arrow4, score_arrow5, score_arrow6) values ('4647', '775', '3', '8', '8', '8', '6', '1', '0');
insert into EndScores (end_id, range_score_id, end_number, score_arrow1, score_arrow2, score_arrow3, score_arrow4, score_arrow5, score_arrow6) values ('4648', '775', '4', '8', '4', '4', '3', '3', '2');
insert into EndScores (end_id, range_score_id, end_number, score_arrow1, score_arrow2, score_arrow3, score_arrow4, score_arrow5, score_arrow6) values ('4649', '775', '5', '7', '4', '2', '1', '0', '0');
insert into EndScores (end_id, range_score_id, end_number, score_arrow1, score_arrow2, score_arrow3, score_arrow4, score_arrow5, score_arrow6) values ('4650', '775', '6', '9', '4', '4', '4', '2', '2');
insert into RangeScores (range_score_id, round_score_id, round_range_id) values ('776', '194', '16');
insert into EndScores (end_id, range_score_id, end_number, score_arrow1, score_arrow2, score_arrow3, score_arrow4, score_arrow5, score_arrow6) values ('4651', '776', '1', '9', '7', '7', '5', '1', '0');
insert into EndScores (end_id, range_score_id, end_number, score_arrow1, score_arrow2, score_arrow3, score_arrow4, score_arrow5, score_arrow6) values ('4652', '776', '2', '9', '8', '6', '6', '2', '2');
insert into EndScores (end_id, range_score_id, end_number, score_arrow1, score_arrow2, score_arrow3, score_arrow4, score_arrow5, score_arrow6) values ('4653', '776', '3', '7', '7', '6', '4', '3', '1');
insert into EndScores (end_id, range_score_id, end_number, score_arrow1, score_arrow2, score_arrow3, score_arrow4, score_arrow5, score_arrow6) values ('4654', '776', '4', '9', '8', '5', '4', '4', '2');
insert into EndScores (end_id, range_score_id, end_number, score_arrow1, score_arrow2, score_arrow3, score_arrow4, score_arrow5, score_arrow6) values ('4655', '776', '5', '8', '7', '5', '3', '2', '2');
insert into EndScores (end_id, range_score_id, end_number, score_arrow1, score_arrow2, score_arrow3, score_arrow4, score_arrow5, score_arrow6) values ('4656', '776', '6', '8', '6', '6', '3', '1', '1');
insert into CompetitionEnrolments (archer_id, competition_id) values ('197', '11');
insert into RoundScores (round_score_id, archer_id, competition_id, round_score_date_time, equipment_id, round_def_id, total_score, category_id) values ('195', '197', '11', '2023-04-23 12:39:51.451', 'B', '3', '618', '11');
insert into RangeScores (range_score_id, round_score_id, round_range_id) values ('777', '195', '9');
insert into EndScores (end_id, range_score_id, end_number, score_arrow1, score_arrow2, score_arrow3, score_arrow4, score_arrow5, score_arrow6) values ('4657', '777', '1', '8', '8', '5', '3', '3', '0');
insert into EndScores (end_id, range_score_id, end_number, score_arrow1, score_arrow2, score_arrow3, score_arrow4, score_arrow5, score_arrow6) values ('4658', '777', '2', '9', '8', '6', '2', '1', '1');
insert into EndScores (end_id, range_score_id, end_number, score_arrow1, score_arrow2, score_arrow3, score_arrow4, score_arrow5, score_arrow6) values ('4659', '777', '3', '7', '7', '6', '4', '4', '2');
insert into EndScores (end_id, range_score_id, end_number, score_arrow1, score_arrow2, score_arrow3, score_arrow4, score_arrow5, score_arrow6) values ('4660', '777', '4', '6', '6', '3', '2', '2', '1');
insert into EndScores (end_id, range_score_id, end_number, score_arrow1, score_arrow2, score_arrow3, score_arrow4, score_arrow5, score_arrow6) values ('4661', '777', '5', '9', '8', '7', '6', '3', '2');
insert into EndScores (end_id, range_score_id, end_number, score_arrow1, score_arrow2, score_arrow3, score_arrow4, score_arrow5, score_arrow6) values ('4662', '777', '6', '8', '8', '8', '5', '0', '0');
insert into RangeScores (range_score_id, round_score_id, round_range_id) values ('778', '195', '10');
insert into EndScores (end_id, range_score_id, end_number, score_arrow1, score_arrow2, score_arrow3, score_arrow4, score_arrow5, score_arrow6) values ('4663', '778', '1', '8', '8', '4', '4', '3', '3');
insert into EndScores (end_id, range_score_id, end_number, score_arrow1, score_arrow2, score_arrow3, score_arrow4, score_arrow5, score_arrow6) values ('4664', '778', '2', '6', '5', '5', '4', '3', '0');
insert into EndScores (end_id, range_score_id, end_number, score_arrow1, score_arrow2, score_arrow3, score_arrow4, score_arrow5, score_arrow6) values ('4665', '778', '3', '4', '4', '4', '3', '2', '1');
insert into EndScores (end_id, range_score_id, end_number, score_arrow1, score_arrow2, score_arrow3, score_arrow4, score_arrow5, score_arrow6) values ('4666', '778', '4', '6', '4', '3', '2', '1', '0');
insert into EndScores (end_id, range_score_id, end_number, score_arrow1, score_arrow2, score_arrow3, score_arrow4, score_arrow5, score_arrow6) values ('4667', '778', '5', '8', '6', '3', '3', '2', '1');
insert into EndScores (end_id, range_score_id, end_number, score_arrow1, score_arrow2, score_arrow3, score_arrow4, score_arrow5, score_arrow6) values ('4668', '778', '6', '9', '6', '5', '5', '4', '3');
insert into RangeScores (range_score_id, round_score_id, round_range_id) values ('779', '195', '11');
insert into EndScores (end_id, range_score_id, end_number, score_arrow1, score_arrow2, score_arrow3, score_arrow4, score_arrow5, score_arrow6) values ('4669', '779', '1', '7', '4', '2', '2', '1', '1');
insert into EndScores (end_id, range_score_id, end_number, score_arrow1, score_arrow2, score_arrow3, score_arrow4, score_arrow5, score_arrow6) values ('4670', '779', '2', '8', '7', '7', '6', '6', '0');
insert into EndScores (end_id, range_score_id, end_number, score_arrow1, score_arrow2, score_arrow3, score_arrow4, score_arrow5, score_arrow6) values ('4671', '779', '3', '7', '7', '5', '5', '3', '1');
insert into EndScores (end_id, range_score_id, end_number, score_arrow1, score_arrow2, score_arrow3, score_arrow4, score_arrow5, score_arrow6) values ('4672', '779', '4', '7', '7', '6', '4', '2', '2');
insert into EndScores (end_id, range_score_id, end_number, score_arrow1, score_arrow2, score_arrow3, score_arrow4, score_arrow5, score_arrow6) values ('4673', '779', '5', '7', '6', '5', '3', '2', '0');
insert into EndScores (end_id, range_score_id, end_number, score_arrow1, score_arrow2, score_arrow3, score_arrow4, score_arrow5, score_arrow6) values ('4674', '779', '6', '9', '6', '6', '3', '1', '0');
insert into RangeScores (range_score_id, round_score_id, round_range_id) values ('780', '195', '12');
insert into EndScores (end_id, range_score_id, end_number, score_arrow1, score_arrow2, score_arrow3, score_arrow4, score_arrow5, score_arrow6) values ('4675', '780', '1', '7', '6', '2', '2', '1', '0');
insert into EndScores (end_id, range_score_id, end_number, score_arrow1, score_arrow2, score_arrow3, score_arrow4, score_arrow5, score_arrow6) values ('4676', '780', '2', '8', '6', '4', '2', '2', '1');
insert into EndScores (end_id, range_score_id, end_number, score_arrow1, score_arrow2, score_arrow3, score_arrow4, score_arrow5, score_arrow6) values ('4677', '780', '3', '9', '7', '7', '6', '4', '2');
insert into EndScores (end_id, range_score_id, end_number, score_arrow1, score_arrow2, score_arrow3, score_arrow4, score_arrow5, score_arrow6) values ('4678', '780', '4', '9', '7', '5', '4', '3', '1');
insert into EndScores (end_id, range_score_id, end_number, score_arrow1, score_arrow2, score_arrow3, score_arrow4, score_arrow5, score_arrow6) values ('4679', '780', '5', '7', '6', '6', '6', '4', '2');
insert into EndScores (end_id, range_score_id, end_number, score_arrow1, score_arrow2, score_arrow3, score_arrow4, score_arrow5, score_arrow6) values ('4680', '780', '6', '4', '4', '3', '3', '3', '0');
insert into CompetitionEnrolments (archer_id, competition_id) values ('198', '54');
insert into RoundScores (round_score_id, archer_id, competition_id, round_score_date_time, equipment_id, round_def_id, total_score, category_id) values ('196', '198', '54', '2023-04-23 16:27:24.188', 'C', '4', '614', '54');
insert into RangeScores (range_score_id, round_score_id, round_range_id) values ('781', '196', '13');
insert into EndScores (end_id, range_score_id, end_number, score_arrow1, score_arrow2, score_arrow3, score_arrow4, score_arrow5, score_arrow6) values ('4681', '781', '1', '9', '4', '3', '2', '1', '1');
insert into EndScores (end_id, range_score_id, end_number, score_arrow1, score_arrow2, score_arrow3, score_arrow4, score_arrow5, score_arrow6) values ('4682', '781', '2', '8', '6', '5', '4', '4', '0');
insert into EndScores (end_id, range_score_id, end_number, score_arrow1, score_arrow2, score_arrow3, score_arrow4, score_arrow5, score_arrow6) values ('4683', '781', '3', '9', '7', '6', '5', '4', '2');
insert into EndScores (end_id, range_score_id, end_number, score_arrow1, score_arrow2, score_arrow3, score_arrow4, score_arrow5, score_arrow6) values ('4684', '781', '4', '8', '8', '7', '3', '1', '0');
insert into EndScores (end_id, range_score_id, end_number, score_arrow1, score_arrow2, score_arrow3, score_arrow4, score_arrow5, score_arrow6) values ('4685', '781', '5', '8', '8', '6', '6', '4', '2');
insert into EndScores (end_id, range_score_id, end_number, score_arrow1, score_arrow2, score_arrow3, score_arrow4, score_arrow5, score_arrow6) values ('4686', '781', '6', '7', '7', '6', '4', '4', '3');
insert into RangeScores (range_score_id, round_score_id, round_range_id) values ('782', '196', '14');
insert into EndScores (end_id, range_score_id, end_number, score_arrow1, score_arrow2, score_arrow3, score_arrow4, score_arrow5, score_arrow6) values ('4687', '782', '1', '9', '9', '6', '5', '4', '1');
insert into EndScores (end_id, range_score_id, end_number, score_arrow1, score_arrow2, score_arrow3, score_arrow4, score_arrow5, score_arrow6) values ('4688', '782', '2', '9', '9', '9', '8', '5', '2');
insert into EndScores (end_id, range_score_id, end_number, score_arrow1, score_arrow2, score_arrow3, score_arrow4, score_arrow5, score_arrow6) values ('4689', '782', '3', '9', '9', '8', '7', '3', '1');
insert into EndScores (end_id, range_score_id, end_number, score_arrow1, score_arrow2, score_arrow3, score_arrow4, score_arrow5, score_arrow6) values ('4690', '782', '4', '8', '8', '6', '3', '1', '0');
insert into EndScores (end_id, range_score_id, end_number, score_arrow1, score_arrow2, score_arrow3, score_arrow4, score_arrow5, score_arrow6) values ('4691', '782', '5', '8', '5', '5', '3', '3', '3');
insert into EndScores (end_id, range_score_id, end_number, score_arrow1, score_arrow2, score_arrow3, score_arrow4, score_arrow5, score_arrow6) values ('4692', '782', '6', '9', '7', '4', '2', '1', '0');
insert into RangeScores (range_score_id, round_score_id, round_range_id) values ('783', '196', '15');
insert into EndScores (end_id, range_score_id, end_number, score_arrow1, score_arrow2, score_arrow3, score_arrow4, score_arrow5, score_arrow6) values ('4693', '783', '1', '9', '4', '4', '3', '2', '1');
insert into EndScores (end_id, range_score_id, end_number, score_arrow1, score_arrow2, score_arrow3, score_arrow4, score_arrow5, score_arrow6) values ('4694', '783', '2', '6', '5', '2', '1', '1', '1');
insert into EndScores (end_id, range_score_id, end_number, score_arrow1, score_arrow2, score_arrow3, score_arrow4, score_arrow5, score_arrow6) values ('4695', '783', '3', '7', '6', '3', '2', '2', '2');
insert into EndScores (end_id, range_score_id, end_number, score_arrow1, score_arrow2, score_arrow3, score_arrow4, score_arrow5, score_arrow6) values ('4696', '783', '4', '8', '4', '3', '1', '0', '0');
insert into EndScores (end_id, range_score_id, end_number, score_arrow1, score_arrow2, score_arrow3, score_arrow4, score_arrow5, score_arrow6) values ('4697', '783', '5', '9', '9', '6', '4', '2', '0');
insert into EndScores (end_id, range_score_id, end_number, score_arrow1, score_arrow2, score_arrow3, score_arrow4, score_arrow5, score_arrow6) values ('4698', '783', '6', '7', '5', '3', '3', '1', '0');
insert into RangeScores (range_score_id, round_score_id, round_range_id) values ('784', '196', '16');
insert into EndScores (end_id, range_score_id, end_number, score_arrow1, score_arrow2, score_arrow3, score_arrow4, score_arrow5, score_arrow6) values ('4699', '784', '1', '7', '5', '5', '3', '2', '1');
insert into EndScores (end_id, range_score_id, end_number, score_arrow1, score_arrow2, score_arrow3, score_arrow4, score_arrow5, score_arrow6) values ('4700', '784', '2', '7', '6', '5', '3', '1', '0');
insert into EndScores (end_id, range_score_id, end_number, score_arrow1, score_arrow2, score_arrow3, score_arrow4, score_arrow5, score_arrow6) values ('4701', '784', '3', '4', '4', '3', '1', '0', '0');
insert into EndScores (end_id, range_score_id, end_number, score_arrow1, score_arrow2, score_arrow3, score_arrow4, score_arrow5, score_arrow6) values ('4702', '784', '4', '9', '8', '7', '4', '2', '1');
insert into EndScores (end_id, range_score_id, end_number, score_arrow1, score_arrow2, score_arrow3, score_arrow4, score_arrow5, score_arrow6) values ('4703', '784', '5', '8', '5', '5', '5', '0', '0');
insert into EndScores (end_id, range_score_id, end_number, score_arrow1, score_arrow2, score_arrow3, score_arrow4, score_arrow5, score_arrow6) values ('4704', '784', '6', '8', '4', '3', '1', '0', '0');
insert into CompetitionEnrolments (archer_id, competition_id) values ('199', '61');
insert into RoundScores (round_score_id, archer_id, competition_id, round_score_date_time, equipment_id, round_def_id, total_score, category_id) values ('197', '199', '61', '2023-04-23 17:34:55.791', 'R', '5', '614', '61');
insert into RangeScores (range_score_id, round_score_id, round_range_id) values ('785', '197', '17');
insert into EndScores (end_id, range_score_id, end_number, score_arrow1, score_arrow2, score_arrow3, score_arrow4, score_arrow5, score_arrow6) values ('4705', '785', '1', '8', '5', '4', '3', '1', '0');
insert into EndScores (end_id, range_score_id, end_number, score_arrow1, score_arrow2, score_arrow3, score_arrow4, score_arrow5, score_arrow6) values ('4706', '785', '2', '9', '6', '5', '4', '3', '2');
insert into EndScores (end_id, range_score_id, end_number, score_arrow1, score_arrow2, score_arrow3, score_arrow4, score_arrow5, score_arrow6) values ('4707', '785', '3', '9', '7', '7', '5', '3', '0');
insert into EndScores (end_id, range_score_id, end_number, score_arrow1, score_arrow2, score_arrow3, score_arrow4, score_arrow5, score_arrow6) values ('4708', '785', '4', '7', '7', '7', '6', '4', '1');
insert into EndScores (end_id, range_score_id, end_number, score_arrow1, score_arrow2, score_arrow3, score_arrow4, score_arrow5, score_arrow6) values ('4709', '785', '5', '8', '7', '5', '4', '3', '1');
insert into EndScores (end_id, range_score_id, end_number, score_arrow1, score_arrow2, score_arrow3, score_arrow4, score_arrow5, score_arrow6) values ('4710', '785', '6', '9', '8', '5', '3', '2', '0');
insert into RangeScores (range_score_id, round_score_id, round_range_id) values ('786', '197', '18');
insert into EndScores (end_id, range_score_id, end_number, score_arrow1, score_arrow2, score_arrow3, score_arrow4, score_arrow5, score_arrow6) values ('4711', '786', '1', '8', '5', '5', '3', '3', '2');
insert into EndScores (end_id, range_score_id, end_number, score_arrow1, score_arrow2, score_arrow3, score_arrow4, score_arrow5, score_arrow6) values ('4712', '786', '2', '8', '4', '4', '2', '1', '1');
insert into EndScores (end_id, range_score_id, end_number, score_arrow1, score_arrow2, score_arrow3, score_arrow4, score_arrow5, score_arrow6) values ('4713', '786', '3', '7', '5', '4', '2', '0', '0');
insert into EndScores (end_id, range_score_id, end_number, score_arrow1, score_arrow2, score_arrow3, score_arrow4, score_arrow5, score_arrow6) values ('4714', '786', '4', '9', '6', '3', '1', '1', '0');
insert into EndScores (end_id, range_score_id, end_number, score_arrow1, score_arrow2, score_arrow3, score_arrow4, score_arrow5, score_arrow6) values ('4715', '786', '5', '5', '4', '4', '3', '1', '1');
insert into EndScores (end_id, range_score_id, end_number, score_arrow1, score_arrow2, score_arrow3, score_arrow4, score_arrow5, score_arrow6) values ('4716', '786', '6', '8', '5', '4', '1', '0', '0');
insert into RangeScores (range_score_id, round_score_id, round_range_id) values ('787', '197', '19');
insert into EndScores (end_id, range_score_id, end_number, score_arrow1, score_arrow2, score_arrow3, score_arrow4, score_arrow5, score_arrow6) values ('4717', '787', '1', '9', '9', '3', '3', '2', '0');
insert into EndScores (end_id, range_score_id, end_number, score_arrow1, score_arrow2, score_arrow3, score_arrow4, score_arrow5, score_arrow6) values ('4718', '787', '2', '5', '2', '1', '0', '0', '0');
insert into EndScores (end_id, range_score_id, end_number, score_arrow1, score_arrow2, score_arrow3, score_arrow4, score_arrow5, score_arrow6) values ('4719', '787', '3', '9', '9', '6', '5', '3', '1');
insert into EndScores (end_id, range_score_id, end_number, score_arrow1, score_arrow2, score_arrow3, score_arrow4, score_arrow5, score_arrow6) values ('4720', '787', '4', '8', '7', '7', '7', '5', '4');
insert into EndScores (end_id, range_score_id, end_number, score_arrow1, score_arrow2, score_arrow3, score_arrow4, score_arrow5, score_arrow6) values ('4721', '787', '5', '6', '5', '2', '2', '2', '0');
insert into EndScores (end_id, range_score_id, end_number, score_arrow1, score_arrow2, score_arrow3, score_arrow4, score_arrow5, score_arrow6) values ('4722', '787', '6', '8', '8', '7', '7', '6', '0');
insert into RangeScores (range_score_id, round_score_id, round_range_id) values ('788', '197', '20');
insert into EndScores (end_id, range_score_id, end_number, score_arrow1, score_arrow2, score_arrow3, score_arrow4, score_arrow5, score_arrow6) values ('4723', '788', '1', '8', '6', '5', '5', '4', '3');
insert into EndScores (end_id, range_score_id, end_number, score_arrow1, score_arrow2, score_arrow3, score_arrow4, score_arrow5, score_arrow6) values ('4724', '788', '2', '7', '7', '7', '2', '1', '1');
insert into EndScores (end_id, range_score_id, end_number, score_arrow1, score_arrow2, score_arrow3, score_arrow4, score_arrow5, score_arrow6) values ('4725', '788', '3', '9', '8', '8', '6', '5', '0');
insert into EndScores (end_id, range_score_id, end_number, score_arrow1, score_arrow2, score_arrow3, score_arrow4, score_arrow5, score_arrow6) values ('4726', '788', '4', '9', '8', '7', '6', '4', '2');
insert into EndScores (end_id, range_score_id, end_number, score_arrow1, score_arrow2, score_arrow3, score_arrow4, score_arrow5, score_arrow6) values ('4727', '788', '5', '9', '2', '1', '1', '1', '0');
insert into EndScores (end_id, range_score_id, end_number, score_arrow1, score_arrow2, score_arrow3, score_arrow4, score_arrow5, score_arrow6) values ('4728', '788', '6', '9', '5', '4', '4', '2', '2');
insert into CompetitionEnrolments (archer_id, competition_id) values ('200', '7');
insert into RoundScores (round_score_id, archer_id, competition_id, round_score_date_time, equipment_id, round_def_id, total_score, category_id) values ('198', '200', '7', '2023-04-23 14:33:15.972', 'B', '3', '613', '7');
insert into RangeScores (range_score_id, round_score_id, round_range_id) values ('789', '198', '9');
insert into EndScores (end_id, range_score_id, end_number, score_arrow1, score_arrow2, score_arrow3, score_arrow4, score_arrow5, score_arrow6) values ('4729', '789', '1', '9', '8', '3', '0', '0', '0');
insert into EndScores (end_id, range_score_id, end_number, score_arrow1, score_arrow2, score_arrow3, score_arrow4, score_arrow5, score_arrow6) values ('4730', '789', '2', '9', '7', '6', '6', '4', '2');
insert into EndScores (end_id, range_score_id, end_number, score_arrow1, score_arrow2, score_arrow3, score_arrow4, score_arrow5, score_arrow6) values ('4731', '789', '3', '6', '5', '4', '4', '3', '1');
insert into EndScores (end_id, range_score_id, end_number, score_arrow1, score_arrow2, score_arrow3, score_arrow4, score_arrow5, score_arrow6) values ('4732', '789', '4', '9', '4', '4', '2', '1', '0');
insert into EndScores (end_id, range_score_id, end_number, score_arrow1, score_arrow2, score_arrow3, score_arrow4, score_arrow5, score_arrow6) values ('4733', '789', '5', '9', '8', '4', '3', '2', '2');
insert into EndScores (end_id, range_score_id, end_number, score_arrow1, score_arrow2, score_arrow3, score_arrow4, score_arrow5, score_arrow6) values ('4734', '789', '6', '9', '6', '4', '1', '1', '0');
insert into RangeScores (range_score_id, round_score_id, round_range_id) values ('790', '198', '10');
insert into EndScores (end_id, range_score_id, end_number, score_arrow1, score_arrow2, score_arrow3, score_arrow4, score_arrow5, score_arrow6) values ('4735', '790', '1', '6', '6', '4', '3', '2', '0');
insert into EndScores (end_id, range_score_id, end_number, score_arrow1, score_arrow2, score_arrow3, score_arrow4, score_arrow5, score_arrow6) values ('4736', '790', '2', '8', '7', '6', '3', '2', '1');
insert into EndScores (end_id, range_score_id, end_number, score_arrow1, score_arrow2, score_arrow3, score_arrow4, score_arrow5, score_arrow6) values ('4737', '790', '3', '9', '5', '5', '4', '2', '0');
insert into EndScores (end_id, range_score_id, end_number, score_arrow1, score_arrow2, score_arrow3, score_arrow4, score_arrow5, score_arrow6) values ('4738', '790', '4', '9', '8', '5', '4', '4', '3');
insert into EndScores (end_id, range_score_id, end_number, score_arrow1, score_arrow2, score_arrow3, score_arrow4, score_arrow5, score_arrow6) values ('4739', '790', '5', '8', '6', '6', '3', '2', '2');
insert into EndScores (end_id, range_score_id, end_number, score_arrow1, score_arrow2, score_arrow3, score_arrow4, score_arrow5, score_arrow6) values ('4740', '790', '6', '9', '7', '7', '3', '2', '1');
insert into RangeScores (range_score_id, round_score_id, round_range_id) values ('791', '198', '11');
insert into EndScores (end_id, range_score_id, end_number, score_arrow1, score_arrow2, score_arrow3, score_arrow4, score_arrow5, score_arrow6) values ('4741', '791', '1', '8', '8', '6', '3', '1', '0');
insert into EndScores (end_id, range_score_id, end_number, score_arrow1, score_arrow2, score_arrow3, score_arrow4, score_arrow5, score_arrow6) values ('4742', '791', '2', '9', '5', '5', '2', '2', '0');
insert into EndScores (end_id, range_score_id, end_number, score_arrow1, score_arrow2, score_arrow3, score_arrow4, score_arrow5, score_arrow6) values ('4743', '791', '3', '5', '4', '2', '2', '1', '1');
insert into EndScores (end_id, range_score_id, end_number, score_arrow1, score_arrow2, score_arrow3, score_arrow4, score_arrow5, score_arrow6) values ('4744', '791', '4', '9', '9', '8', '7', '7', '1');
insert into EndScores (end_id, range_score_id, end_number, score_arrow1, score_arrow2, score_arrow3, score_arrow4, score_arrow5, score_arrow6) values ('4745', '791', '5', '9', '6', '5', '4', '4', '4');
insert into EndScores (end_id, range_score_id, end_number, score_arrow1, score_arrow2, score_arrow3, score_arrow4, score_arrow5, score_arrow6) values ('4746', '791', '6', '6', '5', '4', '4', '2', '1');
insert into RangeScores (range_score_id, round_score_id, round_range_id) values ('792', '198', '12');
insert into EndScores (end_id, range_score_id, end_number, score_arrow1, score_arrow2, score_arrow3, score_arrow4, score_arrow5, score_arrow6) values ('4747', '792', '1', '8', '5', '4', '3', '2', '1');
insert into EndScores (end_id, range_score_id, end_number, score_arrow1, score_arrow2, score_arrow3, score_arrow4, score_arrow5, score_arrow6) values ('4748', '792', '2', '9', '3', '3', '2', '1', '1');
insert into EndScores (end_id, range_score_id, end_number, score_arrow1, score_arrow2, score_arrow3, score_arrow4, score_arrow5, score_arrow6) values ('4749', '792', '3', '9', '8', '6', '4', '3', '1');
insert into EndScores (end_id, range_score_id, end_number, score_arrow1, score_arrow2, score_arrow3, score_arrow4, score_arrow5, score_arrow6) values ('4750', '792', '4', '8', '8', '7', '4', '4', '2');
insert into EndScores (end_id, range_score_id, end_number, score_arrow1, score_arrow2, score_arrow3, score_arrow4, score_arrow5, score_arrow6) values ('4751', '792', '5', '9', '3', '2', '2', '2', '0');
insert into EndScores (end_id, range_score_id, end_number, score_arrow1, score_arrow2, score_arrow3, score_arrow4, score_arrow5, score_arrow6) values ('4752', '792', '6', '9', '6', '3', '2', '1', '1');
insert into CompetitionEnrolments (archer_id, competition_id) values ('201', '28');
insert into RoundScores (round_score_id, archer_id, competition_id, round_score_date_time, equipment_id, round_def_id, total_score, category_id) values ('199', '201', '28', '2023-04-23 17:48:20.325', 'L', '4', '636', '28');
insert into RangeScores (range_score_id, round_score_id, round_range_id) values ('793', '199', '13');
insert into EndScores (end_id, range_score_id, end_number, score_arrow1, score_arrow2, score_arrow3, score_arrow4, score_arrow5, score_arrow6) values ('4753', '793', '1', '9', '6', '5', '3', '2', '1');
insert into EndScores (end_id, range_score_id, end_number, score_arrow1, score_arrow2, score_arrow3, score_arrow4, score_arrow5, score_arrow6) values ('4754', '793', '2', '9', '6', '6', '4', '3', '1');
insert into EndScores (end_id, range_score_id, end_number, score_arrow1, score_arrow2, score_arrow3, score_arrow4, score_arrow5, score_arrow6) values ('4755', '793', '3', '7', '4', '3', '2', '2', '1');
insert into EndScores (end_id, range_score_id, end_number, score_arrow1, score_arrow2, score_arrow3, score_arrow4, score_arrow5, score_arrow6) values ('4756', '793', '4', '7', '7', '5', '5', '2', '1');
insert into EndScores (end_id, range_score_id, end_number, score_arrow1, score_arrow2, score_arrow3, score_arrow4, score_arrow5, score_arrow6) values ('4757', '793', '5', '9', '8', '5', '2', '1', '0');
insert into EndScores (end_id, range_score_id, end_number, score_arrow1, score_arrow2, score_arrow3, score_arrow4, score_arrow5, score_arrow6) values ('4758', '793', '6', '6', '5', '4', '4', '2', '0');
insert into RangeScores (range_score_id, round_score_id, round_range_id) values ('794', '199', '14');
insert into EndScores (end_id, range_score_id, end_number, score_arrow1, score_arrow2, score_arrow3, score_arrow4, score_arrow5, score_arrow6) values ('4759', '794', '1', '8', '7', '6', '6', '3', '1');
insert into EndScores (end_id, range_score_id, end_number, score_arrow1, score_arrow2, score_arrow3, score_arrow4, score_arrow5, score_arrow6) values ('4760', '794', '2', '9', '7', '6', '5', '3', '2');
insert into EndScores (end_id, range_score_id, end_number, score_arrow1, score_arrow2, score_arrow3, score_arrow4, score_arrow5, score_arrow6) values ('4761', '794', '3', '9', '9', '5', '2', '0', '0');
insert into EndScores (end_id, range_score_id, end_number, score_arrow1, score_arrow2, score_arrow3, score_arrow4, score_arrow5, score_arrow6) values ('4762', '794', '4', '7', '7', '4', '4', '3', '2');
insert into EndScores (end_id, range_score_id, end_number, score_arrow1, score_arrow2, score_arrow3, score_arrow4, score_arrow5, score_arrow6) values ('4763', '794', '5', '9', '7', '6', '5', '3', '3');
insert into EndScores (end_id, range_score_id, end_number, score_arrow1, score_arrow2, score_arrow3, score_arrow4, score_arrow5, score_arrow6) values ('4764', '794', '6', '5', '4', '4', '3', '1', '1');
insert into RangeScores (range_score_id, round_score_id, round_range_id) values ('795', '199', '15');
insert into EndScores (end_id, range_score_id, end_number, score_arrow1, score_arrow2, score_arrow3, score_arrow4, score_arrow5, score_arrow6) values ('4765', '795', '1', '9', '7', '7', '2', '2', '2');
insert into EndScores (end_id, range_score_id, end_number, score_arrow1, score_arrow2, score_arrow3, score_arrow4, score_arrow5, score_arrow6) values ('4766', '795', '2', '9', '8', '8', '5', '4', '1');
insert into EndScores (end_id, range_score_id, end_number, score_arrow1, score_arrow2, score_arrow3, score_arrow4, score_arrow5, score_arrow6) values ('4767', '795', '3', '9', '7', '4', '3', '3', '1');
insert into EndScores (end_id, range_score_id, end_number, score_arrow1, score_arrow2, score_arrow3, score_arrow4, score_arrow5, score_arrow6) values ('4768', '795', '4', '8', '8', '5', '3', '2', '2');
insert into EndScores (end_id, range_score_id, end_number, score_arrow1, score_arrow2, score_arrow3, score_arrow4, score_arrow5, score_arrow6) values ('4769', '795', '5', '9', '9', '8', '7', '3', '3');
insert into EndScores (end_id, range_score_id, end_number, score_arrow1, score_arrow2, score_arrow3, score_arrow4, score_arrow5, score_arrow6) values ('4770', '795', '6', '7', '6', '5', '3', '2', '0');
insert into RangeScores (range_score_id, round_score_id, round_range_id) values ('796', '199', '16');
insert into EndScores (end_id, range_score_id, end_number, score_arrow1, score_arrow2, score_arrow3, score_arrow4, score_arrow5, score_arrow6) values ('4771', '796', '1', '7', '6', '5', '4', '2', '0');
insert into EndScores (end_id, range_score_id, end_number, score_arrow1, score_arrow2, score_arrow3, score_arrow4, score_arrow5, score_arrow6) values ('4772', '796', '2', '9', '7', '2', '2', '2', '1');
insert into EndScores (end_id, range_score_id, end_number, score_arrow1, score_arrow2, score_arrow3, score_arrow4, score_arrow5, score_arrow6) values ('4773', '796', '3', '9', '8', '3', '2', '1', '0');
insert into EndScores (end_id, range_score_id, end_number, score_arrow1, score_arrow2, score_arrow3, score_arrow4, score_arrow5, score_arrow6) values ('4774', '796', '4', '9', '6', '5', '2', '2', '0');
insert into EndScores (end_id, range_score_id, end_number, score_arrow1, score_arrow2, score_arrow3, score_arrow4, score_arrow5, score_arrow6) values ('4775', '796', '5', '7', '5', '1', '1', '0', '0');
insert into EndScores (end_id, range_score_id, end_number, score_arrow1, score_arrow2, score_arrow3, score_arrow4, score_arrow5, score_arrow6) values ('4776', '796', '6', '9', '8', '7', '5', '4', '1');
insert into CompetitionEnrolments (archer_id, competition_id) values ('202', '15');
insert into RoundScores (round_score_id, archer_id, competition_id, round_score_date_time, equipment_id, round_def_id, total_score, category_id) values ('200', '202', '15', '2023-04-23 10:4:31.973', 'B', '3', '585', '15');
insert into RangeScores (range_score_id, round_score_id, round_range_id) values ('797', '200', '9');
insert into EndScores (end_id, range_score_id, end_number, score_arrow1, score_arrow2, score_arrow3, score_arrow4, score_arrow5, score_arrow6) values ('4777', '797', '1', '7', '7', '7', '4', '2', '1');
insert into EndScores (end_id, range_score_id, end_number, score_arrow1, score_arrow2, score_arrow3, score_arrow4, score_arrow5, score_arrow6) values ('4778', '797', '2', '9', '8', '7', '5', '1', '1');
insert into EndScores (end_id, range_score_id, end_number, score_arrow1, score_arrow2, score_arrow3, score_arrow4, score_arrow5, score_arrow6) values ('4779', '797', '3', '7', '3', '3', '2', '2', '0');
insert into EndScores (end_id, range_score_id, end_number, score_arrow1, score_arrow2, score_arrow3, score_arrow4, score_arrow5, score_arrow6) values ('4780', '797', '4', '8', '7', '5', '5', '1', '0');
insert into EndScores (end_id, range_score_id, end_number, score_arrow1, score_arrow2, score_arrow3, score_arrow4, score_arrow5, score_arrow6) values ('4781', '797', '5', '8', '6', '6', '2', '1', '0');
insert into EndScores (end_id, range_score_id, end_number, score_arrow1, score_arrow2, score_arrow3, score_arrow4, score_arrow5, score_arrow6) values ('4782', '797', '6', '8', '8', '8', '2', '2', '1');
insert into RangeScores (range_score_id, round_score_id, round_range_id) values ('798', '200', '10');
insert into EndScores (end_id, range_score_id, end_number, score_arrow1, score_arrow2, score_arrow3, score_arrow4, score_arrow5, score_arrow6) values ('4783', '798', '1', '9', '3', '2', '1', '1', '0');
insert into EndScores (end_id, range_score_id, end_number, score_arrow1, score_arrow2, score_arrow3, score_arrow4, score_arrow5, score_arrow6) values ('4784', '798', '2', '9', '8', '5', '3', '3', '0');
insert into EndScores (end_id, range_score_id, end_number, score_arrow1, score_arrow2, score_arrow3, score_arrow4, score_arrow5, score_arrow6) values ('4785', '798', '3', '4', '3', '2', '2', '0', '0');
insert into EndScores (end_id, range_score_id, end_number, score_arrow1, score_arrow2, score_arrow3, score_arrow4, score_arrow5, score_arrow6) values ('4786', '798', '4', '9', '6', '5', '5', '2', '0');
insert into EndScores (end_id, range_score_id, end_number, score_arrow1, score_arrow2, score_arrow3, score_arrow4, score_arrow5, score_arrow6) values ('4787', '798', '5', '7', '6', '4', '2', '1', '0');
insert into EndScores (end_id, range_score_id, end_number, score_arrow1, score_arrow2, score_arrow3, score_arrow4, score_arrow5, score_arrow6) values ('4788', '798', '6', '7', '6', '4', '3', '2', '0');
insert into RangeScores (range_score_id, round_score_id, round_range_id) values ('799', '200', '11');
insert into EndScores (end_id, range_score_id, end_number, score_arrow1, score_arrow2, score_arrow3, score_arrow4, score_arrow5, score_arrow6) values ('4789', '799', '1', '7', '7', '6', '3', '2', '1');
insert into EndScores (end_id, range_score_id, end_number, score_arrow1, score_arrow2, score_arrow3, score_arrow4, score_arrow5, score_arrow6) values ('4790', '799', '2', '7', '7', '5', '3', '3', '2');
insert into EndScores (end_id, range_score_id, end_number, score_arrow1, score_arrow2, score_arrow3, score_arrow4, score_arrow5, score_arrow6) values ('4791', '799', '3', '5', '4', '4', '1', '0', '0');
insert into EndScores (end_id, range_score_id, end_number, score_arrow1, score_arrow2, score_arrow3, score_arrow4, score_arrow5, score_arrow6) values ('4792', '799', '4', '9', '8', '7', '6', '1', '1');
insert into EndScores (end_id, range_score_id, end_number, score_arrow1, score_arrow2, score_arrow3, score_arrow4, score_arrow5, score_arrow6) values ('4793', '799', '5', '9', '7', '4', '3', '2', '2');
insert into EndScores (end_id, range_score_id, end_number, score_arrow1, score_arrow2, score_arrow3, score_arrow4, score_arrow5, score_arrow6) values ('4794', '799', '6', '9', '7', '7', '5', '4', '1');
insert into RangeScores (range_score_id, round_score_id, round_range_id) values ('800', '200', '12');
insert into EndScores (end_id, range_score_id, end_number, score_arrow1, score_arrow2, score_arrow3, score_arrow4, score_arrow5, score_arrow6) values ('4795', '800', '1', '9', '5', '4', '2', '1', '0');
insert into EndScores (end_id, range_score_id, end_number, score_arrow1, score_arrow2, score_arrow3, score_arrow4, score_arrow5, score_arrow6) values ('4796', '800', '2', '5', '4', '4', '3', '2', '0');
insert into EndScores (end_id, range_score_id, end_number, score_arrow1, score_arrow2, score_arrow3, score_arrow4, score_arrow5, score_arrow6) values ('4797', '800', '3', '9', '8', '4', '4', '2', '2');
insert into EndScores (end_id, range_score_id, end_number, score_arrow1, score_arrow2, score_arrow3, score_arrow4, score_arrow5, score_arrow6) values ('4798', '800', '4', '8', '5', '3', '3', '1', '0');
insert into EndScores (end_id, range_score_id, end_number, score_arrow1, score_arrow2, score_arrow3, score_arrow4, score_arrow5, score_arrow6) values ('4799', '800', '5', '9', '6', '4', '2', '0', '0');
insert into EndScores (end_id, range_score_id, end_number, score_arrow1, score_arrow2, score_arrow3, score_arrow4, score_arrow5, score_arrow6) values ('4800', '800', '6', '9', '8', '8', '7', '5', '2');
insert into CompetitionEnrolments (archer_id, competition_id) values ('203', '25');
insert into RoundScores (round_score_id, archer_id, competition_id, round_score_date_time, equipment_id, round_def_id, total_score, category_id) values ('201', '203', '25', '2023-04-23 12:54:2.559', 'R', '3', '646', '25');
insert into RangeScores (range_score_id, round_score_id, round_range_id) values ('801', '201', '9');
insert into EndScores (end_id, range_score_id, end_number, score_arrow1, score_arrow2, score_arrow3, score_arrow4, score_arrow5, score_arrow6) values ('4801', '801', '1', '9', '8', '7', '6', '4', '3');
insert into EndScores (end_id, range_score_id, end_number, score_arrow1, score_arrow2, score_arrow3, score_arrow4, score_arrow5, score_arrow6) values ('4802', '801', '2', '8', '8', '5', '4', '3', '1');
insert into EndScores (end_id, range_score_id, end_number, score_arrow1, score_arrow2, score_arrow3, score_arrow4, score_arrow5, score_arrow6) values ('4803', '801', '3', '7', '5', '4', '2', '2', '1');
insert into EndScores (end_id, range_score_id, end_number, score_arrow1, score_arrow2, score_arrow3, score_arrow4, score_arrow5, score_arrow6) values ('4804', '801', '4', '8', '7', '4', '3', '3', '0');
insert into EndScores (end_id, range_score_id, end_number, score_arrow1, score_arrow2, score_arrow3, score_arrow4, score_arrow5, score_arrow6) values ('4805', '801', '5', '9', '8', '6', '4', '2', '2');
insert into EndScores (end_id, range_score_id, end_number, score_arrow1, score_arrow2, score_arrow3, score_arrow4, score_arrow5, score_arrow6) values ('4806', '801', '6', '8', '7', '6', '2', '0', '0');
insert into RangeScores (range_score_id, round_score_id, round_range_id) values ('802', '201', '10');
insert into EndScores (end_id, range_score_id, end_number, score_arrow1, score_arrow2, score_arrow3, score_arrow4, score_arrow5, score_arrow6) values ('4807', '802', '1', '9', '5', '5', '3', '1', '0');
insert into EndScores (end_id, range_score_id, end_number, score_arrow1, score_arrow2, score_arrow3, score_arrow4, score_arrow5, score_arrow6) values ('4808', '802', '2', '7', '3', '3', '2', '2', '1');
insert into EndScores (end_id, range_score_id, end_number, score_arrow1, score_arrow2, score_arrow3, score_arrow4, score_arrow5, score_arrow6) values ('4809', '802', '3', '9', '7', '5', '3', '2', '0');
insert into EndScores (end_id, range_score_id, end_number, score_arrow1, score_arrow2, score_arrow3, score_arrow4, score_arrow5, score_arrow6) values ('4810', '802', '4', '9', '7', '7', '2', '0', '0');
insert into EndScores (end_id, range_score_id, end_number, score_arrow1, score_arrow2, score_arrow3, score_arrow4, score_arrow5, score_arrow6) values ('4811', '802', '5', '7', '6', '5', '3', '3', '2');
insert into EndScores (end_id, range_score_id, end_number, score_arrow1, score_arrow2, score_arrow3, score_arrow4, score_arrow5, score_arrow6) values ('4812', '802', '6', '8', '7', '7', '4', '3', '2');
insert into RangeScores (range_score_id, round_score_id, round_range_id) values ('803', '201', '11');
insert into EndScores (end_id, range_score_id, end_number, score_arrow1, score_arrow2, score_arrow3, score_arrow4, score_arrow5, score_arrow6) values ('4813', '803', '1', '9', '8', '5', '4', '2', '1');
insert into EndScores (end_id, range_score_id, end_number, score_arrow1, score_arrow2, score_arrow3, score_arrow4, score_arrow5, score_arrow6) values ('4814', '803', '2', '8', '6', '4', '3', '1', '0');
insert into EndScores (end_id, range_score_id, end_number, score_arrow1, score_arrow2, score_arrow3, score_arrow4, score_arrow5, score_arrow6) values ('4815', '803', '3', '8', '6', '4', '4', '1', '0');
insert into EndScores (end_id, range_score_id, end_number, score_arrow1, score_arrow2, score_arrow3, score_arrow4, score_arrow5, score_arrow6) values ('4816', '803', '4', '9', '5', '4', '4', '4', '0');
insert into EndScores (end_id, range_score_id, end_number, score_arrow1, score_arrow2, score_arrow3, score_arrow4, score_arrow5, score_arrow6) values ('4817', '803', '5', '9', '7', '7', '4', '2', '2');
insert into EndScores (end_id, range_score_id, end_number, score_arrow1, score_arrow2, score_arrow3, score_arrow4, score_arrow5, score_arrow6) values ('4818', '803', '6', '7', '7', '7', '5', '5', '3');
insert into RangeScores (range_score_id, round_score_id, round_range_id) values ('804', '201', '12');
insert into EndScores (end_id, range_score_id, end_number, score_arrow1, score_arrow2, score_arrow3, score_arrow4, score_arrow5, score_arrow6) values ('4819', '804', '1', '6', '6', '6', '4', '4', '4');
insert into EndScores (end_id, range_score_id, end_number, score_arrow1, score_arrow2, score_arrow3, score_arrow4, score_arrow5, score_arrow6) values ('4820', '804', '2', '9', '8', '5', '4', '2', '1');
insert into EndScores (end_id, range_score_id, end_number, score_arrow1, score_arrow2, score_arrow3, score_arrow4, score_arrow5, score_arrow6) values ('4821', '804', '3', '7', '3', '3', '3', '2', '1');
insert into EndScores (end_id, range_score_id, end_number, score_arrow1, score_arrow2, score_arrow3, score_arrow4, score_arrow5, score_arrow6) values ('4822', '804', '4', '8', '6', '4', '4', '3', '2');
insert into EndScores (end_id, range_score_id, end_number, score_arrow1, score_arrow2, score_arrow3, score_arrow4, score_arrow5, score_arrow6) values ('4823', '804', '5', '7', '6', '4', '4', '4', '1');
insert into EndScores (end_id, range_score_id, end_number, score_arrow1, score_arrow2, score_arrow3, score_arrow4, score_arrow5, score_arrow6) values ('4824', '804', '6', '9', '9', '7', '7', '3', '0');
insert into CompetitionEnrolments (archer_id, competition_id) values ('204', '24');
insert into RoundScores (round_score_id, archer_id, competition_id, round_score_date_time, equipment_id, round_def_id, total_score, category_id) values ('202', '204', '24', '2023-04-23 17:36:2.662', 'L', '4', '699', '24');
insert into RangeScores (range_score_id, round_score_id, round_range_id) values ('805', '202', '13');
insert into EndScores (end_id, range_score_id, end_number, score_arrow1, score_arrow2, score_arrow3, score_arrow4, score_arrow5, score_arrow6) values ('4825', '805', '1', '9', '8', '8', '4', '2', '1');
insert into EndScores (end_id, range_score_id, end_number, score_arrow1, score_arrow2, score_arrow3, score_arrow4, score_arrow5, score_arrow6) values ('4826', '805', '2', '8', '5', '4', '4', '1', '1');
insert into EndScores (end_id, range_score_id, end_number, score_arrow1, score_arrow2, score_arrow3, score_arrow4, score_arrow5, score_arrow6) values ('4827', '805', '3', '8', '7', '6', '4', '1', '1');
insert into EndScores (end_id, range_score_id, end_number, score_arrow1, score_arrow2, score_arrow3, score_arrow4, score_arrow5, score_arrow6) values ('4828', '805', '4', '8', '6', '4', '2', '2', '1');
insert into EndScores (end_id, range_score_id, end_number, score_arrow1, score_arrow2, score_arrow3, score_arrow4, score_arrow5, score_arrow6) values ('4829', '805', '5', '6', '5', '4', '4', '3', '1');
insert into EndScores (end_id, range_score_id, end_number, score_arrow1, score_arrow2, score_arrow3, score_arrow4, score_arrow5, score_arrow6) values ('4830', '805', '6', '9', '9', '8', '7', '6', '0');
insert into RangeScores (range_score_id, round_score_id, round_range_id) values ('806', '202', '14');
insert into EndScores (end_id, range_score_id, end_number, score_arrow1, score_arrow2, score_arrow3, score_arrow4, score_arrow5, score_arrow6) values ('4831', '806', '1', '9', '9', '8', '7', '6', '0');
insert into EndScores (end_id, range_score_id, end_number, score_arrow1, score_arrow2, score_arrow3, score_arrow4, score_arrow5, score_arrow6) values ('4832', '806', '2', '9', '5', '4', '3', '2', '1');
insert into EndScores (end_id, range_score_id, end_number, score_arrow1, score_arrow2, score_arrow3, score_arrow4, score_arrow5, score_arrow6) values ('4833', '806', '3', '9', '6', '6', '5', '1', '0');
insert into EndScores (end_id, range_score_id, end_number, score_arrow1, score_arrow2, score_arrow3, score_arrow4, score_arrow5, score_arrow6) values ('4834', '806', '4', '9', '8', '7', '6', '2', '1');
insert into EndScores (end_id, range_score_id, end_number, score_arrow1, score_arrow2, score_arrow3, score_arrow4, score_arrow5, score_arrow6) values ('4835', '806', '5', '9', '8', '8', '4', '4', '2');
insert into EndScores (end_id, range_score_id, end_number, score_arrow1, score_arrow2, score_arrow3, score_arrow4, score_arrow5, score_arrow6) values ('4836', '806', '6', '8', '7', '7', '4', '2', '0');
insert into RangeScores (range_score_id, round_score_id, round_range_id) values ('807', '202', '15');
insert into EndScores (end_id, range_score_id, end_number, score_arrow1, score_arrow2, score_arrow3, score_arrow4, score_arrow5, score_arrow6) values ('4837', '807', '1', '9', '7', '7', '4', '3', '2');
insert into EndScores (end_id, range_score_id, end_number, score_arrow1, score_arrow2, score_arrow3, score_arrow4, score_arrow5, score_arrow6) values ('4838', '807', '2', '9', '9', '9', '7', '7', '2');
insert into EndScores (end_id, range_score_id, end_number, score_arrow1, score_arrow2, score_arrow3, score_arrow4, score_arrow5, score_arrow6) values ('4839', '807', '3', '9', '3', '2', '1', '0', '0');
insert into EndScores (end_id, range_score_id, end_number, score_arrow1, score_arrow2, score_arrow3, score_arrow4, score_arrow5, score_arrow6) values ('4840', '807', '4', '8', '7', '7', '4', '4', '0');
insert into EndScores (end_id, range_score_id, end_number, score_arrow1, score_arrow2, score_arrow3, score_arrow4, score_arrow5, score_arrow6) values ('4841', '807', '5', '9', '6', '5', '3', '3', '0');
insert into EndScores (end_id, range_score_id, end_number, score_arrow1, score_arrow2, score_arrow3, score_arrow4, score_arrow5, score_arrow6) values ('4842', '807', '6', '9', '9', '6', '6', '4', '2');
insert into RangeScores (range_score_id, round_score_id, round_range_id) values ('808', '202', '16');
insert into EndScores (end_id, range_score_id, end_number, score_arrow1, score_arrow2, score_arrow3, score_arrow4, score_arrow5, score_arrow6) values ('4843', '808', '1', '9', '9', '7', '5', '3', '3');
insert into EndScores (end_id, range_score_id, end_number, score_arrow1, score_arrow2, score_arrow3, score_arrow4, score_arrow5, score_arrow6) values ('4844', '808', '2', '9', '6', '5', '5', '3', '3');
insert into EndScores (end_id, range_score_id, end_number, score_arrow1, score_arrow2, score_arrow3, score_arrow4, score_arrow5, score_arrow6) values ('4845', '808', '3', '8', '8', '3', '3', '0', '0');
insert into EndScores (end_id, range_score_id, end_number, score_arrow1, score_arrow2, score_arrow3, score_arrow4, score_arrow5, score_arrow6) values ('4846', '808', '4', '9', '7', '5', '4', '1', '0');
insert into EndScores (end_id, range_score_id, end_number, score_arrow1, score_arrow2, score_arrow3, score_arrow4, score_arrow5, score_arrow6) values ('4847', '808', '5', '7', '6', '2', '2', '2', '1');
insert into EndScores (end_id, range_score_id, end_number, score_arrow1, score_arrow2, score_arrow3, score_arrow4, score_arrow5, score_arrow6) values ('4848', '808', '6', '9', '8', '5', '3', '2', '2');
insert into CompetitionEnrolments (archer_id, competition_id) values ('205', '8');
insert into RoundScores (round_score_id, archer_id, competition_id, round_score_date_time, equipment_id, round_def_id, total_score, category_id) values ('203', '205', '8', '2023-04-23 12:4:18.753', 'L', '4', '679', '8');
insert into RangeScores (range_score_id, round_score_id, round_range_id) values ('809', '203', '13');
insert into EndScores (end_id, range_score_id, end_number, score_arrow1, score_arrow2, score_arrow3, score_arrow4, score_arrow5, score_arrow6) values ('4849', '809', '1', '9', '9', '8', '7', '4', '2');
insert into EndScores (end_id, range_score_id, end_number, score_arrow1, score_arrow2, score_arrow3, score_arrow4, score_arrow5, score_arrow6) values ('4850', '809', '2', '6', '6', '5', '3', '2', '0');
insert into EndScores (end_id, range_score_id, end_number, score_arrow1, score_arrow2, score_arrow3, score_arrow4, score_arrow5, score_arrow6) values ('4851', '809', '3', '8', '6', '3', '2', '1', '1');
insert into EndScores (end_id, range_score_id, end_number, score_arrow1, score_arrow2, score_arrow3, score_arrow4, score_arrow5, score_arrow6) values ('4852', '809', '4', '8', '4', '3', '3', '3', '2');
insert into EndScores (end_id, range_score_id, end_number, score_arrow1, score_arrow2, score_arrow3, score_arrow4, score_arrow5, score_arrow6) values ('4853', '809', '5', '9', '6', '5', '3', '2', '2');
insert into EndScores (end_id, range_score_id, end_number, score_arrow1, score_arrow2, score_arrow3, score_arrow4, score_arrow5, score_arrow6) values ('4854', '809', '6', '9', '6', '5', '5', '4', '1');
insert into RangeScores (range_score_id, round_score_id, round_range_id) values ('810', '203', '14');
insert into EndScores (end_id, range_score_id, end_number, score_arrow1, score_arrow2, score_arrow3, score_arrow4, score_arrow5, score_arrow6) values ('4855', '810', '1', '9', '5', '4', '2', '1', '0');
insert into EndScores (end_id, range_score_id, end_number, score_arrow1, score_arrow2, score_arrow3, score_arrow4, score_arrow5, score_arrow6) values ('4856', '810', '2', '9', '8', '7', '5', '5', '5');
insert into EndScores (end_id, range_score_id, end_number, score_arrow1, score_arrow2, score_arrow3, score_arrow4, score_arrow5, score_arrow6) values ('4857', '810', '3', '6', '5', '2', '2', '2', '1');
insert into EndScores (end_id, range_score_id, end_number, score_arrow1, score_arrow2, score_arrow3, score_arrow4, score_arrow5, score_arrow6) values ('4858', '810', '4', '9', '8', '6', '1', '1', '0');
insert into EndScores (end_id, range_score_id, end_number, score_arrow1, score_arrow2, score_arrow3, score_arrow4, score_arrow5, score_arrow6) values ('4859', '810', '5', '6', '5', '5', '2', '0', '0');
insert into EndScores (end_id, range_score_id, end_number, score_arrow1, score_arrow2, score_arrow3, score_arrow4, score_arrow5, score_arrow6) values ('4860', '810', '6', '8', '8', '6', '4', '3', '0');
insert into RangeScores (range_score_id, round_score_id, round_range_id) values ('811', '203', '15');
insert into EndScores (end_id, range_score_id, end_number, score_arrow1, score_arrow2, score_arrow3, score_arrow4, score_arrow5, score_arrow6) values ('4861', '811', '1', '9', '8', '8', '7', '2', '1');
insert into EndScores (end_id, range_score_id, end_number, score_arrow1, score_arrow2, score_arrow3, score_arrow4, score_arrow5, score_arrow6) values ('4862', '811', '2', '9', '9', '8', '8', '4', '4');
insert into EndScores (end_id, range_score_id, end_number, score_arrow1, score_arrow2, score_arrow3, score_arrow4, score_arrow5, score_arrow6) values ('4863', '811', '3', '9', '9', '8', '6', '4', '3');
insert into EndScores (end_id, range_score_id, end_number, score_arrow1, score_arrow2, score_arrow3, score_arrow4, score_arrow5, score_arrow6) values ('4864', '811', '4', '9', '9', '7', '6', '4', '3');
insert into EndScores (end_id, range_score_id, end_number, score_arrow1, score_arrow2, score_arrow3, score_arrow4, score_arrow5, score_arrow6) values ('4865', '811', '5', '8', '7', '5', '3', '2', '0');
insert into EndScores (end_id, range_score_id, end_number, score_arrow1, score_arrow2, score_arrow3, score_arrow4, score_arrow5, score_arrow6) values ('4866', '811', '6', '8', '8', '7', '4', '3', '0');
insert into RangeScores (range_score_id, round_score_id, round_range_id) values ('812', '203', '16');
insert into EndScores (end_id, range_score_id, end_number, score_arrow1, score_arrow2, score_arrow3, score_arrow4, score_arrow5, score_arrow6) values ('4867', '812', '1', '7', '7', '4', '4', '4', '4');
insert into EndScores (end_id, range_score_id, end_number, score_arrow1, score_arrow2, score_arrow3, score_arrow4, score_arrow5, score_arrow6) values ('4868', '812', '2', '8', '7', '6', '4', '3', '2');
insert into EndScores (end_id, range_score_id, end_number, score_arrow1, score_arrow2, score_arrow3, score_arrow4, score_arrow5, score_arrow6) values ('4869', '812', '3', '8', '8', '8', '7', '1', '0');
insert into EndScores (end_id, range_score_id, end_number, score_arrow1, score_arrow2, score_arrow3, score_arrow4, score_arrow5, score_arrow6) values ('4870', '812', '4', '8', '7', '5', '3', '2', '1');
insert into EndScores (end_id, range_score_id, end_number, score_arrow1, score_arrow2, score_arrow3, score_arrow4, score_arrow5, score_arrow6) values ('4871', '812', '5', '7', '5', '3', '2', '1', '1');
insert into EndScores (end_id, range_score_id, end_number, score_arrow1, score_arrow2, score_arrow3, score_arrow4, score_arrow5, score_arrow6) values ('4872', '812', '6', '7', '6', '4', '3', '1', '0');
insert into CompetitionEnrolments (archer_id, competition_id) values ('206', '7');
insert into RoundScores (round_score_id, archer_id, competition_id, round_score_date_time, equipment_id, round_def_id, total_score, category_id) values ('204', '206', '7', '2023-04-23 14:19:26.459', 'B', '3', '619', '7');
insert into RangeScores (range_score_id, round_score_id, round_range_id) values ('813', '204', '9');
insert into EndScores (end_id, range_score_id, end_number, score_arrow1, score_arrow2, score_arrow3, score_arrow4, score_arrow5, score_arrow6) values ('4873', '813', '1', '9', '9', '6', '5', '3', '1');
insert into EndScores (end_id, range_score_id, end_number, score_arrow1, score_arrow2, score_arrow3, score_arrow4, score_arrow5, score_arrow6) values ('4874', '813', '2', '7', '5', '3', '2', '2', '1');
insert into EndScores (end_id, range_score_id, end_number, score_arrow1, score_arrow2, score_arrow3, score_arrow4, score_arrow5, score_arrow6) values ('4875', '813', '3', '8', '6', '6', '2', '1', '1');
insert into EndScores (end_id, range_score_id, end_number, score_arrow1, score_arrow2, score_arrow3, score_arrow4, score_arrow5, score_arrow6) values ('4876', '813', '4', '8', '6', '2', '2', '1', '0');
insert into EndScores (end_id, range_score_id, end_number, score_arrow1, score_arrow2, score_arrow3, score_arrow4, score_arrow5, score_arrow6) values ('4877', '813', '5', '7', '7', '5', '4', '3', '3');
insert into EndScores (end_id, range_score_id, end_number, score_arrow1, score_arrow2, score_arrow3, score_arrow4, score_arrow5, score_arrow6) values ('4878', '813', '6', '9', '7', '7', '7', '4', '1');
insert into RangeScores (range_score_id, round_score_id, round_range_id) values ('814', '204', '10');
insert into EndScores (end_id, range_score_id, end_number, score_arrow1, score_arrow2, score_arrow3, score_arrow4, score_arrow5, score_arrow6) values ('4879', '814', '1', '9', '8', '6', '6', '2', '0');
insert into EndScores (end_id, range_score_id, end_number, score_arrow1, score_arrow2, score_arrow3, score_arrow4, score_arrow5, score_arrow6) values ('4880', '814', '2', '8', '7', '6', '5', '3', '1');
insert into EndScores (end_id, range_score_id, end_number, score_arrow1, score_arrow2, score_arrow3, score_arrow4, score_arrow5, score_arrow6) values ('4881', '814', '3', '9', '5', '5', '3', '3', '1');
insert into EndScores (end_id, range_score_id, end_number, score_arrow1, score_arrow2, score_arrow3, score_arrow4, score_arrow5, score_arrow6) values ('4882', '814', '4', '9', '9', '7', '2', '0', '0');
insert into EndScores (end_id, range_score_id, end_number, score_arrow1, score_arrow2, score_arrow3, score_arrow4, score_arrow5, score_arrow6) values ('4883', '814', '5', '9', '7', '6', '5', '4', '0');
insert into EndScores (end_id, range_score_id, end_number, score_arrow1, score_arrow2, score_arrow3, score_arrow4, score_arrow5, score_arrow6) values ('4884', '814', '6', '7', '6', '5', '2', '2', '1');
insert into RangeScores (range_score_id, round_score_id, round_range_id) values ('815', '204', '11');
insert into EndScores (end_id, range_score_id, end_number, score_arrow1, score_arrow2, score_arrow3, score_arrow4, score_arrow5, score_arrow6) values ('4885', '815', '1', '8', '8', '7', '7', '5', '0');
insert into EndScores (end_id, range_score_id, end_number, score_arrow1, score_arrow2, score_arrow3, score_arrow4, score_arrow5, score_arrow6) values ('4886', '815', '2', '7', '7', '4', '4', '2', '0');
insert into EndScores (end_id, range_score_id, end_number, score_arrow1, score_arrow2, score_arrow3, score_arrow4, score_arrow5, score_arrow6) values ('4887', '815', '3', '8', '7', '2', '2', '1', '0');
insert into EndScores (end_id, range_score_id, end_number, score_arrow1, score_arrow2, score_arrow3, score_arrow4, score_arrow5, score_arrow6) values ('4888', '815', '4', '9', '8', '3', '1', '1', '0');
insert into EndScores (end_id, range_score_id, end_number, score_arrow1, score_arrow2, score_arrow3, score_arrow4, score_arrow5, score_arrow6) values ('4889', '815', '5', '8', '7', '6', '3', '3', '3');
insert into EndScores (end_id, range_score_id, end_number, score_arrow1, score_arrow2, score_arrow3, score_arrow4, score_arrow5, score_arrow6) values ('4890', '815', '6', '7', '6', '6', '4', '2', '0');
insert into RangeScores (range_score_id, round_score_id, round_range_id) values ('816', '204', '12');
insert into EndScores (end_id, range_score_id, end_number, score_arrow1, score_arrow2, score_arrow3, score_arrow4, score_arrow5, score_arrow6) values ('4891', '816', '1', '8', '7', '4', '3', '3', '2');
insert into EndScores (end_id, range_score_id, end_number, score_arrow1, score_arrow2, score_arrow3, score_arrow4, score_arrow5, score_arrow6) values ('4892', '816', '2', '7', '5', '3', '3', '1', '0');
insert into EndScores (end_id, range_score_id, end_number, score_arrow1, score_arrow2, score_arrow3, score_arrow4, score_arrow5, score_arrow6) values ('4893', '816', '3', '5', '5', '4', '4', '4', '0');
insert into EndScores (end_id, range_score_id, end_number, score_arrow1, score_arrow2, score_arrow3, score_arrow4, score_arrow5, score_arrow6) values ('4894', '816', '4', '8', '2', '1', '1', '0', '0');
insert into EndScores (end_id, range_score_id, end_number, score_arrow1, score_arrow2, score_arrow3, score_arrow4, score_arrow5, score_arrow6) values ('4895', '816', '5', '8', '8', '7', '5', '0', '0');
insert into EndScores (end_id, range_score_id, end_number, score_arrow1, score_arrow2, score_arrow3, score_arrow4, score_arrow5, score_arrow6) values ('4896', '816', '6', '8', '8', '7', '2', '2', '0');
insert into CompetitionEnrolments (archer_id, competition_id) values ('207', '63');
insert into RoundScores (round_score_id, archer_id, competition_id, round_score_date_time, equipment_id, round_def_id, total_score, category_id) values ('205', '207', '63', '2023-04-23 9:5:15.850', 'B', '5', '606', '63');
insert into RangeScores (range_score_id, round_score_id, round_range_id) values ('817', '205', '17');
insert into EndScores (end_id, range_score_id, end_number, score_arrow1, score_arrow2, score_arrow3, score_arrow4, score_arrow5, score_arrow6) values ('4897', '817', '1', '9', '7', '3', '3', '1', '1');
insert into EndScores (end_id, range_score_id, end_number, score_arrow1, score_arrow2, score_arrow3, score_arrow4, score_arrow5, score_arrow6) values ('4898', '817', '2', '8', '6', '3', '3', '2', '1');
insert into EndScores (end_id, range_score_id, end_number, score_arrow1, score_arrow2, score_arrow3, score_arrow4, score_arrow5, score_arrow6) values ('4899', '817', '3', '8', '8', '5', '5', '4', '4');
insert into EndScores (end_id, range_score_id, end_number, score_arrow1, score_arrow2, score_arrow3, score_arrow4, score_arrow5, score_arrow6) values ('4900', '817', '4', '6', '5', '4', '4', '2', '1');
insert into EndScores (end_id, range_score_id, end_number, score_arrow1, score_arrow2, score_arrow3, score_arrow4, score_arrow5, score_arrow6) values ('4901', '817', '5', '9', '8', '7', '4', '2', '2');
insert into EndScores (end_id, range_score_id, end_number, score_arrow1, score_arrow2, score_arrow3, score_arrow4, score_arrow5, score_arrow6) values ('4902', '817', '6', '9', '7', '4', '3', '2', '1');
insert into RangeScores (range_score_id, round_score_id, round_range_id) values ('818', '205', '18');
insert into EndScores (end_id, range_score_id, end_number, score_arrow1, score_arrow2, score_arrow3, score_arrow4, score_arrow5, score_arrow6) values ('4903', '818', '1', '9', '8', '3', '3', '2', '1');
insert into EndScores (end_id, range_score_id, end_number, score_arrow1, score_arrow2, score_arrow3, score_arrow4, score_arrow5, score_arrow6) values ('4904', '818', '2', '7', '6', '5', '2', '2', '2');
insert into EndScores (end_id, range_score_id, end_number, score_arrow1, score_arrow2, score_arrow3, score_arrow4, score_arrow5, score_arrow6) values ('4905', '818', '3', '9', '6', '4', '2', '1', '0');
insert into EndScores (end_id, range_score_id, end_number, score_arrow1, score_arrow2, score_arrow3, score_arrow4, score_arrow5, score_arrow6) values ('4906', '818', '4', '8', '8', '7', '2', '0', '0');
insert into EndScores (end_id, range_score_id, end_number, score_arrow1, score_arrow2, score_arrow3, score_arrow4, score_arrow5, score_arrow6) values ('4907', '818', '5', '6', '5', '5', '4', '1', '0');
insert into EndScores (end_id, range_score_id, end_number, score_arrow1, score_arrow2, score_arrow3, score_arrow4, score_arrow5, score_arrow6) values ('4908', '818', '6', '8', '5', '5', '4', '2', '1');
insert into RangeScores (range_score_id, round_score_id, round_range_id) values ('819', '205', '19');
insert into EndScores (end_id, range_score_id, end_number, score_arrow1, score_arrow2, score_arrow3, score_arrow4, score_arrow5, score_arrow6) values ('4909', '819', '1', '8', '7', '7', '4', '4', '1');
insert into EndScores (end_id, range_score_id, end_number, score_arrow1, score_arrow2, score_arrow3, score_arrow4, score_arrow5, score_arrow6) values ('4910', '819', '2', '7', '5', '3', '3', '0', '0');
insert into EndScores (end_id, range_score_id, end_number, score_arrow1, score_arrow2, score_arrow3, score_arrow4, score_arrow5, score_arrow6) values ('4911', '819', '3', '9', '9', '6', '4', '3', '1');
insert into EndScores (end_id, range_score_id, end_number, score_arrow1, score_arrow2, score_arrow3, score_arrow4, score_arrow5, score_arrow6) values ('4912', '819', '4', '6', '6', '4', '3', '3', '2');
insert into EndScores (end_id, range_score_id, end_number, score_arrow1, score_arrow2, score_arrow3, score_arrow4, score_arrow5, score_arrow6) values ('4913', '819', '5', '9', '7', '5', '4', '1', '0');
insert into EndScores (end_id, range_score_id, end_number, score_arrow1, score_arrow2, score_arrow3, score_arrow4, score_arrow5, score_arrow6) values ('4914', '819', '6', '7', '3', '2', '1', '0', '0');
insert into RangeScores (range_score_id, round_score_id, round_range_id) values ('820', '205', '20');
insert into EndScores (end_id, range_score_id, end_number, score_arrow1, score_arrow2, score_arrow3, score_arrow4, score_arrow5, score_arrow6) values ('4915', '820', '1', '9', '9', '8', '4', '0', '0');
insert into EndScores (end_id, range_score_id, end_number, score_arrow1, score_arrow2, score_arrow3, score_arrow4, score_arrow5, score_arrow6) values ('4916', '820', '2', '8', '8', '6', '5', '5', '0');
insert into EndScores (end_id, range_score_id, end_number, score_arrow1, score_arrow2, score_arrow3, score_arrow4, score_arrow5, score_arrow6) values ('4917', '820', '3', '7', '6', '4', '4', '2', '1');
insert into EndScores (end_id, range_score_id, end_number, score_arrow1, score_arrow2, score_arrow3, score_arrow4, score_arrow5, score_arrow6) values ('4918', '820', '4', '8', '8', '5', '4', '3', '0');
insert into EndScores (end_id, range_score_id, end_number, score_arrow1, score_arrow2, score_arrow3, score_arrow4, score_arrow5, score_arrow6) values ('4919', '820', '5', '8', '7', '6', '5', '3', '1');
insert into EndScores (end_id, range_score_id, end_number, score_arrow1, score_arrow2, score_arrow3, score_arrow4, score_arrow5, score_arrow6) values ('4920', '820', '6', '7', '3', '3', '1', '0', '0');
insert into CompetitionEnrolments (archer_id, competition_id) values ('208', '5');
insert into RoundScores (round_score_id, archer_id, competition_id, round_score_date_time, equipment_id, round_def_id, total_score, category_id) values ('206', '208', '5', '2023-04-23 11:15:55.102', 'R', '2', '607', '5');
insert into RangeScores (range_score_id, round_score_id, round_range_id) values ('821', '206', '5');
insert into EndScores (end_id, range_score_id, end_number, score_arrow1, score_arrow2, score_arrow3, score_arrow4, score_arrow5, score_arrow6) values ('4921', '821', '1', '8', '5', '2', '2', '1', '0');
insert into EndScores (end_id, range_score_id, end_number, score_arrow1, score_arrow2, score_arrow3, score_arrow4, score_arrow5, score_arrow6) values ('4922', '821', '2', '7', '6', '2', '2', '2', '1');
insert into EndScores (end_id, range_score_id, end_number, score_arrow1, score_arrow2, score_arrow3, score_arrow4, score_arrow5, score_arrow6) values ('4923', '821', '3', '7', '5', '4', '3', '1', '0');
insert into EndScores (end_id, range_score_id, end_number, score_arrow1, score_arrow2, score_arrow3, score_arrow4, score_arrow5, score_arrow6) values ('4924', '821', '4', '8', '7', '5', '3', '0', '0');
insert into EndScores (end_id, range_score_id, end_number, score_arrow1, score_arrow2, score_arrow3, score_arrow4, score_arrow5, score_arrow6) values ('4925', '821', '5', '6', '6', '5', '4', '1', '1');
insert into EndScores (end_id, range_score_id, end_number, score_arrow1, score_arrow2, score_arrow3, score_arrow4, score_arrow5, score_arrow6) values ('4926', '821', '6', '9', '9', '8', '7', '5', '3');
insert into RangeScores (range_score_id, round_score_id, round_range_id) values ('822', '206', '6');
insert into EndScores (end_id, range_score_id, end_number, score_arrow1, score_arrow2, score_arrow3, score_arrow4, score_arrow5, score_arrow6) values ('4927', '822', '1', '3', '3', '3', '1', '0', '0');
insert into EndScores (end_id, range_score_id, end_number, score_arrow1, score_arrow2, score_arrow3, score_arrow4, score_arrow5, score_arrow6) values ('4928', '822', '2', '8', '8', '4', '2', '1', '0');
insert into EndScores (end_id, range_score_id, end_number, score_arrow1, score_arrow2, score_arrow3, score_arrow4, score_arrow5, score_arrow6) values ('4929', '822', '3', '9', '4', '2', '1', '1', '0');
insert into EndScores (end_id, range_score_id, end_number, score_arrow1, score_arrow2, score_arrow3, score_arrow4, score_arrow5, score_arrow6) values ('4930', '822', '4', '9', '8', '6', '6', '4', '3');
insert into EndScores (end_id, range_score_id, end_number, score_arrow1, score_arrow2, score_arrow3, score_arrow4, score_arrow5, score_arrow6) values ('4931', '822', '5', '8', '7', '7', '6', '5', '4');
insert into EndScores (end_id, range_score_id, end_number, score_arrow1, score_arrow2, score_arrow3, score_arrow4, score_arrow5, score_arrow6) values ('4932', '822', '6', '6', '6', '5', '4', '4', '0');
insert into RangeScores (range_score_id, round_score_id, round_range_id) values ('823', '206', '7');
insert into EndScores (end_id, range_score_id, end_number, score_arrow1, score_arrow2, score_arrow3, score_arrow4, score_arrow5, score_arrow6) values ('4933', '823', '1', '8', '7', '6', '6', '6', '1');
insert into EndScores (end_id, range_score_id, end_number, score_arrow1, score_arrow2, score_arrow3, score_arrow4, score_arrow5, score_arrow6) values ('4934', '823', '2', '9', '8', '8', '6', '5', '4');
insert into EndScores (end_id, range_score_id, end_number, score_arrow1, score_arrow2, score_arrow3, score_arrow4, score_arrow5, score_arrow6) values ('4935', '823', '3', '9', '7', '7', '2', '2', '1');
insert into EndScores (end_id, range_score_id, end_number, score_arrow1, score_arrow2, score_arrow3, score_arrow4, score_arrow5, score_arrow6) values ('4936', '823', '4', '9', '4', '2', '1', '0', '0');
insert into EndScores (end_id, range_score_id, end_number, score_arrow1, score_arrow2, score_arrow3, score_arrow4, score_arrow5, score_arrow6) values ('4937', '823', '5', '6', '4', '3', '2', '0', '0');
insert into EndScores (end_id, range_score_id, end_number, score_arrow1, score_arrow2, score_arrow3, score_arrow4, score_arrow5, score_arrow6) values ('4938', '823', '6', '7', '7', '5', '3', '3', '2');
insert into RangeScores (range_score_id, round_score_id, round_range_id) values ('824', '206', '8');
insert into EndScores (end_id, range_score_id, end_number, score_arrow1, score_arrow2, score_arrow3, score_arrow4, score_arrow5, score_arrow6) values ('4939', '824', '1', '9', '8', '8', '7', '4', '0');
insert into EndScores (end_id, range_score_id, end_number, score_arrow1, score_arrow2, score_arrow3, score_arrow4, score_arrow5, score_arrow6) values ('4940', '824', '2', '7', '6', '5', '5', '4', '2');
insert into EndScores (end_id, range_score_id, end_number, score_arrow1, score_arrow2, score_arrow3, score_arrow4, score_arrow5, score_arrow6) values ('4941', '824', '3', '9', '7', '6', '4', '3', '2');
insert into EndScores (end_id, range_score_id, end_number, score_arrow1, score_arrow2, score_arrow3, score_arrow4, score_arrow5, score_arrow6) values ('4942', '824', '4', '5', '5', '3', '3', '0', '0');
insert into EndScores (end_id, range_score_id, end_number, score_arrow1, score_arrow2, score_arrow3, score_arrow4, score_arrow5, score_arrow6) values ('4943', '824', '5', '9', '5', '4', '3', '2', '0');
insert into EndScores (end_id, range_score_id, end_number, score_arrow1, score_arrow2, score_arrow3, score_arrow4, score_arrow5, score_arrow6) values ('4944', '824', '6', '9', '4', '3', '2', '1', '0');
insert into CompetitionEnrolments (archer_id, competition_id) values ('209', '2');
insert into RoundScores (round_score_id, archer_id, competition_id, round_score_date_time, equipment_id, round_def_id, total_score, category_id) values ('207', '209', '2', '2023-04-23 12:55:13.907', 'C', '1', '661', '2');
insert into RangeScores (range_score_id, round_score_id, round_range_id) values ('825', '207', '1');
insert into EndScores (end_id, range_score_id, end_number, score_arrow1, score_arrow2, score_arrow3, score_arrow4, score_arrow5, score_arrow6) values ('4945', '825', '1', '8', '5', '3', '2', '1', '1');
insert into EndScores (end_id, range_score_id, end_number, score_arrow1, score_arrow2, score_arrow3, score_arrow4, score_arrow5, score_arrow6) values ('4946', '825', '2', '9', '8', '5', '4', '3', '2');
insert into EndScores (end_id, range_score_id, end_number, score_arrow1, score_arrow2, score_arrow3, score_arrow4, score_arrow5, score_arrow6) values ('4947', '825', '3', '9', '8', '7', '6', '3', '0');
insert into EndScores (end_id, range_score_id, end_number, score_arrow1, score_arrow2, score_arrow3, score_arrow4, score_arrow5, score_arrow6) values ('4948', '825', '4', '9', '6', '5', '2', '2', '2');
insert into EndScores (end_id, range_score_id, end_number, score_arrow1, score_arrow2, score_arrow3, score_arrow4, score_arrow5, score_arrow6) values ('4949', '825', '5', '6', '4', '4', '3', '0', '0');
insert into EndScores (end_id, range_score_id, end_number, score_arrow1, score_arrow2, score_arrow3, score_arrow4, score_arrow5, score_arrow6) values ('4950', '825', '6', '7', '7', '5', '5', '2', '0');
insert into RangeScores (range_score_id, round_score_id, round_range_id) values ('826', '207', '2');
insert into EndScores (end_id, range_score_id, end_number, score_arrow1, score_arrow2, score_arrow3, score_arrow4, score_arrow5, score_arrow6) values ('4951', '826', '1', '9', '9', '8', '5', '3', '0');
insert into EndScores (end_id, range_score_id, end_number, score_arrow1, score_arrow2, score_arrow3, score_arrow4, score_arrow5, score_arrow6) values ('4952', '826', '2', '8', '7', '6', '5', '1', '1');
insert into EndScores (end_id, range_score_id, end_number, score_arrow1, score_arrow2, score_arrow3, score_arrow4, score_arrow5, score_arrow6) values ('4953', '826', '3', '7', '7', '6', '6', '3', '2');
insert into EndScores (end_id, range_score_id, end_number, score_arrow1, score_arrow2, score_arrow3, score_arrow4, score_arrow5, score_arrow6) values ('4954', '826', '4', '9', '8', '8', '7', '2', '1');
insert into EndScores (end_id, range_score_id, end_number, score_arrow1, score_arrow2, score_arrow3, score_arrow4, score_arrow5, score_arrow6) values ('4955', '826', '5', '9', '3', '3', '1', '1', '0');
insert into EndScores (end_id, range_score_id, end_number, score_arrow1, score_arrow2, score_arrow3, score_arrow4, score_arrow5, score_arrow6) values ('4956', '826', '6', '8', '4', '4', '2', '1', '0');
insert into RangeScores (range_score_id, round_score_id, round_range_id) values ('827', '207', '3');
insert into EndScores (end_id, range_score_id, end_number, score_arrow1, score_arrow2, score_arrow3, score_arrow4, score_arrow5, score_arrow6) values ('4957', '827', '1', '8', '8', '8', '4', '3', '1');
insert into EndScores (end_id, range_score_id, end_number, score_arrow1, score_arrow2, score_arrow3, score_arrow4, score_arrow5, score_arrow6) values ('4958', '827', '2', '9', '9', '8', '6', '4', '0');
insert into EndScores (end_id, range_score_id, end_number, score_arrow1, score_arrow2, score_arrow3, score_arrow4, score_arrow5, score_arrow6) values ('4959', '827', '3', '9', '9', '7', '7', '4', '2');
insert into EndScores (end_id, range_score_id, end_number, score_arrow1, score_arrow2, score_arrow3, score_arrow4, score_arrow5, score_arrow6) values ('4960', '827', '4', '9', '8', '6', '5', '3', '0');
insert into EndScores (end_id, range_score_id, end_number, score_arrow1, score_arrow2, score_arrow3, score_arrow4, score_arrow5, score_arrow6) values ('4961', '827', '5', '9', '5', '5', '5', '4', '4');
insert into EndScores (end_id, range_score_id, end_number, score_arrow1, score_arrow2, score_arrow3, score_arrow4, score_arrow5, score_arrow6) values ('4962', '827', '6', '9', '7', '6', '3', '2', '0');
insert into RangeScores (range_score_id, round_score_id, round_range_id) values ('828', '207', '4');
insert into EndScores (end_id, range_score_id, end_number, score_arrow1, score_arrow2, score_arrow3, score_arrow4, score_arrow5, score_arrow6) values ('4963', '828', '1', '6', '5', '5', '4', '4', '3');
insert into EndScores (end_id, range_score_id, end_number, score_arrow1, score_arrow2, score_arrow3, score_arrow4, score_arrow5, score_arrow6) values ('4964', '828', '2', '9', '8', '7', '5', '4', '0');
insert into EndScores (end_id, range_score_id, end_number, score_arrow1, score_arrow2, score_arrow3, score_arrow4, score_arrow5, score_arrow6) values ('4965', '828', '3', '8', '8', '5', '3', '2', '1');
insert into EndScores (end_id, range_score_id, end_number, score_arrow1, score_arrow2, score_arrow3, score_arrow4, score_arrow5, score_arrow6) values ('4966', '828', '4', '7', '6', '5', '4', '2', '1');
insert into EndScores (end_id, range_score_id, end_number, score_arrow1, score_arrow2, score_arrow3, score_arrow4, score_arrow5, score_arrow6) values ('4967', '828', '5', '6', '3', '3', '2', '1', '0');
insert into EndScores (end_id, range_score_id, end_number, score_arrow1, score_arrow2, score_arrow3, score_arrow4, score_arrow5, score_arrow6) values ('4968', '828', '6', '8', '6', '4', '1', '1', '1');
insert into CompetitionEnrolments (archer_id, competition_id) values ('210', '5');
insert into RoundScores (round_score_id, archer_id, competition_id, round_score_date_time, equipment_id, round_def_id, total_score, category_id) values ('208', '210', '5', '2023-04-23 18:8:27.341', 'R', '2', '613', '5');
insert into RangeScores (range_score_id, round_score_id, round_range_id) values ('829', '208', '5');
insert into EndScores (end_id, range_score_id, end_number, score_arrow1, score_arrow2, score_arrow3, score_arrow4, score_arrow5, score_arrow6) values ('4969', '829', '1', '7', '6', '4', '4', '1', '0');
insert into EndScores (end_id, range_score_id, end_number, score_arrow1, score_arrow2, score_arrow3, score_arrow4, score_arrow5, score_arrow6) values ('4970', '829', '2', '7', '5', '3', '1', '1', '0');
insert into EndScores (end_id, range_score_id, end_number, score_arrow1, score_arrow2, score_arrow3, score_arrow4, score_arrow5, score_arrow6) values ('4971', '829', '3', '7', '6', '3', '2', '0', '0');
insert into EndScores (end_id, range_score_id, end_number, score_arrow1, score_arrow2, score_arrow3, score_arrow4, score_arrow5, score_arrow6) values ('4972', '829', '4', '9', '7', '6', '1', '1', '0');
insert into EndScores (end_id, range_score_id, end_number, score_arrow1, score_arrow2, score_arrow3, score_arrow4, score_arrow5, score_arrow6) values ('4973', '829', '5', '8', '8', '5', '5', '4', '3');
insert into EndScores (end_id, range_score_id, end_number, score_arrow1, score_arrow2, score_arrow3, score_arrow4, score_arrow5, score_arrow6) values ('4974', '829', '6', '8', '8', '3', '2', '1', '1');
insert into RangeScores (range_score_id, round_score_id, round_range_id) values ('830', '208', '6');
insert into EndScores (end_id, range_score_id, end_number, score_arrow1, score_arrow2, score_arrow3, score_arrow4, score_arrow5, score_arrow6) values ('4975', '830', '1', '9', '9', '7', '5', '3', '0');
insert into EndScores (end_id, range_score_id, end_number, score_arrow1, score_arrow2, score_arrow3, score_arrow4, score_arrow5, score_arrow6) values ('4976', '830', '2', '8', '8', '7', '4', '3', '2');
insert into EndScores (end_id, range_score_id, end_number, score_arrow1, score_arrow2, score_arrow3, score_arrow4, score_arrow5, score_arrow6) values ('4977', '830', '3', '9', '4', '4', '3', '2', '1');
insert into EndScores (end_id, range_score_id, end_number, score_arrow1, score_arrow2, score_arrow3, score_arrow4, score_arrow5, score_arrow6) values ('4978', '830', '4', '8', '8', '6', '5', '3', '0');
insert into EndScores (end_id, range_score_id, end_number, score_arrow1, score_arrow2, score_arrow3, score_arrow4, score_arrow5, score_arrow6) values ('4979', '830', '5', '8', '5', '2', '2', '0', '0');
insert into EndScores (end_id, range_score_id, end_number, score_arrow1, score_arrow2, score_arrow3, score_arrow4, score_arrow5, score_arrow6) values ('4980', '830', '6', '9', '6', '5', '5', '4', '3');
insert into RangeScores (range_score_id, round_score_id, round_range_id) values ('831', '208', '7');
insert into EndScores (end_id, range_score_id, end_number, score_arrow1, score_arrow2, score_arrow3, score_arrow4, score_arrow5, score_arrow6) values ('4981', '831', '1', '9', '7', '4', '4', '2', '0');
insert into EndScores (end_id, range_score_id, end_number, score_arrow1, score_arrow2, score_arrow3, score_arrow4, score_arrow5, score_arrow6) values ('4982', '831', '2', '9', '7', '6', '5', '4', '0');
insert into EndScores (end_id, range_score_id, end_number, score_arrow1, score_arrow2, score_arrow3, score_arrow4, score_arrow5, score_arrow6) values ('4983', '831', '3', '8', '8', '6', '6', '4', '0');
insert into EndScores (end_id, range_score_id, end_number, score_arrow1, score_arrow2, score_arrow3, score_arrow4, score_arrow5, score_arrow6) values ('4984', '831', '4', '8', '5', '4', '2', '2', '0');
insert into EndScores (end_id, range_score_id, end_number, score_arrow1, score_arrow2, score_arrow3, score_arrow4, score_arrow5, score_arrow6) values ('4985', '831', '5', '7', '6', '5', '3', '2', '2');
insert into EndScores (end_id, range_score_id, end_number, score_arrow1, score_arrow2, score_arrow3, score_arrow4, score_arrow5, score_arrow6) values ('4986', '831', '6', '9', '5', '3', '2', '1', '0');
insert into RangeScores (range_score_id, round_score_id, round_range_id) values ('832', '208', '8');
insert into EndScores (end_id, range_score_id, end_number, score_arrow1, score_arrow2, score_arrow3, score_arrow4, score_arrow5, score_arrow6) values ('4987', '832', '1', '4', '2', '0', '0', '0', '0');
insert into EndScores (end_id, range_score_id, end_number, score_arrow1, score_arrow2, score_arrow3, score_arrow4, score_arrow5, score_arrow6) values ('4988', '832', '2', '9', '9', '8', '6', '4', '4');
insert into EndScores (end_id, range_score_id, end_number, score_arrow1, score_arrow2, score_arrow3, score_arrow4, score_arrow5, score_arrow6) values ('4989', '832', '3', '9', '7', '5', '3', '1', '1');
insert into EndScores (end_id, range_score_id, end_number, score_arrow1, score_arrow2, score_arrow3, score_arrow4, score_arrow5, score_arrow6) values ('4990', '832', '4', '6', '5', '4', '3', '2', '1');
insert into EndScores (end_id, range_score_id, end_number, score_arrow1, score_arrow2, score_arrow3, score_arrow4, score_arrow5, score_arrow6) values ('4991', '832', '5', '8', '7', '5', '3', '2', '1');
insert into EndScores (end_id, range_score_id, end_number, score_arrow1, score_arrow2, score_arrow3, score_arrow4, score_arrow5, score_arrow6) values ('4992', '832', '6', '9', '9', '7', '6', '4', '0');
insert into CompetitionEnrolments (archer_id, competition_id) values ('211', '37');
insert into RoundScores (round_score_id, archer_id, competition_id, round_score_date_time, equipment_id, round_def_id, total_score, category_id) values ('209', '211', '37', '2023-04-23 18:46:46.955', 'R', '2', '657', '37');
insert into RangeScores (range_score_id, round_score_id, round_range_id) values ('833', '209', '5');
insert into EndScores (end_id, range_score_id, end_number, score_arrow1, score_arrow2, score_arrow3, score_arrow4, score_arrow5, score_arrow6) values ('4993', '833', '1', '7', '7', '6', '3', '2', '0');
insert into EndScores (end_id, range_score_id, end_number, score_arrow1, score_arrow2, score_arrow3, score_arrow4, score_arrow5, score_arrow6) values ('4994', '833', '2', '8', '5', '3', '3', '2', '1');
insert into EndScores (end_id, range_score_id, end_number, score_arrow1, score_arrow2, score_arrow3, score_arrow4, score_arrow5, score_arrow6) values ('4995', '833', '3', '8', '8', '4', '3', '2', '1');
insert into EndScores (end_id, range_score_id, end_number, score_arrow1, score_arrow2, score_arrow3, score_arrow4, score_arrow5, score_arrow6) values ('4996', '833', '4', '9', '7', '4', '4', '3', '3');
insert into EndScores (end_id, range_score_id, end_number, score_arrow1, score_arrow2, score_arrow3, score_arrow4, score_arrow5, score_arrow6) values ('4997', '833', '5', '9', '7', '7', '6', '4', '2');
insert into EndScores (end_id, range_score_id, end_number, score_arrow1, score_arrow2, score_arrow3, score_arrow4, score_arrow5, score_arrow6) values ('4998', '833', '6', '9', '8', '6', '5', '4', '3');
insert into RangeScores (range_score_id, round_score_id, round_range_id) values ('834', '209', '6');
insert into EndScores (end_id, range_score_id, end_number, score_arrow1, score_arrow2, score_arrow3, score_arrow4, score_arrow5, score_arrow6) values ('4999', '834', '1', '7', '7', '5', '4', '2', '1');
insert into EndScores (end_id, range_score_id, end_number, score_arrow1, score_arrow2, score_arrow3, score_arrow4, score_arrow5, score_arrow6) values ('5000', '834', '2', '9', '6', '6', '5', '3', '2');
insert into EndScores (end_id, range_score_id, end_number, score_arrow1, score_arrow2, score_arrow3, score_arrow4, score_arrow5, score_arrow6) values ('5001', '834', '3', '8', '7', '7', '6', '3', '3');
insert into EndScores (end_id, range_score_id, end_number, score_arrow1, score_arrow2, score_arrow3, score_arrow4, score_arrow5, score_arrow6) values ('5002', '834', '4', '6', '4', '4', '3', '2', '0');
insert into EndScores (end_id, range_score_id, end_number, score_arrow1, score_arrow2, score_arrow3, score_arrow4, score_arrow5, score_arrow6) values ('5003', '834', '5', '9', '8', '5', '4', '3', '3');
insert into EndScores (end_id, range_score_id, end_number, score_arrow1, score_arrow2, score_arrow3, score_arrow4, score_arrow5, score_arrow6) values ('5004', '834', '6', '7', '5', '4', '3', '3', '2');
insert into RangeScores (range_score_id, round_score_id, round_range_id) values ('835', '209', '7');
insert into EndScores (end_id, range_score_id, end_number, score_arrow1, score_arrow2, score_arrow3, score_arrow4, score_arrow5, score_arrow6) values ('5005', '835', '1', '8', '5', '5', '3', '2', '1');
insert into EndScores (end_id, range_score_id, end_number, score_arrow1, score_arrow2, score_arrow3, score_arrow4, score_arrow5, score_arrow6) values ('5006', '835', '2', '9', '8', '5', '5', '1', '1');
insert into EndScores (end_id, range_score_id, end_number, score_arrow1, score_arrow2, score_arrow3, score_arrow4, score_arrow5, score_arrow6) values ('5007', '835', '3', '8', '7', '6', '5', '4', '1');
insert into EndScores (end_id, range_score_id, end_number, score_arrow1, score_arrow2, score_arrow3, score_arrow4, score_arrow5, score_arrow6) values ('5008', '835', '4', '9', '8', '8', '6', '5', '4');
insert into EndScores (end_id, range_score_id, end_number, score_arrow1, score_arrow2, score_arrow3, score_arrow4, score_arrow5, score_arrow6) values ('5009', '835', '5', '8', '4', '1', '1', '1', '1');
insert into EndScores (end_id, range_score_id, end_number, score_arrow1, score_arrow2, score_arrow3, score_arrow4, score_arrow5, score_arrow6) values ('5010', '835', '6', '8', '8', '7', '6', '2', '0');
insert into RangeScores (range_score_id, round_score_id, round_range_id) values ('836', '209', '8');
insert into EndScores (end_id, range_score_id, end_number, score_arrow1, score_arrow2, score_arrow3, score_arrow4, score_arrow5, score_arrow6) values ('5011', '836', '1', '8', '7', '6', '2', '0', '0');
insert into EndScores (end_id, range_score_id, end_number, score_arrow1, score_arrow2, score_arrow3, score_arrow4, score_arrow5, score_arrow6) values ('5012', '836', '2', '9', '9', '9', '6', '2', '2');
insert into EndScores (end_id, range_score_id, end_number, score_arrow1, score_arrow2, score_arrow3, score_arrow4, score_arrow5, score_arrow6) values ('5013', '836', '3', '9', '6', '3', '1', '1', '0');
insert into EndScores (end_id, range_score_id, end_number, score_arrow1, score_arrow2, score_arrow3, score_arrow4, score_arrow5, score_arrow6) values ('5014', '836', '4', '7', '7', '5', '3', '3', '2');
insert into EndScores (end_id, range_score_id, end_number, score_arrow1, score_arrow2, score_arrow3, score_arrow4, score_arrow5, score_arrow6) values ('5015', '836', '5', '7', '6', '4', '3', '1', '0');
insert into EndScores (end_id, range_score_id, end_number, score_arrow1, score_arrow2, score_arrow3, score_arrow4, score_arrow5, score_arrow6) values ('5016', '836', '6', '9', '5', '4', '1', '0', '0');
insert into CompetitionEnrolments (archer_id, competition_id) values ('212', '3');
insert into RoundScores (round_score_id, archer_id, competition_id, round_score_date_time, equipment_id, round_def_id, total_score, category_id) values ('210', '212', '3', '2023-04-23 14:30:59.680', 'B', '2', '620', '3');
insert into RangeScores (range_score_id, round_score_id, round_range_id) values ('837', '210', '5');
insert into EndScores (end_id, range_score_id, end_number, score_arrow1, score_arrow2, score_arrow3, score_arrow4, score_arrow5, score_arrow6) values ('5017', '837', '1', '8', '6', '6', '5', '1', '1');
insert into EndScores (end_id, range_score_id, end_number, score_arrow1, score_arrow2, score_arrow3, score_arrow4, score_arrow5, score_arrow6) values ('5018', '837', '2', '7', '6', '6', '3', '1', '1');
insert into EndScores (end_id, range_score_id, end_number, score_arrow1, score_arrow2, score_arrow3, score_arrow4, score_arrow5, score_arrow6) values ('5019', '837', '3', '4', '3', '3', '2', '1', '1');
insert into EndScores (end_id, range_score_id, end_number, score_arrow1, score_arrow2, score_arrow3, score_arrow4, score_arrow5, score_arrow6) values ('5020', '837', '4', '9', '6', '6', '2', '0', '0');
insert into EndScores (end_id, range_score_id, end_number, score_arrow1, score_arrow2, score_arrow3, score_arrow4, score_arrow5, score_arrow6) values ('5021', '837', '5', '8', '7', '7', '2', '1', '0');
insert into EndScores (end_id, range_score_id, end_number, score_arrow1, score_arrow2, score_arrow3, score_arrow4, score_arrow5, score_arrow6) values ('5022', '837', '6', '7', '5', '5', '4', '4', '1');
insert into RangeScores (range_score_id, round_score_id, round_range_id) values ('838', '210', '6');
insert into EndScores (end_id, range_score_id, end_number, score_arrow1, score_arrow2, score_arrow3, score_arrow4, score_arrow5, score_arrow6) values ('5023', '838', '1', '7', '5', '4', '4', '2', '1');
insert into EndScores (end_id, range_score_id, end_number, score_arrow1, score_arrow2, score_arrow3, score_arrow4, score_arrow5, score_arrow6) values ('5024', '838', '2', '7', '7', '5', '4', '1', '1');
insert into EndScores (end_id, range_score_id, end_number, score_arrow1, score_arrow2, score_arrow3, score_arrow4, score_arrow5, score_arrow6) values ('5025', '838', '3', '9', '8', '7', '7', '1', '0');
insert into EndScores (end_id, range_score_id, end_number, score_arrow1, score_arrow2, score_arrow3, score_arrow4, score_arrow5, score_arrow6) values ('5026', '838', '4', '9', '3', '3', '3', '2', '0');
insert into EndScores (end_id, range_score_id, end_number, score_arrow1, score_arrow2, score_arrow3, score_arrow4, score_arrow5, score_arrow6) values ('5027', '838', '5', '9', '6', '6', '4', '4', '3');
insert into EndScores (end_id, range_score_id, end_number, score_arrow1, score_arrow2, score_arrow3, score_arrow4, score_arrow5, score_arrow6) values ('5028', '838', '6', '5', '5', '4', '2', '0', '0');
insert into RangeScores (range_score_id, round_score_id, round_range_id) values ('839', '210', '7');
insert into EndScores (end_id, range_score_id, end_number, score_arrow1, score_arrow2, score_arrow3, score_arrow4, score_arrow5, score_arrow6) values ('5029', '839', '1', '9', '8', '8', '7', '6', '4');
insert into EndScores (end_id, range_score_id, end_number, score_arrow1, score_arrow2, score_arrow3, score_arrow4, score_arrow5, score_arrow6) values ('5030', '839', '2', '5', '3', '2', '2', '0', '0');
insert into EndScores (end_id, range_score_id, end_number, score_arrow1, score_arrow2, score_arrow3, score_arrow4, score_arrow5, score_arrow6) values ('5031', '839', '3', '7', '5', '5', '4', '2', '0');
insert into EndScores (end_id, range_score_id, end_number, score_arrow1, score_arrow2, score_arrow3, score_arrow4, score_arrow5, score_arrow6) values ('5032', '839', '4', '9', '6', '2', '1', '1', '1');
insert into EndScores (end_id, range_score_id, end_number, score_arrow1, score_arrow2, score_arrow3, score_arrow4, score_arrow5, score_arrow6) values ('5033', '839', '5', '9', '6', '6', '5', '2', '1');
insert into EndScores (end_id, range_score_id, end_number, score_arrow1, score_arrow2, score_arrow3, score_arrow4, score_arrow5, score_arrow6) values ('5034', '839', '6', '9', '8', '7', '7', '5', '2');
insert into RangeScores (range_score_id, round_score_id, round_range_id) values ('840', '210', '8');
insert into EndScores (end_id, range_score_id, end_number, score_arrow1, score_arrow2, score_arrow3, score_arrow4, score_arrow5, score_arrow6) values ('5035', '840', '1', '7', '6', '6', '5', '0', '0');
insert into EndScores (end_id, range_score_id, end_number, score_arrow1, score_arrow2, score_arrow3, score_arrow4, score_arrow5, score_arrow6) values ('5036', '840', '2', '6', '6', '5', '4', '3', '2');
insert into EndScores (end_id, range_score_id, end_number, score_arrow1, score_arrow2, score_arrow3, score_arrow4, score_arrow5, score_arrow6) values ('5037', '840', '3', '8', '8', '7', '6', '5', '1');
insert into EndScores (end_id, range_score_id, end_number, score_arrow1, score_arrow2, score_arrow3, score_arrow4, score_arrow5, score_arrow6) values ('5038', '840', '4', '8', '6', '5', '4', '3', '0');
insert into EndScores (end_id, range_score_id, end_number, score_arrow1, score_arrow2, score_arrow3, score_arrow4, score_arrow5, score_arrow6) values ('5039', '840', '5', '8', '8', '5', '0', '0', '0');
insert into EndScores (end_id, range_score_id, end_number, score_arrow1, score_arrow2, score_arrow3, score_arrow4, score_arrow5, score_arrow6) values ('5040', '840', '6', '9', '8', '7', '7', '5', '1');
insert into CompetitionEnrolments (archer_id, competition_id) values ('213', '8');
insert into RoundScores (round_score_id, archer_id, competition_id, round_score_date_time, equipment_id, round_def_id, total_score, category_id) values ('211', '213', '8', '2023-04-23 17:47:46.550', 'L', '4', '594', '8');
insert into RangeScores (range_score_id, round_score_id, round_range_id) values ('841', '211', '13');
insert into EndScores (end_id, range_score_id, end_number, score_arrow1, score_arrow2, score_arrow3, score_arrow4, score_arrow5, score_arrow6) values ('5041', '841', '1', '9', '9', '8', '5', '5', '1');
insert into EndScores (end_id, range_score_id, end_number, score_arrow1, score_arrow2, score_arrow3, score_arrow4, score_arrow5, score_arrow6) values ('5042', '841', '2', '7', '7', '5', '5', '4', '2');
insert into EndScores (end_id, range_score_id, end_number, score_arrow1, score_arrow2, score_arrow3, score_arrow4, score_arrow5, score_arrow6) values ('5043', '841', '3', '9', '8', '3', '3', '2', '0');
insert into EndScores (end_id, range_score_id, end_number, score_arrow1, score_arrow2, score_arrow3, score_arrow4, score_arrow5, score_arrow6) values ('5044', '841', '4', '8', '7', '6', '3', '2', '2');
insert into EndScores (end_id, range_score_id, end_number, score_arrow1, score_arrow2, score_arrow3, score_arrow4, score_arrow5, score_arrow6) values ('5045', '841', '5', '9', '5', '4', '2', '0', '0');
insert into EndScores (end_id, range_score_id, end_number, score_arrow1, score_arrow2, score_arrow3, score_arrow4, score_arrow5, score_arrow6) values ('5046', '841', '6', '6', '3', '3', '3', '1', '0');
insert into RangeScores (range_score_id, round_score_id, round_range_id) values ('842', '211', '14');
insert into EndScores (end_id, range_score_id, end_number, score_arrow1, score_arrow2, score_arrow3, score_arrow4, score_arrow5, score_arrow6) values ('5047', '842', '1', '5', '4', '3', '2', '2', '0');
insert into EndScores (end_id, range_score_id, end_number, score_arrow1, score_arrow2, score_arrow3, score_arrow4, score_arrow5, score_arrow6) values ('5048', '842', '2', '9', '7', '5', '5', '2', '0');
insert into EndScores (end_id, range_score_id, end_number, score_arrow1, score_arrow2, score_arrow3, score_arrow4, score_arrow5, score_arrow6) values ('5049', '842', '3', '8', '8', '7', '5', '4', '3');
insert into EndScores (end_id, range_score_id, end_number, score_arrow1, score_arrow2, score_arrow3, score_arrow4, score_arrow5, score_arrow6) values ('5050', '842', '4', '9', '7', '5', '3', '2', '0');
insert into EndScores (end_id, range_score_id, end_number, score_arrow1, score_arrow2, score_arrow3, score_arrow4, score_arrow5, score_arrow6) values ('5051', '842', '5', '8', '6', '5', '5', '2', '1');
insert into EndScores (end_id, range_score_id, end_number, score_arrow1, score_arrow2, score_arrow3, score_arrow4, score_arrow5, score_arrow6) values ('5052', '842', '6', '8', '7', '6', '4', '3', '1');
insert into RangeScores (range_score_id, round_score_id, round_range_id) values ('843', '211', '15');
insert into EndScores (end_id, range_score_id, end_number, score_arrow1, score_arrow2, score_arrow3, score_arrow4, score_arrow5, score_arrow6) values ('5053', '843', '1', '7', '6', '6', '3', '2', '0');
insert into EndScores (end_id, range_score_id, end_number, score_arrow1, score_arrow2, score_arrow3, score_arrow4, score_arrow5, score_arrow6) values ('5054', '843', '2', '8', '5', '3', '3', '0', '0');
insert into EndScores (end_id, range_score_id, end_number, score_arrow1, score_arrow2, score_arrow3, score_arrow4, score_arrow5, score_arrow6) values ('5055', '843', '3', '9', '9', '5', '4', '1', '1');
insert into EndScores (end_id, range_score_id, end_number, score_arrow1, score_arrow2, score_arrow3, score_arrow4, score_arrow5, score_arrow6) values ('5056', '843', '4', '9', '7', '4', '1', '1', '0');
insert into EndScores (end_id, range_score_id, end_number, score_arrow1, score_arrow2, score_arrow3, score_arrow4, score_arrow5, score_arrow6) values ('5057', '843', '5', '6', '4', '2', '1', '1', '1');
insert into EndScores (end_id, range_score_id, end_number, score_arrow1, score_arrow2, score_arrow3, score_arrow4, score_arrow5, score_arrow6) values ('5058', '843', '6', '8', '4', '3', '2', '2', '0');
insert into RangeScores (range_score_id, round_score_id, round_range_id) values ('844', '211', '16');
insert into EndScores (end_id, range_score_id, end_number, score_arrow1, score_arrow2, score_arrow3, score_arrow4, score_arrow5, score_arrow6) values ('5059', '844', '1', '9', '8', '6', '3', '1', '0');
insert into EndScores (end_id, range_score_id, end_number, score_arrow1, score_arrow2, score_arrow3, score_arrow4, score_arrow5, score_arrow6) values ('5060', '844', '2', '9', '9', '7', '7', '2', '1');
insert into EndScores (end_id, range_score_id, end_number, score_arrow1, score_arrow2, score_arrow3, score_arrow4, score_arrow5, score_arrow6) values ('5061', '844', '3', '8', '4', '2', '1', '0', '0');
insert into EndScores (end_id, range_score_id, end_number, score_arrow1, score_arrow2, score_arrow3, score_arrow4, score_arrow5, score_arrow6) values ('5062', '844', '4', '7', '6', '4', '4', '3', '0');
insert into EndScores (end_id, range_score_id, end_number, score_arrow1, score_arrow2, score_arrow3, score_arrow4, score_arrow5, score_arrow6) values ('5063', '844', '5', '9', '6', '4', '2', '2', '0');
insert into EndScores (end_id, range_score_id, end_number, score_arrow1, score_arrow2, score_arrow3, score_arrow4, score_arrow5, score_arrow6) values ('5064', '844', '6', '7', '5', '5', '4', '2', '2');
insert into CompetitionEnrolments (archer_id, competition_id) values ('214', '6');
insert into RoundScores (round_score_id, archer_id, competition_id, round_score_date_time, equipment_id, round_def_id, total_score, category_id) values ('212', '214', '6', '2023-04-23 16:35:47.712', 'C', '2', '677', '6');
insert into RangeScores (range_score_id, round_score_id, round_range_id) values ('845', '212', '5');
insert into EndScores (end_id, range_score_id, end_number, score_arrow1, score_arrow2, score_arrow3, score_arrow4, score_arrow5, score_arrow6) values ('5065', '845', '1', '8', '7', '4', '2', '2', '0');
insert into EndScores (end_id, range_score_id, end_number, score_arrow1, score_arrow2, score_arrow3, score_arrow4, score_arrow5, score_arrow6) values ('5066', '845', '2', '8', '8', '7', '7', '7', '0');
insert into EndScores (end_id, range_score_id, end_number, score_arrow1, score_arrow2, score_arrow3, score_arrow4, score_arrow5, score_arrow6) values ('5067', '845', '3', '9', '9', '7', '4', '2', '0');
insert into EndScores (end_id, range_score_id, end_number, score_arrow1, score_arrow2, score_arrow3, score_arrow4, score_arrow5, score_arrow6) values ('5068', '845', '4', '9', '9', '6', '5', '2', '0');
insert into EndScores (end_id, range_score_id, end_number, score_arrow1, score_arrow2, score_arrow3, score_arrow4, score_arrow5, score_arrow6) values ('5069', '845', '5', '8', '7', '5', '4', '4', '0');
insert into EndScores (end_id, range_score_id, end_number, score_arrow1, score_arrow2, score_arrow3, score_arrow4, score_arrow5, score_arrow6) values ('5070', '845', '6', '7', '7', '6', '6', '5', '0');
insert into RangeScores (range_score_id, round_score_id, round_range_id) values ('846', '212', '6');
insert into EndScores (end_id, range_score_id, end_number, score_arrow1, score_arrow2, score_arrow3, score_arrow4, score_arrow5, score_arrow6) values ('5071', '846', '1', '9', '6', '5', '5', '2', '1');
insert into EndScores (end_id, range_score_id, end_number, score_arrow1, score_arrow2, score_arrow3, score_arrow4, score_arrow5, score_arrow6) values ('5072', '846', '2', '9', '8', '6', '3', '2', '0');
insert into EndScores (end_id, range_score_id, end_number, score_arrow1, score_arrow2, score_arrow3, score_arrow4, score_arrow5, score_arrow6) values ('5073', '846', '3', '4', '2', '2', '1', '1', '0');
insert into EndScores (end_id, range_score_id, end_number, score_arrow1, score_arrow2, score_arrow3, score_arrow4, score_arrow5, score_arrow6) values ('5074', '846', '4', '9', '7', '7', '6', '5', '4');
insert into EndScores (end_id, range_score_id, end_number, score_arrow1, score_arrow2, score_arrow3, score_arrow4, score_arrow5, score_arrow6) values ('5075', '846', '5', '6', '5', '4', '2', '1', '0');
insert into EndScores (end_id, range_score_id, end_number, score_arrow1, score_arrow2, score_arrow3, score_arrow4, score_arrow5, score_arrow6) values ('5076', '846', '6', '8', '5', '5', '5', '2', '1');
insert into RangeScores (range_score_id, round_score_id, round_range_id) values ('847', '212', '7');
insert into EndScores (end_id, range_score_id, end_number, score_arrow1, score_arrow2, score_arrow3, score_arrow4, score_arrow5, score_arrow6) values ('5077', '847', '1', '5', '4', '3', '0', '0', '0');
insert into EndScores (end_id, range_score_id, end_number, score_arrow1, score_arrow2, score_arrow3, score_arrow4, score_arrow5, score_arrow6) values ('5078', '847', '2', '9', '8', '7', '6', '4', '4');
insert into EndScores (end_id, range_score_id, end_number, score_arrow1, score_arrow2, score_arrow3, score_arrow4, score_arrow5, score_arrow6) values ('5079', '847', '3', '9', '8', '5', '5', '3', '3');
insert into EndScores (end_id, range_score_id, end_number, score_arrow1, score_arrow2, score_arrow3, score_arrow4, score_arrow5, score_arrow6) values ('5080', '847', '4', '9', '9', '8', '2', '1', '0');
insert into EndScores (end_id, range_score_id, end_number, score_arrow1, score_arrow2, score_arrow3, score_arrow4, score_arrow5, score_arrow6) values ('5081', '847', '5', '9', '9', '7', '3', '2', '1');
insert into EndScores (end_id, range_score_id, end_number, score_arrow1, score_arrow2, score_arrow3, score_arrow4, score_arrow5, score_arrow6) values ('5082', '847', '6', '8', '6', '4', '3', '1', '1');
insert into RangeScores (range_score_id, round_score_id, round_range_id) values ('848', '212', '8');
insert into EndScores (end_id, range_score_id, end_number, score_arrow1, score_arrow2, score_arrow3, score_arrow4, score_arrow5, score_arrow6) values ('5083', '848', '1', '9', '9', '5', '5', '2', '2');
insert into EndScores (end_id, range_score_id, end_number, score_arrow1, score_arrow2, score_arrow3, score_arrow4, score_arrow5, score_arrow6) values ('5084', '848', '2', '8', '7', '6', '3', '2', '0');
insert into EndScores (end_id, range_score_id, end_number, score_arrow1, score_arrow2, score_arrow3, score_arrow4, score_arrow5, score_arrow6) values ('5085', '848', '3', '9', '8', '6', '6', '5', '4');
insert into EndScores (end_id, range_score_id, end_number, score_arrow1, score_arrow2, score_arrow3, score_arrow4, score_arrow5, score_arrow6) values ('5086', '848', '4', '9', '8', '8', '6', '2', '0');
insert into EndScores (end_id, range_score_id, end_number, score_arrow1, score_arrow2, score_arrow3, score_arrow4, score_arrow5, score_arrow6) values ('5087', '848', '5', '7', '6', '6', '3', '2', '2');
insert into EndScores (end_id, range_score_id, end_number, score_arrow1, score_arrow2, score_arrow3, score_arrow4, score_arrow5, score_arrow6) values ('5088', '848', '6', '7', '7', '5', '5', '2', '1');
insert into CompetitionEnrolments (archer_id, competition_id) values ('215', '21');
insert into RoundScores (round_score_id, archer_id, competition_id, round_score_date_time, equipment_id, round_def_id, total_score, category_id) values ('213', '215', '21', '2023-04-23 13:56:15.773', 'R', '4', '570', '21');
insert into RangeScores (range_score_id, round_score_id, round_range_id) values ('849', '213', '13');
insert into EndScores (end_id, range_score_id, end_number, score_arrow1, score_arrow2, score_arrow3, score_arrow4, score_arrow5, score_arrow6) values ('5089', '849', '1', '8', '8', '5', '3', '1', '0');
insert into EndScores (end_id, range_score_id, end_number, score_arrow1, score_arrow2, score_arrow3, score_arrow4, score_arrow5, score_arrow6) values ('5090', '849', '2', '8', '4', '2', '2', '1', '0');
insert into EndScores (end_id, range_score_id, end_number, score_arrow1, score_arrow2, score_arrow3, score_arrow4, score_arrow5, score_arrow6) values ('5091', '849', '3', '4', '4', '3', '0', '0', '0');
insert into EndScores (end_id, range_score_id, end_number, score_arrow1, score_arrow2, score_arrow3, score_arrow4, score_arrow5, score_arrow6) values ('5092', '849', '4', '7', '5', '4', '3', '2', '1');
insert into EndScores (end_id, range_score_id, end_number, score_arrow1, score_arrow2, score_arrow3, score_arrow4, score_arrow5, score_arrow6) values ('5093', '849', '5', '9', '7', '3', '0', '0', '0');
insert into EndScores (end_id, range_score_id, end_number, score_arrow1, score_arrow2, score_arrow3, score_arrow4, score_arrow5, score_arrow6) values ('5094', '849', '6', '9', '8', '6', '4', '3', '1');
insert into RangeScores (range_score_id, round_score_id, round_range_id) values ('850', '213', '14');
insert into EndScores (end_id, range_score_id, end_number, score_arrow1, score_arrow2, score_arrow3, score_arrow4, score_arrow5, score_arrow6) values ('5095', '850', '1', '9', '8', '7', '5', '1', '1');
insert into EndScores (end_id, range_score_id, end_number, score_arrow1, score_arrow2, score_arrow3, score_arrow4, score_arrow5, score_arrow6) values ('5096', '850', '2', '5', '3', '2', '1', '1', '0');
insert into EndScores (end_id, range_score_id, end_number, score_arrow1, score_arrow2, score_arrow3, score_arrow4, score_arrow5, score_arrow6) values ('5097', '850', '3', '4', '4', '2', '2', '1', '0');
insert into EndScores (end_id, range_score_id, end_number, score_arrow1, score_arrow2, score_arrow3, score_arrow4, score_arrow5, score_arrow6) values ('5098', '850', '4', '9', '6', '5', '4', '3', '0');
insert into EndScores (end_id, range_score_id, end_number, score_arrow1, score_arrow2, score_arrow3, score_arrow4, score_arrow5, score_arrow6) values ('5099', '850', '5', '8', '5', '1', '1', '0', '0');
insert into EndScores (end_id, range_score_id, end_number, score_arrow1, score_arrow2, score_arrow3, score_arrow4, score_arrow5, score_arrow6) values ('5100', '850', '6', '8', '8', '6', '5', '3', '1');
insert into RangeScores (range_score_id, round_score_id, round_range_id) values ('851', '213', '15');
insert into EndScores (end_id, range_score_id, end_number, score_arrow1, score_arrow2, score_arrow3, score_arrow4, score_arrow5, score_arrow6) values ('5101', '851', '1', '9', '8', '8', '6', '5', '4');
insert into EndScores (end_id, range_score_id, end_number, score_arrow1, score_arrow2, score_arrow3, score_arrow4, score_arrow5, score_arrow6) values ('5102', '851', '2', '9', '7', '5', '5', '3', '0');
insert into EndScores (end_id, range_score_id, end_number, score_arrow1, score_arrow2, score_arrow3, score_arrow4, score_arrow5, score_arrow6) values ('5103', '851', '3', '9', '5', '4', '3', '0', '0');
insert into EndScores (end_id, range_score_id, end_number, score_arrow1, score_arrow2, score_arrow3, score_arrow4, score_arrow5, score_arrow6) values ('5104', '851', '4', '6', '5', '3', '0', '0', '0');
insert into EndScores (end_id, range_score_id, end_number, score_arrow1, score_arrow2, score_arrow3, score_arrow4, score_arrow5, score_arrow6) values ('5105', '851', '5', '9', '6', '6', '5', '4', '1');
insert into EndScores (end_id, range_score_id, end_number, score_arrow1, score_arrow2, score_arrow3, score_arrow4, score_arrow5, score_arrow6) values ('5106', '851', '6', '7', '6', '4', '4', '2', '0');
insert into RangeScores (range_score_id, round_score_id, round_range_id) values ('852', '213', '16');
insert into EndScores (end_id, range_score_id, end_number, score_arrow1, score_arrow2, score_arrow3, score_arrow4, score_arrow5, score_arrow6) values ('5107', '852', '1', '7', '6', '6', '5', '3', '1');
insert into EndScores (end_id, range_score_id, end_number, score_arrow1, score_arrow2, score_arrow3, score_arrow4, score_arrow5, score_arrow6) values ('5108', '852', '2', '8', '8', '4', '3', '3', '2');
insert into EndScores (end_id, range_score_id, end_number, score_arrow1, score_arrow2, score_arrow3, score_arrow4, score_arrow5, score_arrow6) values ('5109', '852', '3', '8', '7', '7', '7', '3', '0');
insert into EndScores (end_id, range_score_id, end_number, score_arrow1, score_arrow2, score_arrow3, score_arrow4, score_arrow5, score_arrow6) values ('5110', '852', '4', '8', '8', '6', '3', '1', '1');
insert into EndScores (end_id, range_score_id, end_number, score_arrow1, score_arrow2, score_arrow3, score_arrow4, score_arrow5, score_arrow6) values ('5111', '852', '5', '7', '5', '4', '3', '1', '0');
insert into EndScores (end_id, range_score_id, end_number, score_arrow1, score_arrow2, score_arrow3, score_arrow4, score_arrow5, score_arrow6) values ('5112', '852', '6', '9', '7', '5', '1', '1', '0');
insert into CompetitionEnrolments (archer_id, competition_id) values ('216', '1');
insert into RoundScores (round_score_id, archer_id, competition_id, round_score_date_time, equipment_id, round_def_id, total_score, category_id) values ('214', '216', '1', '2023-04-23 13:23:25.718', 'R', '1', '691', '1');
insert into RangeScores (range_score_id, round_score_id, round_range_id) values ('853', '214', '1');
insert into EndScores (end_id, range_score_id, end_number, score_arrow1, score_arrow2, score_arrow3, score_arrow4, score_arrow5, score_arrow6) values ('5113', '853', '1', '9', '6', '6', '6', '5', '1');
insert into EndScores (end_id, range_score_id, end_number, score_arrow1, score_arrow2, score_arrow3, score_arrow4, score_arrow5, score_arrow6) values ('5114', '853', '2', '8', '6', '6', '4', '3', '1');
insert into EndScores (end_id, range_score_id, end_number, score_arrow1, score_arrow2, score_arrow3, score_arrow4, score_arrow5, score_arrow6) values ('5115', '853', '3', '9', '6', '5', '5', '2', '0');
insert into EndScores (end_id, range_score_id, end_number, score_arrow1, score_arrow2, score_arrow3, score_arrow4, score_arrow5, score_arrow6) values ('5116', '853', '4', '9', '8', '7', '5', '4', '3');
insert into EndScores (end_id, range_score_id, end_number, score_arrow1, score_arrow2, score_arrow3, score_arrow4, score_arrow5, score_arrow6) values ('5117', '853', '5', '9', '7', '6', '5', '4', '0');
insert into EndScores (end_id, range_score_id, end_number, score_arrow1, score_arrow2, score_arrow3, score_arrow4, score_arrow5, score_arrow6) values ('5118', '853', '6', '9', '9', '6', '4', '3', '1');
insert into RangeScores (range_score_id, round_score_id, round_range_id) values ('854', '214', '2');
insert into EndScores (end_id, range_score_id, end_number, score_arrow1, score_arrow2, score_arrow3, score_arrow4, score_arrow5, score_arrow6) values ('5119', '854', '1', '9', '8', '7', '3', '0', '0');
insert into EndScores (end_id, range_score_id, end_number, score_arrow1, score_arrow2, score_arrow3, score_arrow4, score_arrow5, score_arrow6) values ('5120', '854', '2', '8', '8', '7', '5', '2', '2');
insert into EndScores (end_id, range_score_id, end_number, score_arrow1, score_arrow2, score_arrow3, score_arrow4, score_arrow5, score_arrow6) values ('5121', '854', '3', '8', '7', '2', '1', '0', '0');
insert into EndScores (end_id, range_score_id, end_number, score_arrow1, score_arrow2, score_arrow3, score_arrow4, score_arrow5, score_arrow6) values ('5122', '854', '4', '9', '9', '8', '6', '6', '1');
insert into EndScores (end_id, range_score_id, end_number, score_arrow1, score_arrow2, score_arrow3, score_arrow4, score_arrow5, score_arrow6) values ('5123', '854', '5', '8', '8', '7', '2', '2', '1');
insert into EndScores (end_id, range_score_id, end_number, score_arrow1, score_arrow2, score_arrow3, score_arrow4, score_arrow5, score_arrow6) values ('5124', '854', '6', '7', '7', '4', '4', '3', '1');
insert into RangeScores (range_score_id, round_score_id, round_range_id) values ('855', '214', '3');
insert into EndScores (end_id, range_score_id, end_number, score_arrow1, score_arrow2, score_arrow3, score_arrow4, score_arrow5, score_arrow6) values ('5125', '855', '1', '8', '8', '7', '3', '2', '0');
insert into EndScores (end_id, range_score_id, end_number, score_arrow1, score_arrow2, score_arrow3, score_arrow4, score_arrow5, score_arrow6) values ('5126', '855', '2', '9', '9', '6', '6', '2', '0');
insert into EndScores (end_id, range_score_id, end_number, score_arrow1, score_arrow2, score_arrow3, score_arrow4, score_arrow5, score_arrow6) values ('5127', '855', '3', '7', '7', '6', '5', '2', '1');
insert into EndScores (end_id, range_score_id, end_number, score_arrow1, score_arrow2, score_arrow3, score_arrow4, score_arrow5, score_arrow6) values ('5128', '855', '4', '9', '8', '7', '5', '1', '0');
insert into EndScores (end_id, range_score_id, end_number, score_arrow1, score_arrow2, score_arrow3, score_arrow4, score_arrow5, score_arrow6) values ('5129', '855', '5', '9', '4', '4', '2', '2', '0');
insert into EndScores (end_id, range_score_id, end_number, score_arrow1, score_arrow2, score_arrow3, score_arrow4, score_arrow5, score_arrow6) values ('5130', '855', '6', '9', '5', '5', '2', '1', '1');
insert into RangeScores (range_score_id, round_score_id, round_range_id) values ('856', '214', '4');
insert into EndScores (end_id, range_score_id, end_number, score_arrow1, score_arrow2, score_arrow3, score_arrow4, score_arrow5, score_arrow6) values ('5131', '856', '1', '8', '6', '4', '2', '2', '0');
insert into EndScores (end_id, range_score_id, end_number, score_arrow1, score_arrow2, score_arrow3, score_arrow4, score_arrow5, score_arrow6) values ('5132', '856', '2', '9', '7', '6', '5', '4', '1');
insert into EndScores (end_id, range_score_id, end_number, score_arrow1, score_arrow2, score_arrow3, score_arrow4, score_arrow5, score_arrow6) values ('5133', '856', '3', '8', '8', '7', '2', '2', '1');
insert into EndScores (end_id, range_score_id, end_number, score_arrow1, score_arrow2, score_arrow3, score_arrow4, score_arrow5, score_arrow6) values ('5134', '856', '4', '6', '6', '6', '4', '4', '2');
insert into EndScores (end_id, range_score_id, end_number, score_arrow1, score_arrow2, score_arrow3, score_arrow4, score_arrow5, score_arrow6) values ('5135', '856', '5', '8', '6', '5', '4', '3', '1');
insert into EndScores (end_id, range_score_id, end_number, score_arrow1, score_arrow2, score_arrow3, score_arrow4, score_arrow5, score_arrow6) values ('5136', '856', '6', '9', '8', '7', '5', '5', '1');
insert into CompetitionEnrolments (archer_id, competition_id) values ('217', '26');
insert into RoundScores (round_score_id, archer_id, competition_id, round_score_date_time, equipment_id, round_def_id, total_score, category_id) values ('215', '217', '26', '2023-04-23 11:1:43.647', 'C', '3', '687', '26');
insert into RangeScores (range_score_id, round_score_id, round_range_id) values ('857', '215', '9');
insert into EndScores (end_id, range_score_id, end_number, score_arrow1, score_arrow2, score_arrow3, score_arrow4, score_arrow5, score_arrow6) values ('5137', '857', '1', '6', '5', '4', '3', '3', '1');
insert into EndScores (end_id, range_score_id, end_number, score_arrow1, score_arrow2, score_arrow3, score_arrow4, score_arrow5, score_arrow6) values ('5138', '857', '2', '7', '5', '4', '3', '1', '1');
insert into EndScores (end_id, range_score_id, end_number, score_arrow1, score_arrow2, score_arrow3, score_arrow4, score_arrow5, score_arrow6) values ('5139', '857', '3', '8', '7', '5', '3', '2', '1');
insert into EndScores (end_id, range_score_id, end_number, score_arrow1, score_arrow2, score_arrow3, score_arrow4, score_arrow5, score_arrow6) values ('5140', '857', '4', '9', '6', '6', '6', '3', '0');
insert into EndScores (end_id, range_score_id, end_number, score_arrow1, score_arrow2, score_arrow3, score_arrow4, score_arrow5, score_arrow6) values ('5141', '857', '5', '9', '9', '9', '4', '4', '0');
insert into EndScores (end_id, range_score_id, end_number, score_arrow1, score_arrow2, score_arrow3, score_arrow4, score_arrow5, score_arrow6) values ('5142', '857', '6', '5', '5', '5', '4', '2', '1');
insert into RangeScores (range_score_id, round_score_id, round_range_id) values ('858', '215', '10');
insert into EndScores (end_id, range_score_id, end_number, score_arrow1, score_arrow2, score_arrow3, score_arrow4, score_arrow5, score_arrow6) values ('5143', '858', '1', '9', '9', '7', '4', '1', '0');
insert into EndScores (end_id, range_score_id, end_number, score_arrow1, score_arrow2, score_arrow3, score_arrow4, score_arrow5, score_arrow6) values ('5144', '858', '2', '9', '9', '6', '5', '5', '4');
insert into EndScores (end_id, range_score_id, end_number, score_arrow1, score_arrow2, score_arrow3, score_arrow4, score_arrow5, score_arrow6) values ('5145', '858', '3', '8', '8', '5', '4', '1', '0');
insert into EndScores (end_id, range_score_id, end_number, score_arrow1, score_arrow2, score_arrow3, score_arrow4, score_arrow5, score_arrow6) values ('5146', '858', '4', '8', '8', '7', '3', '3', '2');
insert into EndScores (end_id, range_score_id, end_number, score_arrow1, score_arrow2, score_arrow3, score_arrow4, score_arrow5, score_arrow6) values ('5147', '858', '5', '8', '7', '7', '7', '3', '3');
insert into EndScores (end_id, range_score_id, end_number, score_arrow1, score_arrow2, score_arrow3, score_arrow4, score_arrow5, score_arrow6) values ('5148', '858', '6', '9', '8', '8', '3', '0', '0');
insert into RangeScores (range_score_id, round_score_id, round_range_id) values ('859', '215', '11');
insert into EndScores (end_id, range_score_id, end_number, score_arrow1, score_arrow2, score_arrow3, score_arrow4, score_arrow5, score_arrow6) values ('5149', '859', '1', '8', '6', '5', '5', '3', '0');
insert into EndScores (end_id, range_score_id, end_number, score_arrow1, score_arrow2, score_arrow3, score_arrow4, score_arrow5, score_arrow6) values ('5150', '859', '2', '8', '6', '3', '3', '1', '1');
insert into EndScores (end_id, range_score_id, end_number, score_arrow1, score_arrow2, score_arrow3, score_arrow4, score_arrow5, score_arrow6) values ('5151', '859', '3', '8', '8', '7', '6', '2', '1');
insert into EndScores (end_id, range_score_id, end_number, score_arrow1, score_arrow2, score_arrow3, score_arrow4, score_arrow5, score_arrow6) values ('5152', '859', '4', '8', '8', '7', '7', '6', '1');
insert into EndScores (end_id, range_score_id, end_number, score_arrow1, score_arrow2, score_arrow3, score_arrow4, score_arrow5, score_arrow6) values ('5153', '859', '5', '8', '7', '7', '4', '3', '3');
insert into EndScores (end_id, range_score_id, end_number, score_arrow1, score_arrow2, score_arrow3, score_arrow4, score_arrow5, score_arrow6) values ('5154', '859', '6', '8', '4', '4', '4', '4', '2');
insert into RangeScores (range_score_id, round_score_id, round_range_id) values ('860', '215', '12');
insert into EndScores (end_id, range_score_id, end_number, score_arrow1, score_arrow2, score_arrow3, score_arrow4, score_arrow5, score_arrow6) values ('5155', '860', '1', '7', '6', '6', '2', '2', '1');
insert into EndScores (end_id, range_score_id, end_number, score_arrow1, score_arrow2, score_arrow3, score_arrow4, score_arrow5, score_arrow6) values ('5156', '860', '2', '9', '8', '7', '6', '6', '5');
insert into EndScores (end_id, range_score_id, end_number, score_arrow1, score_arrow2, score_arrow3, score_arrow4, score_arrow5, score_arrow6) values ('5157', '860', '3', '6', '5', '5', '3', '2', '1');
insert into EndScores (end_id, range_score_id, end_number, score_arrow1, score_arrow2, score_arrow3, score_arrow4, score_arrow5, score_arrow6) values ('5158', '860', '4', '8', '6', '6', '5', '4', '0');
insert into EndScores (end_id, range_score_id, end_number, score_arrow1, score_arrow2, score_arrow3, score_arrow4, score_arrow5, score_arrow6) values ('5159', '860', '5', '9', '7', '2', '2', '0', '0');
insert into EndScores (end_id, range_score_id, end_number, score_arrow1, score_arrow2, score_arrow3, score_arrow4, score_arrow5, score_arrow6) values ('5160', '860', '6', '9', '8', '8', '3', '3', '0');
insert into CompetitionEnrolments (archer_id, competition_id) values ('218', '19');
insert into RoundScores (round_score_id, archer_id, competition_id, round_score_date_time, equipment_id, round_def_id, total_score, category_id) values ('216', '218', '19', '2023-04-23 9:7:51.746', 'B', '3', '664', '19');
insert into RangeScores (range_score_id, round_score_id, round_range_id) values ('861', '216', '9');
insert into EndScores (end_id, range_score_id, end_number, score_arrow1, score_arrow2, score_arrow3, score_arrow4, score_arrow5, score_arrow6) values ('5161', '861', '1', '9', '8', '5', '5', '4', '4');
insert into EndScores (end_id, range_score_id, end_number, score_arrow1, score_arrow2, score_arrow3, score_arrow4, score_arrow5, score_arrow6) values ('5162', '861', '2', '6', '4', '4', '2', '1', '1');
insert into EndScores (end_id, range_score_id, end_number, score_arrow1, score_arrow2, score_arrow3, score_arrow4, score_arrow5, score_arrow6) values ('5163', '861', '3', '9', '9', '8', '8', '0', '0');
insert into EndScores (end_id, range_score_id, end_number, score_arrow1, score_arrow2, score_arrow3, score_arrow4, score_arrow5, score_arrow6) values ('5164', '861', '4', '9', '8', '7', '4', '3', '1');
insert into EndScores (end_id, range_score_id, end_number, score_arrow1, score_arrow2, score_arrow3, score_arrow4, score_arrow5, score_arrow6) values ('5165', '861', '5', '7', '6', '6', '5', '3', '2');
insert into EndScores (end_id, range_score_id, end_number, score_arrow1, score_arrow2, score_arrow3, score_arrow4, score_arrow5, score_arrow6) values ('5166', '861', '6', '9', '8', '6', '5', '4', '0');
insert into RangeScores (range_score_id, round_score_id, round_range_id) values ('862', '216', '10');
insert into EndScores (end_id, range_score_id, end_number, score_arrow1, score_arrow2, score_arrow3, score_arrow4, score_arrow5, score_arrow6) values ('5167', '862', '1', '8', '8', '4', '3', '0', '0');
insert into EndScores (end_id, range_score_id, end_number, score_arrow1, score_arrow2, score_arrow3, score_arrow4, score_arrow5, score_arrow6) values ('5168', '862', '2', '9', '9', '8', '8', '6', '3');
insert into EndScores (end_id, range_score_id, end_number, score_arrow1, score_arrow2, score_arrow3, score_arrow4, score_arrow5, score_arrow6) values ('5169', '862', '3', '9', '7', '7', '7', '6', '1');
insert into EndScores (end_id, range_score_id, end_number, score_arrow1, score_arrow2, score_arrow3, score_arrow4, score_arrow5, score_arrow6) values ('5170', '862', '4', '8', '7', '6', '6', '3', '3');
insert into EndScores (end_id, range_score_id, end_number, score_arrow1, score_arrow2, score_arrow3, score_arrow4, score_arrow5, score_arrow6) values ('5171', '862', '5', '7', '6', '4', '1', '1', '0');
insert into EndScores (end_id, range_score_id, end_number, score_arrow1, score_arrow2, score_arrow3, score_arrow4, score_arrow5, score_arrow6) values ('5172', '862', '6', '6', '4', '3', '1', '0', '0');
insert into RangeScores (range_score_id, round_score_id, round_range_id) values ('863', '216', '11');
insert into EndScores (end_id, range_score_id, end_number, score_arrow1, score_arrow2, score_arrow3, score_arrow4, score_arrow5, score_arrow6) values ('5173', '863', '1', '9', '9', '7', '0', '0', '0');
insert into EndScores (end_id, range_score_id, end_number, score_arrow1, score_arrow2, score_arrow3, score_arrow4, score_arrow5, score_arrow6) values ('5174', '863', '2', '8', '6', '6', '3', '1', '0');
insert into EndScores (end_id, range_score_id, end_number, score_arrow1, score_arrow2, score_arrow3, score_arrow4, score_arrow5, score_arrow6) values ('5175', '863', '3', '4', '2', '2', '1', '1', '0');
insert into EndScores (end_id, range_score_id, end_number, score_arrow1, score_arrow2, score_arrow3, score_arrow4, score_arrow5, score_arrow6) values ('5176', '863', '4', '9', '8', '6', '6', '6', '2');
insert into EndScores (end_id, range_score_id, end_number, score_arrow1, score_arrow2, score_arrow3, score_arrow4, score_arrow5, score_arrow6) values ('5177', '863', '5', '9', '8', '8', '3', '3', '2');
insert into EndScores (end_id, range_score_id, end_number, score_arrow1, score_arrow2, score_arrow3, score_arrow4, score_arrow5, score_arrow6) values ('5178', '863', '6', '8', '7', '5', '4', '3', '3');
insert into RangeScores (range_score_id, round_score_id, round_range_id) values ('864', '216', '12');
insert into EndScores (end_id, range_score_id, end_number, score_arrow1, score_arrow2, score_arrow3, score_arrow4, score_arrow5, score_arrow6) values ('5179', '864', '1', '9', '7', '3', '1', '0', '0');
insert into EndScores (end_id, range_score_id, end_number, score_arrow1, score_arrow2, score_arrow3, score_arrow4, score_arrow5, score_arrow6) values ('5180', '864', '2', '7', '6', '6', '2', '1', '0');
insert into EndScores (end_id, range_score_id, end_number, score_arrow1, score_arrow2, score_arrow3, score_arrow4, score_arrow5, score_arrow6) values ('5181', '864', '3', '9', '8', '7', '7', '6', '1');
insert into EndScores (end_id, range_score_id, end_number, score_arrow1, score_arrow2, score_arrow3, score_arrow4, score_arrow5, score_arrow6) values ('5182', '864', '4', '6', '5', '5', '4', '4', '3');
insert into EndScores (end_id, range_score_id, end_number, score_arrow1, score_arrow2, score_arrow3, score_arrow4, score_arrow5, score_arrow6) values ('5183', '864', '5', '9', '9', '4', '2', '2', '0');
insert into EndScores (end_id, range_score_id, end_number, score_arrow1, score_arrow2, score_arrow3, score_arrow4, score_arrow5, score_arrow6) values ('5184', '864', '6', '8', '6', '5', '2', '1', '1');
insert into CompetitionEnrolments (archer_id, competition_id) values ('219', '14');
insert into RoundScores (round_score_id, archer_id, competition_id, round_score_date_time, equipment_id, round_def_id, total_score, category_id) values ('217', '219', '14', '2023-04-23 15:57:44.620', 'C', '3', '659', '14');
insert into RangeScores (range_score_id, round_score_id, round_range_id) values ('865', '217', '9');
insert into EndScores (end_id, range_score_id, end_number, score_arrow1, score_arrow2, score_arrow3, score_arrow4, score_arrow5, score_arrow6) values ('5185', '865', '1', '7', '5', '4', '4', '2', '1');
insert into EndScores (end_id, range_score_id, end_number, score_arrow1, score_arrow2, score_arrow3, score_arrow4, score_arrow5, score_arrow6) values ('5186', '865', '2', '8', '8', '4', '2', '1', '0');
insert into EndScores (end_id, range_score_id, end_number, score_arrow1, score_arrow2, score_arrow3, score_arrow4, score_arrow5, score_arrow6) values ('5187', '865', '3', '9', '7', '5', '4', '4', '3');
insert into EndScores (end_id, range_score_id, end_number, score_arrow1, score_arrow2, score_arrow3, score_arrow4, score_arrow5, score_arrow6) values ('5188', '865', '4', '8', '6', '6', '2', '1', '0');
insert into EndScores (end_id, range_score_id, end_number, score_arrow1, score_arrow2, score_arrow3, score_arrow4, score_arrow5, score_arrow6) values ('5189', '865', '5', '9', '8', '1', '0', '0', '0');
insert into EndScores (end_id, range_score_id, end_number, score_arrow1, score_arrow2, score_arrow3, score_arrow4, score_arrow5, score_arrow6) values ('5190', '865', '6', '7', '4', '4', '3', '2', '1');
insert into RangeScores (range_score_id, round_score_id, round_range_id) values ('866', '217', '10');
insert into EndScores (end_id, range_score_id, end_number, score_arrow1, score_arrow2, score_arrow3, score_arrow4, score_arrow5, score_arrow6) values ('5191', '866', '1', '8', '8', '7', '5', '4', '2');
insert into EndScores (end_id, range_score_id, end_number, score_arrow1, score_arrow2, score_arrow3, score_arrow4, score_arrow5, score_arrow6) values ('5192', '866', '2', '8', '7', '5', '4', '2', '1');
insert into EndScores (end_id, range_score_id, end_number, score_arrow1, score_arrow2, score_arrow3, score_arrow4, score_arrow5, score_arrow6) values ('5193', '866', '3', '9', '8', '5', '5', '4', '3');
insert into EndScores (end_id, range_score_id, end_number, score_arrow1, score_arrow2, score_arrow3, score_arrow4, score_arrow5, score_arrow6) values ('5194', '866', '4', '9', '6', '5', '3', '1', '0');
insert into EndScores (end_id, range_score_id, end_number, score_arrow1, score_arrow2, score_arrow3, score_arrow4, score_arrow5, score_arrow6) values ('5195', '866', '5', '9', '6', '5', '3', '2', '0');
insert into EndScores (end_id, range_score_id, end_number, score_arrow1, score_arrow2, score_arrow3, score_arrow4, score_arrow5, score_arrow6) values ('5196', '866', '6', '9', '3', '2', '2', '2', '1');
insert into RangeScores (range_score_id, round_score_id, round_range_id) values ('867', '217', '11');
insert into EndScores (end_id, range_score_id, end_number, score_arrow1, score_arrow2, score_arrow3, score_arrow4, score_arrow5, score_arrow6) values ('5197', '867', '1', '9', '9', '7', '5', '2', '1');
insert into EndScores (end_id, range_score_id, end_number, score_arrow1, score_arrow2, score_arrow3, score_arrow4, score_arrow5, score_arrow6) values ('5198', '867', '2', '8', '8', '6', '4', '2', '1');
insert into EndScores (end_id, range_score_id, end_number, score_arrow1, score_arrow2, score_arrow3, score_arrow4, score_arrow5, score_arrow6) values ('5199', '867', '3', '8', '7', '7', '0', '0', '0');
insert into EndScores (end_id, range_score_id, end_number, score_arrow1, score_arrow2, score_arrow3, score_arrow4, score_arrow5, score_arrow6) values ('5200', '867', '4', '8', '7', '7', '6', '2', '0');
insert into EndScores (end_id, range_score_id, end_number, score_arrow1, score_arrow2, score_arrow3, score_arrow4, score_arrow5, score_arrow6) values ('5201', '867', '5', '9', '9', '7', '7', '2', '1');
insert into EndScores (end_id, range_score_id, end_number, score_arrow1, score_arrow2, score_arrow3, score_arrow4, score_arrow5, score_arrow6) values ('5202', '867', '6', '9', '4', '3', '2', '0', '0');
insert into RangeScores (range_score_id, round_score_id, round_range_id) values ('868', '217', '12');
insert into EndScores (end_id, range_score_id, end_number, score_arrow1, score_arrow2, score_arrow3, score_arrow4, score_arrow5, score_arrow6) values ('5203', '868', '1', '9', '7', '5', '4', '1', '0');
insert into EndScores (end_id, range_score_id, end_number, score_arrow1, score_arrow2, score_arrow3, score_arrow4, score_arrow5, score_arrow6) values ('5204', '868', '2', '8', '6', '6', '5', '5', '1');
insert into EndScores (end_id, range_score_id, end_number, score_arrow1, score_arrow2, score_arrow3, score_arrow4, score_arrow5, score_arrow6) values ('5205', '868', '3', '9', '9', '8', '6', '4', '3');
insert into EndScores (end_id, range_score_id, end_number, score_arrow1, score_arrow2, score_arrow3, score_arrow4, score_arrow5, score_arrow6) values ('5206', '868', '4', '9', '6', '6', '4', '4', '1');
insert into EndScores (end_id, range_score_id, end_number, score_arrow1, score_arrow2, score_arrow3, score_arrow4, score_arrow5, score_arrow6) values ('5207', '868', '5', '6', '6', '6', '6', '5', '4');
insert into EndScores (end_id, range_score_id, end_number, score_arrow1, score_arrow2, score_arrow3, score_arrow4, score_arrow5, score_arrow6) values ('5208', '868', '6', '9', '8', '6', '5', '2', '0');
insert into CompetitionEnrolments (archer_id, competition_id) values ('220', '3');
insert into RoundScores (round_score_id, archer_id, competition_id, round_score_date_time, equipment_id, round_def_id, total_score, category_id) values ('218', '220', '3', '2023-04-23 14:2:29.296', 'B', '2', '686', '3');
insert into RangeScores (range_score_id, round_score_id, round_range_id) values ('869', '218', '5');
insert into EndScores (end_id, range_score_id, end_number, score_arrow1, score_arrow2, score_arrow3, score_arrow4, score_arrow5, score_arrow6) values ('5209', '869', '1', '8', '8', '7', '6', '6', '5');
insert into EndScores (end_id, range_score_id, end_number, score_arrow1, score_arrow2, score_arrow3, score_arrow4, score_arrow5, score_arrow6) values ('5210', '869', '2', '7', '7', '5', '5', '1', '0');
insert into EndScores (end_id, range_score_id, end_number, score_arrow1, score_arrow2, score_arrow3, score_arrow4, score_arrow5, score_arrow6) values ('5211', '869', '3', '7', '7', '7', '5', '1', '1');
insert into EndScores (end_id, range_score_id, end_number, score_arrow1, score_arrow2, score_arrow3, score_arrow4, score_arrow5, score_arrow6) values ('5212', '869', '4', '8', '8', '6', '3', '1', '0');
insert into EndScores (end_id, range_score_id, end_number, score_arrow1, score_arrow2, score_arrow3, score_arrow4, score_arrow5, score_arrow6) values ('5213', '869', '5', '5', '3', '2', '2', '2', '1');
insert into EndScores (end_id, range_score_id, end_number, score_arrow1, score_arrow2, score_arrow3, score_arrow4, score_arrow5, score_arrow6) values ('5214', '869', '6', '9', '8', '5', '4', '2', '1');
insert into RangeScores (range_score_id, round_score_id, round_range_id) values ('870', '218', '6');
insert into EndScores (end_id, range_score_id, end_number, score_arrow1, score_arrow2, score_arrow3, score_arrow4, score_arrow5, score_arrow6) values ('5215', '870', '1', '9', '8', '7', '5', '5', '3');
insert into EndScores (end_id, range_score_id, end_number, score_arrow1, score_arrow2, score_arrow3, score_arrow4, score_arrow5, score_arrow6) values ('5216', '870', '2', '9', '8', '3', '3', '2', '0');
insert into EndScores (end_id, range_score_id, end_number, score_arrow1, score_arrow2, score_arrow3, score_arrow4, score_arrow5, score_arrow6) values ('5217', '870', '3', '7', '7', '6', '5', '4', '0');
insert into EndScores (end_id, range_score_id, end_number, score_arrow1, score_arrow2, score_arrow3, score_arrow4, score_arrow5, score_arrow6) values ('5218', '870', '4', '9', '8', '6', '6', '5', '0');
insert into EndScores (end_id, range_score_id, end_number, score_arrow1, score_arrow2, score_arrow3, score_arrow4, score_arrow5, score_arrow6) values ('5219', '870', '5', '8', '8', '7', '6', '6', '2');
insert into EndScores (end_id, range_score_id, end_number, score_arrow1, score_arrow2, score_arrow3, score_arrow4, score_arrow5, score_arrow6) values ('5220', '870', '6', '9', '7', '4', '4', '4', '3');
insert into RangeScores (range_score_id, round_score_id, round_range_id) values ('871', '218', '7');
insert into EndScores (end_id, range_score_id, end_number, score_arrow1, score_arrow2, score_arrow3, score_arrow4, score_arrow5, score_arrow6) values ('5221', '871', '1', '7', '7', '4', '3', '1', '1');
insert into EndScores (end_id, range_score_id, end_number, score_arrow1, score_arrow2, score_arrow3, score_arrow4, score_arrow5, score_arrow6) values ('5222', '871', '2', '9', '9', '7', '5', '1', '0');
insert into EndScores (end_id, range_score_id, end_number, score_arrow1, score_arrow2, score_arrow3, score_arrow4, score_arrow5, score_arrow6) values ('5223', '871', '3', '9', '7', '6', '3', '1', '1');
insert into EndScores (end_id, range_score_id, end_number, score_arrow1, score_arrow2, score_arrow3, score_arrow4, score_arrow5, score_arrow6) values ('5224', '871', '4', '8', '7', '4', '4', '0', '0');
insert into EndScores (end_id, range_score_id, end_number, score_arrow1, score_arrow2, score_arrow3, score_arrow4, score_arrow5, score_arrow6) values ('5225', '871', '5', '9', '7', '4', '3', '3', '2');
insert into EndScores (end_id, range_score_id, end_number, score_arrow1, score_arrow2, score_arrow3, score_arrow4, score_arrow5, score_arrow6) values ('5226', '871', '6', '9', '9', '8', '8', '6', '5');
insert into RangeScores (range_score_id, round_score_id, round_range_id) values ('872', '218', '8');
insert into EndScores (end_id, range_score_id, end_number, score_arrow1, score_arrow2, score_arrow3, score_arrow4, score_arrow5, score_arrow6) values ('5227', '872', '1', '9', '9', '6', '5', '2', '2');
insert into EndScores (end_id, range_score_id, end_number, score_arrow1, score_arrow2, score_arrow3, score_arrow4, score_arrow5, score_arrow6) values ('5228', '872', '2', '9', '7', '5', '4', '2', '1');
insert into EndScores (end_id, range_score_id, end_number, score_arrow1, score_arrow2, score_arrow3, score_arrow4, score_arrow5, score_arrow6) values ('5229', '872', '3', '6', '5', '4', '1', '0', '0');
insert into EndScores (end_id, range_score_id, end_number, score_arrow1, score_arrow2, score_arrow3, score_arrow4, score_arrow5, score_arrow6) values ('5230', '872', '4', '9', '8', '6', '6', '4', '2');
insert into EndScores (end_id, range_score_id, end_number, score_arrow1, score_arrow2, score_arrow3, score_arrow4, score_arrow5, score_arrow6) values ('5231', '872', '5', '4', '4', '2', '2', '1', '1');
insert into EndScores (end_id, range_score_id, end_number, score_arrow1, score_arrow2, score_arrow3, score_arrow4, score_arrow5, score_arrow6) values ('5232', '872', '6', '9', '6', '6', '4', '2', '0');
insert into CompetitionEnrolments (archer_id, competition_id) values ('221', '5');
insert into RoundScores (round_score_id, archer_id, competition_id, round_score_date_time, equipment_id, round_def_id, total_score, category_id) values ('219', '221', '5', '2023-04-23 10:1:45.776', 'R', '2', '647', '5');
insert into RangeScores (range_score_id, round_score_id, round_range_id) values ('873', '219', '5');
insert into EndScores (end_id, range_score_id, end_number, score_arrow1, score_arrow2, score_arrow3, score_arrow4, score_arrow5, score_arrow6) values ('5233', '873', '1', '8', '5', '4', '4', '4', '3');
insert into EndScores (end_id, range_score_id, end_number, score_arrow1, score_arrow2, score_arrow3, score_arrow4, score_arrow5, score_arrow6) values ('5234', '873', '2', '8', '7', '6', '5', '4', '3');
insert into EndScores (end_id, range_score_id, end_number, score_arrow1, score_arrow2, score_arrow3, score_arrow4, score_arrow5, score_arrow6) values ('5235', '873', '3', '9', '4', '2', '0', '0', '0');
insert into EndScores (end_id, range_score_id, end_number, score_arrow1, score_arrow2, score_arrow3, score_arrow4, score_arrow5, score_arrow6) values ('5236', '873', '4', '6', '6', '5', '4', '2', '1');
insert into EndScores (end_id, range_score_id, end_number, score_arrow1, score_arrow2, score_arrow3, score_arrow4, score_arrow5, score_arrow6) values ('5237', '873', '5', '9', '8', '6', '5', '4', '3');
insert into EndScores (end_id, range_score_id, end_number, score_arrow1, score_arrow2, score_arrow3, score_arrow4, score_arrow5, score_arrow6) values ('5238', '873', '6', '9', '8', '7', '6', '2', '1');
insert into RangeScores (range_score_id, round_score_id, round_range_id) values ('874', '219', '6');
insert into EndScores (end_id, range_score_id, end_number, score_arrow1, score_arrow2, score_arrow3, score_arrow4, score_arrow5, score_arrow6) values ('5239', '874', '1', '9', '4', '2', '2', '2', '2');
insert into EndScores (end_id, range_score_id, end_number, score_arrow1, score_arrow2, score_arrow3, score_arrow4, score_arrow5, score_arrow6) values ('5240', '874', '2', '8', '8', '4', '3', '3', '3');
insert into EndScores (end_id, range_score_id, end_number, score_arrow1, score_arrow2, score_arrow3, score_arrow4, score_arrow5, score_arrow6) values ('5241', '874', '3', '9', '9', '7', '6', '4', '0');
insert into EndScores (end_id, range_score_id, end_number, score_arrow1, score_arrow2, score_arrow3, score_arrow4, score_arrow5, score_arrow6) values ('5242', '874', '4', '7', '7', '6', '4', '0', '0');
insert into EndScores (end_id, range_score_id, end_number, score_arrow1, score_arrow2, score_arrow3, score_arrow4, score_arrow5, score_arrow6) values ('5243', '874', '5', '9', '5', '5', '5', '4', '0');
insert into EndScores (end_id, range_score_id, end_number, score_arrow1, score_arrow2, score_arrow3, score_arrow4, score_arrow5, score_arrow6) values ('5244', '874', '6', '3', '2', '1', '1', '0', '0');
insert into RangeScores (range_score_id, round_score_id, round_range_id) values ('875', '219', '7');
insert into EndScores (end_id, range_score_id, end_number, score_arrow1, score_arrow2, score_arrow3, score_arrow4, score_arrow5, score_arrow6) values ('5245', '875', '1', '8', '7', '5', '4', '4', '0');
insert into EndScores (end_id, range_score_id, end_number, score_arrow1, score_arrow2, score_arrow3, score_arrow4, score_arrow5, score_arrow6) values ('5246', '875', '2', '9', '9', '8', '7', '4', '3');
insert into EndScores (end_id, range_score_id, end_number, score_arrow1, score_arrow2, score_arrow3, score_arrow4, score_arrow5, score_arrow6) values ('5247', '875', '3', '8', '7', '5', '3', '1', '1');
insert into EndScores (end_id, range_score_id, end_number, score_arrow1, score_arrow2, score_arrow3, score_arrow4, score_arrow5, score_arrow6) values ('5248', '875', '4', '8', '7', '6', '4', '0', '0');
insert into EndScores (end_id, range_score_id, end_number, score_arrow1, score_arrow2, score_arrow3, score_arrow4, score_arrow5, score_arrow6) values ('5249', '875', '5', '9', '8', '4', '2', '2', '2');
insert into EndScores (end_id, range_score_id, end_number, score_arrow1, score_arrow2, score_arrow3, score_arrow4, score_arrow5, score_arrow6) values ('5250', '875', '6', '9', '7', '5', '3', '2', '1');
insert into RangeScores (range_score_id, round_score_id, round_range_id) values ('876', '219', '8');
insert into EndScores (end_id, range_score_id, end_number, score_arrow1, score_arrow2, score_arrow3, score_arrow4, score_arrow5, score_arrow6) values ('5251', '876', '1', '9', '7', '6', '5', '4', '2');
insert into EndScores (end_id, range_score_id, end_number, score_arrow1, score_arrow2, score_arrow3, score_arrow4, score_arrow5, score_arrow6) values ('5252', '876', '2', '7', '5', '4', '4', '1', '1');
insert into EndScores (end_id, range_score_id, end_number, score_arrow1, score_arrow2, score_arrow3, score_arrow4, score_arrow5, score_arrow6) values ('5253', '876', '3', '7', '7', '3', '3', '0', '0');
insert into EndScores (end_id, range_score_id, end_number, score_arrow1, score_arrow2, score_arrow3, score_arrow4, score_arrow5, score_arrow6) values ('5254', '876', '4', '9', '8', '7', '7', '3', '1');
insert into EndScores (end_id, range_score_id, end_number, score_arrow1, score_arrow2, score_arrow3, score_arrow4, score_arrow5, score_arrow6) values ('5255', '876', '5', '8', '5', '4', '2', '1', '1');
insert into EndScores (end_id, range_score_id, end_number, score_arrow1, score_arrow2, score_arrow3, score_arrow4, score_arrow5, score_arrow6) values ('5256', '876', '6', '8', '7', '5', '5', '4', '3');
insert into CompetitionEnrolments (archer_id, competition_id) values ('222', '1');
insert into RoundScores (round_score_id, archer_id, competition_id, round_score_date_time, equipment_id, round_def_id, total_score, category_id) values ('220', '222', '1', '2023-04-23 18:56:48.191', 'R', '1', '633', '1');
insert into RangeScores (range_score_id, round_score_id, round_range_id) values ('877', '220', '1');
insert into EndScores (end_id, range_score_id, end_number, score_arrow1, score_arrow2, score_arrow3, score_arrow4, score_arrow5, score_arrow6) values ('5257', '877', '1', '7', '6', '5', '2', '0', '0');
insert into EndScores (end_id, range_score_id, end_number, score_arrow1, score_arrow2, score_arrow3, score_arrow4, score_arrow5, score_arrow6) values ('5258', '877', '2', '6', '6', '6', '3', '3', '1');
insert into EndScores (end_id, range_score_id, end_number, score_arrow1, score_arrow2, score_arrow3, score_arrow4, score_arrow5, score_arrow6) values ('5259', '877', '3', '8', '8', '6', '4', '1', '0');
insert into EndScores (end_id, range_score_id, end_number, score_arrow1, score_arrow2, score_arrow3, score_arrow4, score_arrow5, score_arrow6) values ('5260', '877', '4', '8', '5', '4', '4', '3', '2');
insert into EndScores (end_id, range_score_id, end_number, score_arrow1, score_arrow2, score_arrow3, score_arrow4, score_arrow5, score_arrow6) values ('5261', '877', '5', '6', '5', '4', '3', '3', '3');
insert into EndScores (end_id, range_score_id, end_number, score_arrow1, score_arrow2, score_arrow3, score_arrow4, score_arrow5, score_arrow6) values ('5262', '877', '6', '9', '8', '6', '5', '3', '2');
insert into RangeScores (range_score_id, round_score_id, round_range_id) values ('878', '220', '2');
insert into EndScores (end_id, range_score_id, end_number, score_arrow1, score_arrow2, score_arrow3, score_arrow4, score_arrow5, score_arrow6) values ('5263', '878', '1', '9', '8', '6', '3', '1', '0');
insert into EndScores (end_id, range_score_id, end_number, score_arrow1, score_arrow2, score_arrow3, score_arrow4, score_arrow5, score_arrow6) values ('5264', '878', '2', '7', '7', '2', '2', '2', '1');
insert into EndScores (end_id, range_score_id, end_number, score_arrow1, score_arrow2, score_arrow3, score_arrow4, score_arrow5, score_arrow6) values ('5265', '878', '3', '9', '6', '4', '3', '3', '1');
insert into EndScores (end_id, range_score_id, end_number, score_arrow1, score_arrow2, score_arrow3, score_arrow4, score_arrow5, score_arrow6) values ('5266', '878', '4', '9', '8', '8', '8', '8', '8');
insert into EndScores (end_id, range_score_id, end_number, score_arrow1, score_arrow2, score_arrow3, score_arrow4, score_arrow5, score_arrow6) values ('5267', '878', '5', '9', '7', '6', '4', '4', '3');
insert into EndScores (end_id, range_score_id, end_number, score_arrow1, score_arrow2, score_arrow3, score_arrow4, score_arrow5, score_arrow6) values ('5268', '878', '6', '4', '4', '2', '2', '1', '0');
insert into RangeScores (range_score_id, round_score_id, round_range_id) values ('879', '220', '3');
insert into EndScores (end_id, range_score_id, end_number, score_arrow1, score_arrow2, score_arrow3, score_arrow4, score_arrow5, score_arrow6) values ('5269', '879', '1', '8', '7', '7', '7', '5', '1');
insert into EndScores (end_id, range_score_id, end_number, score_arrow1, score_arrow2, score_arrow3, score_arrow4, score_arrow5, score_arrow6) values ('5270', '879', '2', '8', '8', '8', '6', '2', '2');
insert into EndScores (end_id, range_score_id, end_number, score_arrow1, score_arrow2, score_arrow3, score_arrow4, score_arrow5, score_arrow6) values ('5271', '879', '3', '9', '5', '4', '3', '3', '0');
insert into EndScores (end_id, range_score_id, end_number, score_arrow1, score_arrow2, score_arrow3, score_arrow4, score_arrow5, score_arrow6) values ('5272', '879', '4', '9', '9', '8', '5', '2', '1');
insert into EndScores (end_id, range_score_id, end_number, score_arrow1, score_arrow2, score_arrow3, score_arrow4, score_arrow5, score_arrow6) values ('5273', '879', '5', '9', '9', '6', '4', '3', '0');
insert into EndScores (end_id, range_score_id, end_number, score_arrow1, score_arrow2, score_arrow3, score_arrow4, score_arrow5, score_arrow6) values ('5274', '879', '6', '8', '7', '6', '6', '3', '2');
insert into RangeScores (range_score_id, round_score_id, round_range_id) values ('880', '220', '4');
insert into EndScores (end_id, range_score_id, end_number, score_arrow1, score_arrow2, score_arrow3, score_arrow4, score_arrow5, score_arrow6) values ('5275', '880', '1', '8', '6', '3', '1', '0', '0');
insert into EndScores (end_id, range_score_id, end_number, score_arrow1, score_arrow2, score_arrow3, score_arrow4, score_arrow5, score_arrow6) values ('5276', '880', '2', '7', '6', '5', '4', '3', '0');
insert into EndScores (end_id, range_score_id, end_number, score_arrow1, score_arrow2, score_arrow3, score_arrow4, score_arrow5, score_arrow6) values ('5277', '880', '3', '6', '4', '0', '0', '0', '0');
insert into EndScores (end_id, range_score_id, end_number, score_arrow1, score_arrow2, score_arrow3, score_arrow4, score_arrow5, score_arrow6) values ('5278', '880', '4', '9', '6', '2', '2', '2', '0');
insert into EndScores (end_id, range_score_id, end_number, score_arrow1, score_arrow2, score_arrow3, score_arrow4, score_arrow5, score_arrow6) values ('5279', '880', '5', '8', '7', '7', '6', '1', '0');
insert into EndScores (end_id, range_score_id, end_number, score_arrow1, score_arrow2, score_arrow3, score_arrow4, score_arrow5, score_arrow6) values ('5280', '880', '6', '6', '5', '4', '1', '0', '0');
insert into CompetitionEnrolments (archer_id, competition_id) values ('223', '28');
insert into RoundScores (round_score_id, archer_id, competition_id, round_score_date_time, equipment_id, round_def_id, total_score, category_id) values ('221', '223', '28', '2023-04-23 14:23:56.520', 'L', '4', '625', '28');
insert into RangeScores (range_score_id, round_score_id, round_range_id) values ('881', '221', '13');
insert into EndScores (end_id, range_score_id, end_number, score_arrow1, score_arrow2, score_arrow3, score_arrow4, score_arrow5, score_arrow6) values ('5281', '881', '1', '9', '7', '5', '4', '4', '1');
insert into EndScores (end_id, range_score_id, end_number, score_arrow1, score_arrow2, score_arrow3, score_arrow4, score_arrow5, score_arrow6) values ('5282', '881', '2', '8', '7', '5', '4', '3', '0');
insert into EndScores (end_id, range_score_id, end_number, score_arrow1, score_arrow2, score_arrow3, score_arrow4, score_arrow5, score_arrow6) values ('5283', '881', '3', '4', '4', '3', '3', '1', '0');
insert into EndScores (end_id, range_score_id, end_number, score_arrow1, score_arrow2, score_arrow3, score_arrow4, score_arrow5, score_arrow6) values ('5284', '881', '4', '9', '9', '9', '8', '6', '6');
insert into EndScores (end_id, range_score_id, end_number, score_arrow1, score_arrow2, score_arrow3, score_arrow4, score_arrow5, score_arrow6) values ('5285', '881', '5', '9', '5', '4', '1', '1', '1');
insert into EndScores (end_id, range_score_id, end_number, score_arrow1, score_arrow2, score_arrow3, score_arrow4, score_arrow5, score_arrow6) values ('5286', '881', '6', '9', '7', '4', '4', '3', '3');
insert into RangeScores (range_score_id, round_score_id, round_range_id) values ('882', '221', '14');
insert into EndScores (end_id, range_score_id, end_number, score_arrow1, score_arrow2, score_arrow3, score_arrow4, score_arrow5, score_arrow6) values ('5287', '882', '1', '8', '8', '7', '6', '4', '2');
insert into EndScores (end_id, range_score_id, end_number, score_arrow1, score_arrow2, score_arrow3, score_arrow4, score_arrow5, score_arrow6) values ('5288', '882', '2', '9', '8', '6', '4', '4', '1');
insert into EndScores (end_id, range_score_id, end_number, score_arrow1, score_arrow2, score_arrow3, score_arrow4, score_arrow5, score_arrow6) values ('5289', '882', '3', '9', '7', '5', '3', '2', '0');
insert into EndScores (end_id, range_score_id, end_number, score_arrow1, score_arrow2, score_arrow3, score_arrow4, score_arrow5, score_arrow6) values ('5290', '882', '4', '9', '8', '4', '2', '1', '0');
insert into EndScores (end_id, range_score_id, end_number, score_arrow1, score_arrow2, score_arrow3, score_arrow4, score_arrow5, score_arrow6) values ('5291', '882', '5', '9', '8', '7', '6', '5', '1');
insert into EndScores (end_id, range_score_id, end_number, score_arrow1, score_arrow2, score_arrow3, score_arrow4, score_arrow5, score_arrow6) values ('5292', '882', '6', '6', '4', '3', '3', '1', '0');
insert into RangeScores (range_score_id, round_score_id, round_range_id) values ('883', '221', '15');
insert into EndScores (end_id, range_score_id, end_number, score_arrow1, score_arrow2, score_arrow3, score_arrow4, score_arrow5, score_arrow6) values ('5293', '883', '1', '9', '4', '3', '3', '2', '0');
insert into EndScores (end_id, range_score_id, end_number, score_arrow1, score_arrow2, score_arrow3, score_arrow4, score_arrow5, score_arrow6) values ('5294', '883', '2', '8', '6', '5', '4', '4', '1');
insert into EndScores (end_id, range_score_id, end_number, score_arrow1, score_arrow2, score_arrow3, score_arrow4, score_arrow5, score_arrow6) values ('5295', '883', '3', '9', '9', '6', '5', '4', '1');
insert into EndScores (end_id, range_score_id, end_number, score_arrow1, score_arrow2, score_arrow3, score_arrow4, score_arrow5, score_arrow6) values ('5296', '883', '4', '9', '3', '2', '2', '1', '0');
insert into EndScores (end_id, range_score_id, end_number, score_arrow1, score_arrow2, score_arrow3, score_arrow4, score_arrow5, score_arrow6) values ('5297', '883', '5', '9', '9', '8', '7', '4', '2');
insert into EndScores (end_id, range_score_id, end_number, score_arrow1, score_arrow2, score_arrow3, score_arrow4, score_arrow5, score_arrow6) values ('5298', '883', '6', '7', '5', '3', '2', '2', '2');
insert into RangeScores (range_score_id, round_score_id, round_range_id) values ('884', '221', '16');
insert into EndScores (end_id, range_score_id, end_number, score_arrow1, score_arrow2, score_arrow3, score_arrow4, score_arrow5, score_arrow6) values ('5299', '884', '1', '6', '4', '3', '2', '2', '1');
insert into EndScores (end_id, range_score_id, end_number, score_arrow1, score_arrow2, score_arrow3, score_arrow4, score_arrow5, score_arrow6) values ('5300', '884', '2', '6', '4', '4', '2', '1', '0');
insert into EndScores (end_id, range_score_id, end_number, score_arrow1, score_arrow2, score_arrow3, score_arrow4, score_arrow5, score_arrow6) values ('5301', '884', '3', '7', '5', '5', '5', '3', '1');
insert into EndScores (end_id, range_score_id, end_number, score_arrow1, score_arrow2, score_arrow3, score_arrow4, score_arrow5, score_arrow6) values ('5302', '884', '4', '9', '8', '7', '3', '1', '0');
insert into EndScores (end_id, range_score_id, end_number, score_arrow1, score_arrow2, score_arrow3, score_arrow4, score_arrow5, score_arrow6) values ('5303', '884', '5', '8', '7', '5', '3', '3', '0');
insert into EndScores (end_id, range_score_id, end_number, score_arrow1, score_arrow2, score_arrow3, score_arrow4, score_arrow5, score_arrow6) values ('5304', '884', '6', '4', '3', '2', '1', '0', '0');
insert into CompetitionEnrolments (archer_id, competition_id) values ('224', '6');
insert into RoundScores (round_score_id, archer_id, competition_id, round_score_date_time, equipment_id, round_def_id, total_score, category_id) values ('222', '224', '6', '2023-04-23 18:39:54.15', 'C', '2', '678', '6');
insert into RangeScores (range_score_id, round_score_id, round_range_id) values ('885', '222', '5');
insert into EndScores (end_id, range_score_id, end_number, score_arrow1, score_arrow2, score_arrow3, score_arrow4, score_arrow5, score_arrow6) values ('5305', '885', '1', '8', '8', '7', '7', '6', '4');
insert into EndScores (end_id, range_score_id, end_number, score_arrow1, score_arrow2, score_arrow3, score_arrow4, score_arrow5, score_arrow6) values ('5306', '885', '2', '9', '8', '8', '7', '3', '2');
insert into EndScores (end_id, range_score_id, end_number, score_arrow1, score_arrow2, score_arrow3, score_arrow4, score_arrow5, score_arrow6) values ('5307', '885', '3', '8', '8', '5', '3', '2', '0');
insert into EndScores (end_id, range_score_id, end_number, score_arrow1, score_arrow2, score_arrow3, score_arrow4, score_arrow5, score_arrow6) values ('5308', '885', '4', '8', '8', '6', '6', '6', '4');
insert into EndScores (end_id, range_score_id, end_number, score_arrow1, score_arrow2, score_arrow3, score_arrow4, score_arrow5, score_arrow6) values ('5309', '885', '5', '8', '6', '6', '1', '0', '0');
insert into EndScores (end_id, range_score_id, end_number, score_arrow1, score_arrow2, score_arrow3, score_arrow4, score_arrow5, score_arrow6) values ('5310', '885', '6', '8', '7', '7', '5', '3', '3');
insert into RangeScores (range_score_id, round_score_id, round_range_id) values ('886', '222', '6');
insert into EndScores (end_id, range_score_id, end_number, score_arrow1, score_arrow2, score_arrow3, score_arrow4, score_arrow5, score_arrow6) values ('5311', '886', '1', '9', '5', '2', '1', '1', '1');
insert into EndScores (end_id, range_score_id, end_number, score_arrow1, score_arrow2, score_arrow3, score_arrow4, score_arrow5, score_arrow6) values ('5312', '886', '2', '8', '8', '7', '5', '3', '1');
insert into EndScores (end_id, range_score_id, end_number, score_arrow1, score_arrow2, score_arrow3, score_arrow4, score_arrow5, score_arrow6) values ('5313', '886', '3', '8', '8', '5', '5', '0', '0');
insert into EndScores (end_id, range_score_id, end_number, score_arrow1, score_arrow2, score_arrow3, score_arrow4, score_arrow5, score_arrow6) values ('5314', '886', '4', '8', '8', '6', '4', '3', '0');
insert into EndScores (end_id, range_score_id, end_number, score_arrow1, score_arrow2, score_arrow3, score_arrow4, score_arrow5, score_arrow6) values ('5315', '886', '5', '7', '6', '4', '4', '4', '0');
insert into EndScores (end_id, range_score_id, end_number, score_arrow1, score_arrow2, score_arrow3, score_arrow4, score_arrow5, score_arrow6) values ('5316', '886', '6', '9', '7', '6', '5', '5', '4');
insert into RangeScores (range_score_id, round_score_id, round_range_id) values ('887', '222', '7');
insert into EndScores (end_id, range_score_id, end_number, score_arrow1, score_arrow2, score_arrow3, score_arrow4, score_arrow5, score_arrow6) values ('5317', '887', '1', '9', '9', '3', '2', '0', '0');
insert into EndScores (end_id, range_score_id, end_number, score_arrow1, score_arrow2, score_arrow3, score_arrow4, score_arrow5, score_arrow6) values ('5318', '887', '2', '9', '8', '4', '3', '2', '1');
insert into EndScores (end_id, range_score_id, end_number, score_arrow1, score_arrow2, score_arrow3, score_arrow4, score_arrow5, score_arrow6) values ('5319', '887', '3', '8', '7', '6', '3', '2', '0');
insert into EndScores (end_id, range_score_id, end_number, score_arrow1, score_arrow2, score_arrow3, score_arrow4, score_arrow5, score_arrow6) values ('5320', '887', '4', '9', '7', '3', '2', '1', '0');
insert into EndScores (end_id, range_score_id, end_number, score_arrow1, score_arrow2, score_arrow3, score_arrow4, score_arrow5, score_arrow6) values ('5321', '887', '5', '9', '8', '6', '6', '4', '2');
insert into EndScores (end_id, range_score_id, end_number, score_arrow1, score_arrow2, score_arrow3, score_arrow4, score_arrow5, score_arrow6) values ('5322', '887', '6', '9', '5', '4', '3', '2', '0');
insert into RangeScores (range_score_id, round_score_id, round_range_id) values ('888', '222', '8');
insert into EndScores (end_id, range_score_id, end_number, score_arrow1, score_arrow2, score_arrow3, score_arrow4, score_arrow5, score_arrow6) values ('5323', '888', '1', '9', '5', '4', '1', '1', '1');
insert into EndScores (end_id, range_score_id, end_number, score_arrow1, score_arrow2, score_arrow3, score_arrow4, score_arrow5, score_arrow6) values ('5324', '888', '2', '9', '7', '3', '2', '1', '1');
insert into EndScores (end_id, range_score_id, end_number, score_arrow1, score_arrow2, score_arrow3, score_arrow4, score_arrow5, score_arrow6) values ('5325', '888', '3', '7', '6', '6', '5', '1', '0');
insert into EndScores (end_id, range_score_id, end_number, score_arrow1, score_arrow2, score_arrow3, score_arrow4, score_arrow5, score_arrow6) values ('5326', '888', '4', '7', '7', '6', '6', '4', '1');
insert into EndScores (end_id, range_score_id, end_number, score_arrow1, score_arrow2, score_arrow3, score_arrow4, score_arrow5, score_arrow6) values ('5327', '888', '5', '9', '9', '9', '5', '3', '1');
insert into EndScores (end_id, range_score_id, end_number, score_arrow1, score_arrow2, score_arrow3, score_arrow4, score_arrow5, score_arrow6) values ('5328', '888', '6', '9', '5', '5', '3', '2', '0');
insert into CompetitionEnrolments (archer_id, competition_id) values ('225', '24');
insert into RoundScores (round_score_id, archer_id, competition_id, round_score_date_time, equipment_id, round_def_id, total_score, category_id) values ('223', '225', '24', '2023-04-23 10:7:20.202', 'L', '4', '592', '24');
insert into RangeScores (range_score_id, round_score_id, round_range_id) values ('889', '223', '13');
insert into EndScores (end_id, range_score_id, end_number, score_arrow1, score_arrow2, score_arrow3, score_arrow4, score_arrow5, score_arrow6) values ('5329', '889', '1', '9', '8', '8', '8', '5', '4');
insert into EndScores (end_id, range_score_id, end_number, score_arrow1, score_arrow2, score_arrow3, score_arrow4, score_arrow5, score_arrow6) values ('5330', '889', '2', '6', '4', '3', '2', '1', '0');
insert into EndScores (end_id, range_score_id, end_number, score_arrow1, score_arrow2, score_arrow3, score_arrow4, score_arrow5, score_arrow6) values ('5331', '889', '3', '8', '6', '3', '2', '1', '1');
insert into EndScores (end_id, range_score_id, end_number, score_arrow1, score_arrow2, score_arrow3, score_arrow4, score_arrow5, score_arrow6) values ('5332', '889', '4', '7', '5', '4', '4', '4', '3');
insert into EndScores (end_id, range_score_id, end_number, score_arrow1, score_arrow2, score_arrow3, score_arrow4, score_arrow5, score_arrow6) values ('5333', '889', '5', '8', '4', '3', '2', '0', '0');
insert into EndScores (end_id, range_score_id, end_number, score_arrow1, score_arrow2, score_arrow3, score_arrow4, score_arrow5, score_arrow6) values ('5334', '889', '6', '9', '8', '3', '1', '0', '0');
insert into RangeScores (range_score_id, round_score_id, round_range_id) values ('890', '223', '14');
insert into EndScores (end_id, range_score_id, end_number, score_arrow1, score_arrow2, score_arrow3, score_arrow4, score_arrow5, score_arrow6) values ('5335', '890', '1', '9', '8', '7', '7', '6', '2');
insert into EndScores (end_id, range_score_id, end_number, score_arrow1, score_arrow2, score_arrow3, score_arrow4, score_arrow5, score_arrow6) values ('5336', '890', '2', '9', '5', '5', '4', '2', '0');
insert into EndScores (end_id, range_score_id, end_number, score_arrow1, score_arrow2, score_arrow3, score_arrow4, score_arrow5, score_arrow6) values ('5337', '890', '3', '9', '7', '4', '4', '1', '0');
insert into EndScores (end_id, range_score_id, end_number, score_arrow1, score_arrow2, score_arrow3, score_arrow4, score_arrow5, score_arrow6) values ('5338', '890', '4', '8', '5', '4', '3', '1', '0');
insert into EndScores (end_id, range_score_id, end_number, score_arrow1, score_arrow2, score_arrow3, score_arrow4, score_arrow5, score_arrow6) values ('5339', '890', '5', '3', '3', '2', '1', '0', '0');
insert into EndScores (end_id, range_score_id, end_number, score_arrow1, score_arrow2, score_arrow3, score_arrow4, score_arrow5, score_arrow6) values ('5340', '890', '6', '9', '7', '5', '4', '2', '1');
insert into RangeScores (range_score_id, round_score_id, round_range_id) values ('891', '223', '15');
insert into EndScores (end_id, range_score_id, end_number, score_arrow1, score_arrow2, score_arrow3, score_arrow4, score_arrow5, score_arrow6) values ('5341', '891', '1', '7', '6', '4', '3', '2', '0');
insert into EndScores (end_id, range_score_id, end_number, score_arrow1, score_arrow2, score_arrow3, score_arrow4, score_arrow5, score_arrow6) values ('5342', '891', '2', '9', '4', '2', '2', '1', '1');
insert into EndScores (end_id, range_score_id, end_number, score_arrow1, score_arrow2, score_arrow3, score_arrow4, score_arrow5, score_arrow6) values ('5343', '891', '3', '9', '9', '8', '8', '3', '2');
insert into EndScores (end_id, range_score_id, end_number, score_arrow1, score_arrow2, score_arrow3, score_arrow4, score_arrow5, score_arrow6) values ('5344', '891', '4', '9', '7', '6', '4', '3', '2');
insert into EndScores (end_id, range_score_id, end_number, score_arrow1, score_arrow2, score_arrow3, score_arrow4, score_arrow5, score_arrow6) values ('5345', '891', '5', '9', '6', '3', '2', '1', '0');
insert into EndScores (end_id, range_score_id, end_number, score_arrow1, score_arrow2, score_arrow3, score_arrow4, score_arrow5, score_arrow6) values ('5346', '891', '6', '9', '6', '2', '1', '1', '0');
insert into RangeScores (range_score_id, round_score_id, round_range_id) values ('892', '223', '16');
insert into EndScores (end_id, range_score_id, end_number, score_arrow1, score_arrow2, score_arrow3, score_arrow4, score_arrow5, score_arrow6) values ('5347', '892', '1', '7', '6', '5', '5', '2', '1');
insert into EndScores (end_id, range_score_id, end_number, score_arrow1, score_arrow2, score_arrow3, score_arrow4, score_arrow5, score_arrow6) values ('5348', '892', '2', '8', '2', '2', '1', '0', '0');
insert into EndScores (end_id, range_score_id, end_number, score_arrow1, score_arrow2, score_arrow3, score_arrow4, score_arrow5, score_arrow6) values ('5349', '892', '3', '9', '8', '7', '6', '3', '0');
insert into EndScores (end_id, range_score_id, end_number, score_arrow1, score_arrow2, score_arrow3, score_arrow4, score_arrow5, score_arrow6) values ('5350', '892', '4', '9', '6', '4', '3', '2', '1');
insert into EndScores (end_id, range_score_id, end_number, score_arrow1, score_arrow2, score_arrow3, score_arrow4, score_arrow5, score_arrow6) values ('5351', '892', '5', '9', '9', '7', '5', '5', '0');
insert into EndScores (end_id, range_score_id, end_number, score_arrow1, score_arrow2, score_arrow3, score_arrow4, score_arrow5, score_arrow6) values ('5352', '892', '6', '7', '6', '3', '2', '0', '0');
insert into CompetitionEnrolments (archer_id, competition_id) values ('226', '7');
insert into RoundScores (round_score_id, archer_id, competition_id, round_score_date_time, equipment_id, round_def_id, total_score, category_id) values ('224', '226', '7', '2023-04-23 16:11:56.603', 'B', '3', '657', '7');
insert into RangeScores (range_score_id, round_score_id, round_range_id) values ('893', '224', '9');
insert into EndScores (end_id, range_score_id, end_number, score_arrow1, score_arrow2, score_arrow3, score_arrow4, score_arrow5, score_arrow6) values ('5353', '893', '1', '9', '5', '5', '2', '2', '2');
insert into EndScores (end_id, range_score_id, end_number, score_arrow1, score_arrow2, score_arrow3, score_arrow4, score_arrow5, score_arrow6) values ('5354', '893', '2', '8', '8', '8', '7', '1', '0');
insert into EndScores (end_id, range_score_id, end_number, score_arrow1, score_arrow2, score_arrow3, score_arrow4, score_arrow5, score_arrow6) values ('5355', '893', '3', '9', '8', '7', '6', '3', '2');
insert into EndScores (end_id, range_score_id, end_number, score_arrow1, score_arrow2, score_arrow3, score_arrow4, score_arrow5, score_arrow6) values ('5356', '893', '4', '9', '9', '5', '3', '0', '0');
insert into EndScores (end_id, range_score_id, end_number, score_arrow1, score_arrow2, score_arrow3, score_arrow4, score_arrow5, score_arrow6) values ('5357', '893', '5', '7', '5', '3', '0', '0', '0');
insert into EndScores (end_id, range_score_id, end_number, score_arrow1, score_arrow2, score_arrow3, score_arrow4, score_arrow5, score_arrow6) values ('5358', '893', '6', '9', '7', '4', '4', '3', '1');
insert into RangeScores (range_score_id, round_score_id, round_range_id) values ('894', '224', '10');
insert into EndScores (end_id, range_score_id, end_number, score_arrow1, score_arrow2, score_arrow3, score_arrow4, score_arrow5, score_arrow6) values ('5359', '894', '1', '7', '6', '6', '5', '5', '4');
insert into EndScores (end_id, range_score_id, end_number, score_arrow1, score_arrow2, score_arrow3, score_arrow4, score_arrow5, score_arrow6) values ('5360', '894', '2', '8', '7', '5', '5', '4', '3');
insert into EndScores (end_id, range_score_id, end_number, score_arrow1, score_arrow2, score_arrow3, score_arrow4, score_arrow5, score_arrow6) values ('5361', '894', '3', '9', '5', '5', '4', '3', '1');
insert into EndScores (end_id, range_score_id, end_number, score_arrow1, score_arrow2, score_arrow3, score_arrow4, score_arrow5, score_arrow6) values ('5362', '894', '4', '8', '8', '3', '3', '1', '0');
insert into EndScores (end_id, range_score_id, end_number, score_arrow1, score_arrow2, score_arrow3, score_arrow4, score_arrow5, score_arrow6) values ('5363', '894', '5', '7', '6', '4', '4', '3', '3');
insert into EndScores (end_id, range_score_id, end_number, score_arrow1, score_arrow2, score_arrow3, score_arrow4, score_arrow5, score_arrow6) values ('5364', '894', '6', '3', '3', '2', '2', '2', '0');
insert into RangeScores (range_score_id, round_score_id, round_range_id) values ('895', '224', '11');
insert into EndScores (end_id, range_score_id, end_number, score_arrow1, score_arrow2, score_arrow3, score_arrow4, score_arrow5, score_arrow6) values ('5365', '895', '1', '9', '8', '8', '4', '3', '3');
insert into EndScores (end_id, range_score_id, end_number, score_arrow1, score_arrow2, score_arrow3, score_arrow4, score_arrow5, score_arrow6) values ('5366', '895', '2', '8', '7', '7', '4', '2', '1');
insert into EndScores (end_id, range_score_id, end_number, score_arrow1, score_arrow2, score_arrow3, score_arrow4, score_arrow5, score_arrow6) values ('5367', '895', '3', '9', '8', '6', '5', '4', '0');
insert into EndScores (end_id, range_score_id, end_number, score_arrow1, score_arrow2, score_arrow3, score_arrow4, score_arrow5, score_arrow6) values ('5368', '895', '4', '8', '8', '6', '3', '3', '0');
insert into EndScores (end_id, range_score_id, end_number, score_arrow1, score_arrow2, score_arrow3, score_arrow4, score_arrow5, score_arrow6) values ('5369', '895', '5', '9', '8', '8', '7', '5', '3');
insert into EndScores (end_id, range_score_id, end_number, score_arrow1, score_arrow2, score_arrow3, score_arrow4, score_arrow5, score_arrow6) values ('5370', '895', '6', '8', '7', '6', '5', '4', '2');
insert into RangeScores (range_score_id, round_score_id, round_range_id) values ('896', '224', '12');
insert into EndScores (end_id, range_score_id, end_number, score_arrow1, score_arrow2, score_arrow3, score_arrow4, score_arrow5, score_arrow6) values ('5371', '896', '1', '6', '6', '2', '1', '0', '0');
insert into EndScores (end_id, range_score_id, end_number, score_arrow1, score_arrow2, score_arrow3, score_arrow4, score_arrow5, score_arrow6) values ('5372', '896', '2', '8', '7', '7', '6', '3', '2');
insert into EndScores (end_id, range_score_id, end_number, score_arrow1, score_arrow2, score_arrow3, score_arrow4, score_arrow5, score_arrow6) values ('5373', '896', '3', '8', '7', '5', '4', '3', '0');
insert into EndScores (end_id, range_score_id, end_number, score_arrow1, score_arrow2, score_arrow3, score_arrow4, score_arrow5, score_arrow6) values ('5374', '896', '4', '9', '6', '4', '4', '3', '3');
insert into EndScores (end_id, range_score_id, end_number, score_arrow1, score_arrow2, score_arrow3, score_arrow4, score_arrow5, score_arrow6) values ('5375', '896', '5', '7', '7', '7', '4', '2', '2');
insert into EndScores (end_id, range_score_id, end_number, score_arrow1, score_arrow2, score_arrow3, score_arrow4, score_arrow5, score_arrow6) values ('5376', '896', '6', '6', '4', '2', '1', '0', '0');
insert into CompetitionEnrolments (archer_id, competition_id) values ('227', '17');
insert into RoundScores (round_score_id, archer_id, competition_id, round_score_date_time, equipment_id, round_def_id, total_score, category_id) values ('225', '227', '17', '2023-04-23 11:20:43.313', 'R', '3', '694', '17');
insert into RangeScores (range_score_id, round_score_id, round_range_id) values ('897', '225', '9');
insert into EndScores (end_id, range_score_id, end_number, score_arrow1, score_arrow2, score_arrow3, score_arrow4, score_arrow5, score_arrow6) values ('5377', '897', '1', '9', '9', '8', '5', '3', '2');
insert into EndScores (end_id, range_score_id, end_number, score_arrow1, score_arrow2, score_arrow3, score_arrow4, score_arrow5, score_arrow6) values ('5378', '897', '2', '8', '7', '7', '7', '6', '3');
insert into EndScores (end_id, range_score_id, end_number, score_arrow1, score_arrow2, score_arrow3, score_arrow4, score_arrow5, score_arrow6) values ('5379', '897', '3', '9', '8', '7', '6', '4', '2');
insert into EndScores (end_id, range_score_id, end_number, score_arrow1, score_arrow2, score_arrow3, score_arrow4, score_arrow5, score_arrow6) values ('5380', '897', '4', '9', '9', '9', '5', '3', '2');
insert into EndScores (end_id, range_score_id, end_number, score_arrow1, score_arrow2, score_arrow3, score_arrow4, score_arrow5, score_arrow6) values ('5381', '897', '5', '8', '8', '6', '3', '3', '0');
insert into EndScores (end_id, range_score_id, end_number, score_arrow1, score_arrow2, score_arrow3, score_arrow4, score_arrow5, score_arrow6) values ('5382', '897', '6', '9', '8', '5', '2', '0', '0');
insert into RangeScores (range_score_id, round_score_id, round_range_id) values ('898', '225', '10');
insert into EndScores (end_id, range_score_id, end_number, score_arrow1, score_arrow2, score_arrow3, score_arrow4, score_arrow5, score_arrow6) values ('5383', '898', '1', '9', '8', '7', '4', '3', '1');
insert into EndScores (end_id, range_score_id, end_number, score_arrow1, score_arrow2, score_arrow3, score_arrow4, score_arrow5, score_arrow6) values ('5384', '898', '2', '9', '8', '6', '5', '4', '3');
insert into EndScores (end_id, range_score_id, end_number, score_arrow1, score_arrow2, score_arrow3, score_arrow4, score_arrow5, score_arrow6) values ('5385', '898', '3', '8', '7', '4', '3', '3', '0');
insert into EndScores (end_id, range_score_id, end_number, score_arrow1, score_arrow2, score_arrow3, score_arrow4, score_arrow5, score_arrow6) values ('5386', '898', '4', '9', '8', '7', '5', '3', '2');
insert into EndScores (end_id, range_score_id, end_number, score_arrow1, score_arrow2, score_arrow3, score_arrow4, score_arrow5, score_arrow6) values ('5387', '898', '5', '9', '6', '5', '1', '1', '0');
insert into EndScores (end_id, range_score_id, end_number, score_arrow1, score_arrow2, score_arrow3, score_arrow4, score_arrow5, score_arrow6) values ('5388', '898', '6', '8', '6', '4', '4', '3', '0');
insert into RangeScores (range_score_id, round_score_id, round_range_id) values ('899', '225', '11');
insert into EndScores (end_id, range_score_id, end_number, score_arrow1, score_arrow2, score_arrow3, score_arrow4, score_arrow5, score_arrow6) values ('5389', '899', '1', '7', '6', '3', '2', '1', '1');
insert into EndScores (end_id, range_score_id, end_number, score_arrow1, score_arrow2, score_arrow3, score_arrow4, score_arrow5, score_arrow6) values ('5390', '899', '2', '9', '8', '8', '7', '5', '3');
insert into EndScores (end_id, range_score_id, end_number, score_arrow1, score_arrow2, score_arrow3, score_arrow4, score_arrow5, score_arrow6) values ('5391', '899', '3', '8', '4', '3', '2', '2', '2');
insert into EndScores (end_id, range_score_id, end_number, score_arrow1, score_arrow2, score_arrow3, score_arrow4, score_arrow5, score_arrow6) values ('5392', '899', '4', '9', '6', '3', '3', '2', '0');
insert into EndScores (end_id, range_score_id, end_number, score_arrow1, score_arrow2, score_arrow3, score_arrow4, score_arrow5, score_arrow6) values ('5393', '899', '5', '9', '9', '7', '4', '0', '0');
insert into EndScores (end_id, range_score_id, end_number, score_arrow1, score_arrow2, score_arrow3, score_arrow4, score_arrow5, score_arrow6) values ('5394', '899', '6', '8', '7', '6', '6', '2', '0');
insert into RangeScores (range_score_id, round_score_id, round_range_id) values ('900', '225', '12');
insert into EndScores (end_id, range_score_id, end_number, score_arrow1, score_arrow2, score_arrow3, score_arrow4, score_arrow5, score_arrow6) values ('5395', '900', '1', '9', '5', '5', '3', '1', '1');
insert into EndScores (end_id, range_score_id, end_number, score_arrow1, score_arrow2, score_arrow3, score_arrow4, score_arrow5, score_arrow6) values ('5396', '900', '2', '9', '9', '4', '1', '1', '0');
insert into EndScores (end_id, range_score_id, end_number, score_arrow1, score_arrow2, score_arrow3, score_arrow4, score_arrow5, score_arrow6) values ('5397', '900', '3', '7', '6', '5', '2', '0', '0');
insert into EndScores (end_id, range_score_id, end_number, score_arrow1, score_arrow2, score_arrow3, score_arrow4, score_arrow5, score_arrow6) values ('5398', '900', '4', '9', '7', '7', '3', '1', '0');
insert into EndScores (end_id, range_score_id, end_number, score_arrow1, score_arrow2, score_arrow3, score_arrow4, score_arrow5, score_arrow6) values ('5399', '900', '5', '9', '8', '6', '4', '1', '0');
insert into EndScores (end_id, range_score_id, end_number, score_arrow1, score_arrow2, score_arrow3, score_arrow4, score_arrow5, score_arrow6) values ('5400', '900', '6', '9', '9', '6', '6', '4', '3');
insert into CompetitionEnrolments (archer_id, competition_id) values ('228', '8');
insert into RoundScores (round_score_id, archer_id, competition_id, round_score_date_time, equipment_id, round_def_id, total_score, category_id) values ('226', '228', '8', '2023-04-23 14:24:34.463', 'L', '4', '671', '8');
insert into RangeScores (range_score_id, round_score_id, round_range_id) values ('901', '226', '13');
insert into EndScores (end_id, range_score_id, end_number, score_arrow1, score_arrow2, score_arrow3, score_arrow4, score_arrow5, score_arrow6) values ('5401', '901', '1', '9', '8', '7', '7', '2', '1');
insert into EndScores (end_id, range_score_id, end_number, score_arrow1, score_arrow2, score_arrow3, score_arrow4, score_arrow5, score_arrow6) values ('5402', '901', '2', '9', '8', '8', '5', '2', '0');
insert into EndScores (end_id, range_score_id, end_number, score_arrow1, score_arrow2, score_arrow3, score_arrow4, score_arrow5, score_arrow6) values ('5403', '901', '3', '8', '8', '7', '4', '1', '0');
insert into EndScores (end_id, range_score_id, end_number, score_arrow1, score_arrow2, score_arrow3, score_arrow4, score_arrow5, score_arrow6) values ('5404', '901', '4', '9', '5', '4', '4', '3', '1');
insert into EndScores (end_id, range_score_id, end_number, score_arrow1, score_arrow2, score_arrow3, score_arrow4, score_arrow5, score_arrow6) values ('5405', '901', '5', '9', '9', '7', '7', '3', '1');
insert into EndScores (end_id, range_score_id, end_number, score_arrow1, score_arrow2, score_arrow3, score_arrow4, score_arrow5, score_arrow6) values ('5406', '901', '6', '9', '7', '6', '2', '1', '1');
insert into RangeScores (range_score_id, round_score_id, round_range_id) values ('902', '226', '14');
insert into EndScores (end_id, range_score_id, end_number, score_arrow1, score_arrow2, score_arrow3, score_arrow4, score_arrow5, score_arrow6) values ('5407', '902', '1', '6', '3', '2', '1', '1', '0');
insert into EndScores (end_id, range_score_id, end_number, score_arrow1, score_arrow2, score_arrow3, score_arrow4, score_arrow5, score_arrow6) values ('5408', '902', '2', '9', '7', '6', '5', '3', '1');
insert into EndScores (end_id, range_score_id, end_number, score_arrow1, score_arrow2, score_arrow3, score_arrow4, score_arrow5, score_arrow6) values ('5409', '902', '3', '8', '6', '2', '0', '0', '0');
insert into EndScores (end_id, range_score_id, end_number, score_arrow1, score_arrow2, score_arrow3, score_arrow4, score_arrow5, score_arrow6) values ('5410', '902', '4', '9', '7', '5', '5', '3', '1');
insert into EndScores (end_id, range_score_id, end_number, score_arrow1, score_arrow2, score_arrow3, score_arrow4, score_arrow5, score_arrow6) values ('5411', '902', '5', '8', '5', '4', '3', '3', '1');
insert into EndScores (end_id, range_score_id, end_number, score_arrow1, score_arrow2, score_arrow3, score_arrow4, score_arrow5, score_arrow6) values ('5412', '902', '6', '9', '9', '4', '1', '1', '1');
insert into RangeScores (range_score_id, round_score_id, round_range_id) values ('903', '226', '15');
insert into EndScores (end_id, range_score_id, end_number, score_arrow1, score_arrow2, score_arrow3, score_arrow4, score_arrow5, score_arrow6) values ('5413', '903', '1', '9', '9', '6', '2', '2', '0');
insert into EndScores (end_id, range_score_id, end_number, score_arrow1, score_arrow2, score_arrow3, score_arrow4, score_arrow5, score_arrow6) values ('5414', '903', '2', '9', '8', '7', '5', '5', '2');
insert into EndScores (end_id, range_score_id, end_number, score_arrow1, score_arrow2, score_arrow3, score_arrow4, score_arrow5, score_arrow6) values ('5415', '903', '3', '9', '9', '6', '5', '3', '1');
insert into EndScores (end_id, range_score_id, end_number, score_arrow1, score_arrow2, score_arrow3, score_arrow4, score_arrow5, score_arrow6) values ('5416', '903', '4', '9', '7', '7', '6', '5', '4');
insert into EndScores (end_id, range_score_id, end_number, score_arrow1, score_arrow2, score_arrow3, score_arrow4, score_arrow5, score_arrow6) values ('5417', '903', '5', '9', '6', '5', '4', '3', '3');
insert into EndScores (end_id, range_score_id, end_number, score_arrow1, score_arrow2, score_arrow3, score_arrow4, score_arrow5, score_arrow6) values ('5418', '903', '6', '7', '3', '3', '1', '0', '0');
insert into RangeScores (range_score_id, round_score_id, round_range_id) values ('904', '226', '16');
insert into EndScores (end_id, range_score_id, end_number, score_arrow1, score_arrow2, score_arrow3, score_arrow4, score_arrow5, score_arrow6) values ('5419', '904', '1', '8', '8', '8', '5', '4', '1');
insert into EndScores (end_id, range_score_id, end_number, score_arrow1, score_arrow2, score_arrow3, score_arrow4, score_arrow5, score_arrow6) values ('5420', '904', '2', '9', '7', '6', '6', '3', '0');
insert into EndScores (end_id, range_score_id, end_number, score_arrow1, score_arrow2, score_arrow3, score_arrow4, score_arrow5, score_arrow6) values ('5421', '904', '3', '9', '9', '9', '4', '3', '1');
insert into EndScores (end_id, range_score_id, end_number, score_arrow1, score_arrow2, score_arrow3, score_arrow4, score_arrow5, score_arrow6) values ('5422', '904', '4', '7', '5', '5', '3', '1', '1');
insert into EndScores (end_id, range_score_id, end_number, score_arrow1, score_arrow2, score_arrow3, score_arrow4, score_arrow5, score_arrow6) values ('5423', '904', '5', '6', '6', '6', '4', '3', '2');
insert into EndScores (end_id, range_score_id, end_number, score_arrow1, score_arrow2, score_arrow3, score_arrow4, score_arrow5, score_arrow6) values ('5424', '904', '6', '8', '5', '5', '4', '0', '0');
insert into CompetitionEnrolments (archer_id, competition_id) values ('229', '7');
insert into RoundScores (round_score_id, archer_id, competition_id, round_score_date_time, equipment_id, round_def_id, total_score, category_id) values ('227', '229', '7', '2023-04-23 15:10:35.651', 'B', '3', '669', '7');
insert into RangeScores (range_score_id, round_score_id, round_range_id) values ('905', '227', '9');
insert into EndScores (end_id, range_score_id, end_number, score_arrow1, score_arrow2, score_arrow3, score_arrow4, score_arrow5, score_arrow6) values ('5425', '905', '1', '8', '5', '4', '2', '1', '1');
insert into EndScores (end_id, range_score_id, end_number, score_arrow1, score_arrow2, score_arrow3, score_arrow4, score_arrow5, score_arrow6) values ('5426', '905', '2', '9', '8', '5', '4', '1', '0');
insert into EndScores (end_id, range_score_id, end_number, score_arrow1, score_arrow2, score_arrow3, score_arrow4, score_arrow5, score_arrow6) values ('5427', '905', '3', '8', '7', '6', '4', '3', '0');
insert into EndScores (end_id, range_score_id, end_number, score_arrow1, score_arrow2, score_arrow3, score_arrow4, score_arrow5, score_arrow6) values ('5428', '905', '4', '9', '9', '9', '8', '7', '3');
insert into EndScores (end_id, range_score_id, end_number, score_arrow1, score_arrow2, score_arrow3, score_arrow4, score_arrow5, score_arrow6) values ('5429', '905', '5', '9', '6', '4', '3', '2', '0');
insert into EndScores (end_id, range_score_id, end_number, score_arrow1, score_arrow2, score_arrow3, score_arrow4, score_arrow5, score_arrow6) values ('5430', '905', '6', '9', '6', '4', '2', '0', '0');
insert into RangeScores (range_score_id, round_score_id, round_range_id) values ('906', '227', '10');
insert into EndScores (end_id, range_score_id, end_number, score_arrow1, score_arrow2, score_arrow3, score_arrow4, score_arrow5, score_arrow6) values ('5431', '906', '1', '9', '6', '6', '2', '2', '0');
insert into EndScores (end_id, range_score_id, end_number, score_arrow1, score_arrow2, score_arrow3, score_arrow4, score_arrow5, score_arrow6) values ('5432', '906', '2', '5', '2', '2', '2', '1', '0');
insert into EndScores (end_id, range_score_id, end_number, score_arrow1, score_arrow2, score_arrow3, score_arrow4, score_arrow5, score_arrow6) values ('5433', '906', '3', '7', '5', '4', '3', '2', '0');
insert into EndScores (end_id, range_score_id, end_number, score_arrow1, score_arrow2, score_arrow3, score_arrow4, score_arrow5, score_arrow6) values ('5434', '906', '4', '9', '9', '9', '3', '2', '2');
insert into EndScores (end_id, range_score_id, end_number, score_arrow1, score_arrow2, score_arrow3, score_arrow4, score_arrow5, score_arrow6) values ('5435', '906', '5', '9', '9', '8', '5', '2', '1');
insert into EndScores (end_id, range_score_id, end_number, score_arrow1, score_arrow2, score_arrow3, score_arrow4, score_arrow5, score_arrow6) values ('5436', '906', '6', '9', '8', '7', '4', '3', '3');
insert into RangeScores (range_score_id, round_score_id, round_range_id) values ('907', '227', '11');
insert into EndScores (end_id, range_score_id, end_number, score_arrow1, score_arrow2, score_arrow3, score_arrow4, score_arrow5, score_arrow6) values ('5437', '907', '1', '8', '6', '5', '2', '0', '0');
insert into EndScores (end_id, range_score_id, end_number, score_arrow1, score_arrow2, score_arrow3, score_arrow4, score_arrow5, score_arrow6) values ('5438', '907', '2', '9', '5', '2', '1', '1', '0');
insert into EndScores (end_id, range_score_id, end_number, score_arrow1, score_arrow2, score_arrow3, score_arrow4, score_arrow5, score_arrow6) values ('5439', '907', '3', '9', '8', '6', '6', '3', '3');
insert into EndScores (end_id, range_score_id, end_number, score_arrow1, score_arrow2, score_arrow3, score_arrow4, score_arrow5, score_arrow6) values ('5440', '907', '4', '9', '8', '7', '6', '5', '0');
insert into EndScores (end_id, range_score_id, end_number, score_arrow1, score_arrow2, score_arrow3, score_arrow4, score_arrow5, score_arrow6) values ('5441', '907', '5', '9', '9', '5', '4', '3', '2');
insert into EndScores (end_id, range_score_id, end_number, score_arrow1, score_arrow2, score_arrow3, score_arrow4, score_arrow5, score_arrow6) values ('5442', '907', '6', '8', '8', '8', '5', '4', '3');
insert into RangeScores (range_score_id, round_score_id, round_range_id) values ('908', '227', '12');
insert into EndScores (end_id, range_score_id, end_number, score_arrow1, score_arrow2, score_arrow3, score_arrow4, score_arrow5, score_arrow6) values ('5443', '908', '1', '9', '7', '6', '5', '2', '1');
insert into EndScores (end_id, range_score_id, end_number, score_arrow1, score_arrow2, score_arrow3, score_arrow4, score_arrow5, score_arrow6) values ('5444', '908', '2', '9', '7', '6', '5', '3', '1');
insert into EndScores (end_id, range_score_id, end_number, score_arrow1, score_arrow2, score_arrow3, score_arrow4, score_arrow5, score_arrow6) values ('5445', '908', '3', '7', '6', '3', '1', '0', '0');
insert into EndScores (end_id, range_score_id, end_number, score_arrow1, score_arrow2, score_arrow3, score_arrow4, score_arrow5, score_arrow6) values ('5446', '908', '4', '7', '4', '4', '4', '1', '1');
insert into EndScores (end_id, range_score_id, end_number, score_arrow1, score_arrow2, score_arrow3, score_arrow4, score_arrow5, score_arrow6) values ('5447', '908', '5', '8', '8', '7', '6', '5', '1');
insert into EndScores (end_id, range_score_id, end_number, score_arrow1, score_arrow2, score_arrow3, score_arrow4, score_arrow5, score_arrow6) values ('5448', '908', '6', '9', '8', '7', '4', '3', '1');
insert into CompetitionEnrolments (archer_id, competition_id) values ('230', '64');
insert into RoundScores (round_score_id, archer_id, competition_id, round_score_date_time, equipment_id, round_def_id, total_score, category_id) values ('228', '230', '64', '2023-04-23 9:59:0.313', 'L', '5', '617', '64');
insert into RangeScores (range_score_id, round_score_id, round_range_id) values ('909', '228', '17');
insert into EndScores (end_id, range_score_id, end_number, score_arrow1, score_arrow2, score_arrow3, score_arrow4, score_arrow5, score_arrow6) values ('5449', '909', '1', '9', '6', '5', '4', '3', '1');
insert into EndScores (end_id, range_score_id, end_number, score_arrow1, score_arrow2, score_arrow3, score_arrow4, score_arrow5, score_arrow6) values ('5450', '909', '2', '8', '8', '8', '7', '6', '4');
insert into EndScores (end_id, range_score_id, end_number, score_arrow1, score_arrow2, score_arrow3, score_arrow4, score_arrow5, score_arrow6) values ('5451', '909', '3', '6', '5', '4', '4', '3', '1');
insert into EndScores (end_id, range_score_id, end_number, score_arrow1, score_arrow2, score_arrow3, score_arrow4, score_arrow5, score_arrow6) values ('5452', '909', '4', '9', '3', '2', '2', '1', '0');
insert into EndScores (end_id, range_score_id, end_number, score_arrow1, score_arrow2, score_arrow3, score_arrow4, score_arrow5, score_arrow6) values ('5453', '909', '5', '7', '6', '5', '3', '2', '1');
insert into EndScores (end_id, range_score_id, end_number, score_arrow1, score_arrow2, score_arrow3, score_arrow4, score_arrow5, score_arrow6) values ('5454', '909', '6', '7', '6', '6', '3', '3', '0');
insert into RangeScores (range_score_id, round_score_id, round_range_id) values ('910', '228', '18');
insert into EndScores (end_id, range_score_id, end_number, score_arrow1, score_arrow2, score_arrow3, score_arrow4, score_arrow5, score_arrow6) values ('5455', '910', '1', '5', '4', '4', '3', '1', '1');
insert into EndScores (end_id, range_score_id, end_number, score_arrow1, score_arrow2, score_arrow3, score_arrow4, score_arrow5, score_arrow6) values ('5456', '910', '2', '8', '8', '2', '2', '1', '0');
insert into EndScores (end_id, range_score_id, end_number, score_arrow1, score_arrow2, score_arrow3, score_arrow4, score_arrow5, score_arrow6) values ('5457', '910', '3', '8', '8', '6', '5', '3', '2');
insert into EndScores (end_id, range_score_id, end_number, score_arrow1, score_arrow2, score_arrow3, score_arrow4, score_arrow5, score_arrow6) values ('5458', '910', '4', '7', '7', '5', '2', '1', '1');
insert into EndScores (end_id, range_score_id, end_number, score_arrow1, score_arrow2, score_arrow3, score_arrow4, score_arrow5, score_arrow6) values ('5459', '910', '5', '8', '7', '5', '3', '2', '0');
insert into EndScores (end_id, range_score_id, end_number, score_arrow1, score_arrow2, score_arrow3, score_arrow4, score_arrow5, score_arrow6) values ('5460', '910', '6', '9', '7', '7', '6', '4', '2');
insert into RangeScores (range_score_id, round_score_id, round_range_id) values ('911', '228', '19');
insert into EndScores (end_id, range_score_id, end_number, score_arrow1, score_arrow2, score_arrow3, score_arrow4, score_arrow5, score_arrow6) values ('5461', '911', '1', '9', '8', '4', '4', '0', '0');
insert into EndScores (end_id, range_score_id, end_number, score_arrow1, score_arrow2, score_arrow3, score_arrow4, score_arrow5, score_arrow6) values ('5462', '911', '2', '8', '8', '6', '5', '3', '0');
insert into EndScores (end_id, range_score_id, end_number, score_arrow1, score_arrow2, score_arrow3, score_arrow4, score_arrow5, score_arrow6) values ('5463', '911', '3', '8', '8', '7', '5', '4', '1');
insert into EndScores (end_id, range_score_id, end_number, score_arrow1, score_arrow2, score_arrow3, score_arrow4, score_arrow5, score_arrow6) values ('5464', '911', '4', '9', '9', '7', '5', '1', '0');
insert into EndScores (end_id, range_score_id, end_number, score_arrow1, score_arrow2, score_arrow3, score_arrow4, score_arrow5, score_arrow6) values ('5465', '911', '5', '7', '6', '6', '4', '3', '0');
insert into EndScores (end_id, range_score_id, end_number, score_arrow1, score_arrow2, score_arrow3, score_arrow4, score_arrow5, score_arrow6) values ('5466', '911', '6', '8', '4', '4', '3', '2', '1');
insert into RangeScores (range_score_id, round_score_id, round_range_id) values ('912', '228', '20');
insert into EndScores (end_id, range_score_id, end_number, score_arrow1, score_arrow2, score_arrow3, score_arrow4, score_arrow5, score_arrow6) values ('5467', '912', '1', '9', '9', '4', '4', '1', '0');
insert into EndScores (end_id, range_score_id, end_number, score_arrow1, score_arrow2, score_arrow3, score_arrow4, score_arrow5, score_arrow6) values ('5468', '912', '2', '7', '5', '3', '2', '2', '1');
insert into EndScores (end_id, range_score_id, end_number, score_arrow1, score_arrow2, score_arrow3, score_arrow4, score_arrow5, score_arrow6) values ('5469', '912', '3', '9', '7', '7', '6', '4', '0');
insert into EndScores (end_id, range_score_id, end_number, score_arrow1, score_arrow2, score_arrow3, score_arrow4, score_arrow5, score_arrow6) values ('5470', '912', '4', '7', '6', '4', '1', '0', '0');
insert into EndScores (end_id, range_score_id, end_number, score_arrow1, score_arrow2, score_arrow3, score_arrow4, score_arrow5, score_arrow6) values ('5471', '912', '5', '5', '4', '4', '4', '3', '2');
insert into EndScores (end_id, range_score_id, end_number, score_arrow1, score_arrow2, score_arrow3, score_arrow4, score_arrow5, score_arrow6) values ('5472', '912', '6', '8', '5', '4', '1', '0', '0');
insert into CompetitionEnrolments (archer_id, competition_id) values ('231', '3');
insert into RoundScores (round_score_id, archer_id, competition_id, round_score_date_time, equipment_id, round_def_id, total_score, category_id) values ('229', '231', '3', '2023-04-23 13:23:5.637', 'B', '2', '669', '3');
insert into RangeScores (range_score_id, round_score_id, round_range_id) values ('913', '229', '5');
insert into EndScores (end_id, range_score_id, end_number, score_arrow1, score_arrow2, score_arrow3, score_arrow4, score_arrow5, score_arrow6) values ('5473', '913', '1', '7', '7', '7', '6', '3', '1');
insert into EndScores (end_id, range_score_id, end_number, score_arrow1, score_arrow2, score_arrow3, score_arrow4, score_arrow5, score_arrow6) values ('5474', '913', '2', '9', '8', '6', '4', '4', '0');
insert into EndScores (end_id, range_score_id, end_number, score_arrow1, score_arrow2, score_arrow3, score_arrow4, score_arrow5, score_arrow6) values ('5475', '913', '3', '9', '7', '6', '5', '5', '4');
insert into EndScores (end_id, range_score_id, end_number, score_arrow1, score_arrow2, score_arrow3, score_arrow4, score_arrow5, score_arrow6) values ('5476', '913', '4', '8', '6', '6', '4', '2', '1');
insert into EndScores (end_id, range_score_id, end_number, score_arrow1, score_arrow2, score_arrow3, score_arrow4, score_arrow5, score_arrow6) values ('5477', '913', '5', '9', '7', '7', '5', '5', '0');
insert into EndScores (end_id, range_score_id, end_number, score_arrow1, score_arrow2, score_arrow3, score_arrow4, score_arrow5, score_arrow6) values ('5478', '913', '6', '9', '5', '2', '2', '2', '0');
insert into RangeScores (range_score_id, round_score_id, round_range_id) values ('914', '229', '6');
insert into EndScores (end_id, range_score_id, end_number, score_arrow1, score_arrow2, score_arrow3, score_arrow4, score_arrow5, score_arrow6) values ('5479', '914', '1', '9', '9', '8', '4', '4', '2');
insert into EndScores (end_id, range_score_id, end_number, score_arrow1, score_arrow2, score_arrow3, score_arrow4, score_arrow5, score_arrow6) values ('5480', '914', '2', '9', '8', '7', '7', '2', '2');
insert into EndScores (end_id, range_score_id, end_number, score_arrow1, score_arrow2, score_arrow3, score_arrow4, score_arrow5, score_arrow6) values ('5481', '914', '3', '8', '5', '4', '3', '3', '1');
insert into EndScores (end_id, range_score_id, end_number, score_arrow1, score_arrow2, score_arrow3, score_arrow4, score_arrow5, score_arrow6) values ('5482', '914', '4', '6', '5', '4', '2', '2', '2');
insert into EndScores (end_id, range_score_id, end_number, score_arrow1, score_arrow2, score_arrow3, score_arrow4, score_arrow5, score_arrow6) values ('5483', '914', '5', '8', '8', '6', '4', '1', '1');
insert into EndScores (end_id, range_score_id, end_number, score_arrow1, score_arrow2, score_arrow3, score_arrow4, score_arrow5, score_arrow6) values ('5484', '914', '6', '7', '6', '6', '6', '5', '3');
insert into RangeScores (range_score_id, round_score_id, round_range_id) values ('915', '229', '7');
insert into EndScores (end_id, range_score_id, end_number, score_arrow1, score_arrow2, score_arrow3, score_arrow4, score_arrow5, score_arrow6) values ('5485', '915', '1', '9', '6', '5', '4', '2', '0');
insert into EndScores (end_id, range_score_id, end_number, score_arrow1, score_arrow2, score_arrow3, score_arrow4, score_arrow5, score_arrow6) values ('5486', '915', '2', '8', '6', '6', '2', '2', '0');
insert into EndScores (end_id, range_score_id, end_number, score_arrow1, score_arrow2, score_arrow3, score_arrow4, score_arrow5, score_arrow6) values ('5487', '915', '3', '6', '5', '5', '2', '2', '0');
insert into EndScores (end_id, range_score_id, end_number, score_arrow1, score_arrow2, score_arrow3, score_arrow4, score_arrow5, score_arrow6) values ('5488', '915', '4', '9', '8', '8', '3', '2', '2');
insert into EndScores (end_id, range_score_id, end_number, score_arrow1, score_arrow2, score_arrow3, score_arrow4, score_arrow5, score_arrow6) values ('5489', '915', '5', '7', '7', '7', '5', '3', '1');
insert into EndScores (end_id, range_score_id, end_number, score_arrow1, score_arrow2, score_arrow3, score_arrow4, score_arrow5, score_arrow6) values ('5490', '915', '6', '8', '4', '4', '4', '0', '0');
insert into RangeScores (range_score_id, round_score_id, round_range_id) values ('916', '229', '8');
insert into EndScores (end_id, range_score_id, end_number, score_arrow1, score_arrow2, score_arrow3, score_arrow4, score_arrow5, score_arrow6) values ('5491', '916', '1', '6', '5', '4', '3', '2', '0');
insert into EndScores (end_id, range_score_id, end_number, score_arrow1, score_arrow2, score_arrow3, score_arrow4, score_arrow5, score_arrow6) values ('5492', '916', '2', '8', '8', '7', '7', '6', '3');
insert into EndScores (end_id, range_score_id, end_number, score_arrow1, score_arrow2, score_arrow3, score_arrow4, score_arrow5, score_arrow6) values ('5493', '916', '3', '8', '5', '3', '2', '2', '1');
insert into EndScores (end_id, range_score_id, end_number, score_arrow1, score_arrow2, score_arrow3, score_arrow4, score_arrow5, score_arrow6) values ('5494', '916', '4', '9', '9', '1', '0', '0', '0');
insert into EndScores (end_id, range_score_id, end_number, score_arrow1, score_arrow2, score_arrow3, score_arrow4, score_arrow5, score_arrow6) values ('5495', '916', '5', '7', '7', '6', '4', '2', '2');
insert into EndScores (end_id, range_score_id, end_number, score_arrow1, score_arrow2, score_arrow3, score_arrow4, score_arrow5, score_arrow6) values ('5496', '916', '6', '9', '8', '8', '5', '4', '1');
insert into CompetitionEnrolments (archer_id, competition_id) values ('232', '5');
insert into RoundScores (round_score_id, archer_id, competition_id, round_score_date_time, equipment_id, round_def_id, total_score, category_id) values ('230', '232', '5', '2023-04-23 10:58:13.691', 'R', '2', '634', '5');
insert into RangeScores (range_score_id, round_score_id, round_range_id) values ('917', '230', '5');
insert into EndScores (end_id, range_score_id, end_number, score_arrow1, score_arrow2, score_arrow3, score_arrow4, score_arrow5, score_arrow6) values ('5497', '917', '1', '6', '3', '2', '2', '1', '1');
insert into EndScores (end_id, range_score_id, end_number, score_arrow1, score_arrow2, score_arrow3, score_arrow4, score_arrow5, score_arrow6) values ('5498', '917', '2', '9', '9', '7', '6', '4', '2');
insert into EndScores (end_id, range_score_id, end_number, score_arrow1, score_arrow2, score_arrow3, score_arrow4, score_arrow5, score_arrow6) values ('5499', '917', '3', '9', '9', '8', '3', '0', '0');
insert into EndScores (end_id, range_score_id, end_number, score_arrow1, score_arrow2, score_arrow3, score_arrow4, score_arrow5, score_arrow6) values ('5500', '917', '4', '9', '6', '5', '4', '3', '2');
insert into EndScores (end_id, range_score_id, end_number, score_arrow1, score_arrow2, score_arrow3, score_arrow4, score_arrow5, score_arrow6) values ('5501', '917', '5', '6', '5', '5', '5', '4', '2');
insert into EndScores (end_id, range_score_id, end_number, score_arrow1, score_arrow2, score_arrow3, score_arrow4, score_arrow5, score_arrow6) values ('5502', '917', '6', '9', '7', '5', '5', '2', '0');
insert into RangeScores (range_score_id, round_score_id, round_range_id) values ('918', '230', '6');
insert into EndScores (end_id, range_score_id, end_number, score_arrow1, score_arrow2, score_arrow3, score_arrow4, score_arrow5, score_arrow6) values ('5503', '918', '1', '9', '6', '5', '4', '3', '2');
insert into EndScores (end_id, range_score_id, end_number, score_arrow1, score_arrow2, score_arrow3, score_arrow4, score_arrow5, score_arrow6) values ('5504', '918', '2', '9', '8', '8', '6', '5', '5');
insert into EndScores (end_id, range_score_id, end_number, score_arrow1, score_arrow2, score_arrow3, score_arrow4, score_arrow5, score_arrow6) values ('5505', '918', '3', '8', '6', '4', '4', '1', '0');
insert into EndScores (end_id, range_score_id, end_number, score_arrow1, score_arrow2, score_arrow3, score_arrow4, score_arrow5, score_arrow6) values ('5506', '918', '4', '9', '6', '4', '3', '3', '0');
insert into EndScores (end_id, range_score_id, end_number, score_arrow1, score_arrow2, score_arrow3, score_arrow4, score_arrow5, score_arrow6) values ('5507', '918', '5', '6', '4', '4', '1', '1', '1');
insert into EndScores (end_id, range_score_id, end_number, score_arrow1, score_arrow2, score_arrow3, score_arrow4, score_arrow5, score_arrow6) values ('5508', '918', '6', '9', '8', '7', '6', '5', '0');
insert into RangeScores (range_score_id, round_score_id, round_range_id) values ('919', '230', '7');
insert into EndScores (end_id, range_score_id, end_number, score_arrow1, score_arrow2, score_arrow3, score_arrow4, score_arrow5, score_arrow6) values ('5509', '919', '1', '8', '2', '1', '1', '0', '0');
insert into EndScores (end_id, range_score_id, end_number, score_arrow1, score_arrow2, score_arrow3, score_arrow4, score_arrow5, score_arrow6) values ('5510', '919', '2', '7', '7', '5', '5', '5', '2');
insert into EndScores (end_id, range_score_id, end_number, score_arrow1, score_arrow2, score_arrow3, score_arrow4, score_arrow5, score_arrow6) values ('5511', '919', '3', '7', '5', '3', '1', '0', '0');
insert into EndScores (end_id, range_score_id, end_number, score_arrow1, score_arrow2, score_arrow3, score_arrow4, score_arrow5, score_arrow6) values ('5512', '919', '4', '8', '8', '6', '6', '2', '2');
insert into EndScores (end_id, range_score_id, end_number, score_arrow1, score_arrow2, score_arrow3, score_arrow4, score_arrow5, score_arrow6) values ('5513', '919', '5', '7', '5', '5', '2', '1', '1');
insert into EndScores (end_id, range_score_id, end_number, score_arrow1, score_arrow2, score_arrow3, score_arrow4, score_arrow5, score_arrow6) values ('5514', '919', '6', '8', '7', '3', '0', '0', '0');
insert into RangeScores (range_score_id, round_score_id, round_range_id) values ('920', '230', '8');
insert into EndScores (end_id, range_score_id, end_number, score_arrow1, score_arrow2, score_arrow3, score_arrow4, score_arrow5, score_arrow6) values ('5515', '920', '1', '8', '7', '6', '4', '2', '1');
insert into EndScores (end_id, range_score_id, end_number, score_arrow1, score_arrow2, score_arrow3, score_arrow4, score_arrow5, score_arrow6) values ('5516', '920', '2', '8', '8', '5', '4', '0', '0');
insert into EndScores (end_id, range_score_id, end_number, score_arrow1, score_arrow2, score_arrow3, score_arrow4, score_arrow5, score_arrow6) values ('5517', '920', '3', '9', '9', '5', '4', '3', '0');
insert into EndScores (end_id, range_score_id, end_number, score_arrow1, score_arrow2, score_arrow3, score_arrow4, score_arrow5, score_arrow6) values ('5518', '920', '4', '9', '5', '3', '3', '1', '0');
insert into EndScores (end_id, range_score_id, end_number, score_arrow1, score_arrow2, score_arrow3, score_arrow4, score_arrow5, score_arrow6) values ('5519', '920', '5', '9', '9', '9', '7', '6', '3');
insert into EndScores (end_id, range_score_id, end_number, score_arrow1, score_arrow2, score_arrow3, score_arrow4, score_arrow5, score_arrow6) values ('5520', '920', '6', '9', '6', '5', '1', '1', '0');
insert into CompetitionEnrolments (archer_id, competition_id) values ('233', '26');
insert into RoundScores (round_score_id, archer_id, competition_id, round_score_date_time, equipment_id, round_def_id, total_score, category_id) values ('231', '233', '26', '2023-04-23 16:12:45.17', 'C', '3', '676', '26');
insert into RangeScores (range_score_id, round_score_id, round_range_id) values ('921', '231', '9');
insert into EndScores (end_id, range_score_id, end_number, score_arrow1, score_arrow2, score_arrow3, score_arrow4, score_arrow5, score_arrow6) values ('5521', '921', '1', '9', '8', '8', '2', '2', '0');
insert into EndScores (end_id, range_score_id, end_number, score_arrow1, score_arrow2, score_arrow3, score_arrow4, score_arrow5, score_arrow6) values ('5522', '921', '2', '8', '7', '6', '3', '2', '1');
insert into EndScores (end_id, range_score_id, end_number, score_arrow1, score_arrow2, score_arrow3, score_arrow4, score_arrow5, score_arrow6) values ('5523', '921', '3', '9', '8', '5', '5', '3', '1');
insert into EndScores (end_id, range_score_id, end_number, score_arrow1, score_arrow2, score_arrow3, score_arrow4, score_arrow5, score_arrow6) values ('5524', '921', '4', '9', '7', '5', '4', '3', '2');
insert into EndScores (end_id, range_score_id, end_number, score_arrow1, score_arrow2, score_arrow3, score_arrow4, score_arrow5, score_arrow6) values ('5525', '921', '5', '9', '6', '5', '4', '4', '4');
insert into EndScores (end_id, range_score_id, end_number, score_arrow1, score_arrow2, score_arrow3, score_arrow4, score_arrow5, score_arrow6) values ('5526', '921', '6', '9', '6', '4', '3', '2', '0');
insert into RangeScores (range_score_id, round_score_id, round_range_id) values ('922', '231', '10');
insert into EndScores (end_id, range_score_id, end_number, score_arrow1, score_arrow2, score_arrow3, score_arrow4, score_arrow5, score_arrow6) values ('5527', '922', '1', '8', '8', '7', '5', '3', '0');
insert into EndScores (end_id, range_score_id, end_number, score_arrow1, score_arrow2, score_arrow3, score_arrow4, score_arrow5, score_arrow6) values ('5528', '922', '2', '7', '5', '3', '3', '2', '1');
insert into EndScores (end_id, range_score_id, end_number, score_arrow1, score_arrow2, score_arrow3, score_arrow4, score_arrow5, score_arrow6) values ('5529', '922', '3', '9', '6', '5', '5', '4', '1');
insert into EndScores (end_id, range_score_id, end_number, score_arrow1, score_arrow2, score_arrow3, score_arrow4, score_arrow5, score_arrow6) values ('5530', '922', '4', '8', '8', '6', '5', '3', '2');
insert into EndScores (end_id, range_score_id, end_number, score_arrow1, score_arrow2, score_arrow3, score_arrow4, score_arrow5, score_arrow6) values ('5531', '922', '5', '5', '4', '3', '3', '1', '1');
insert into EndScores (end_id, range_score_id, end_number, score_arrow1, score_arrow2, score_arrow3, score_arrow4, score_arrow5, score_arrow6) values ('5532', '922', '6', '8', '7', '7', '5', '4', '1');
insert into RangeScores (range_score_id, round_score_id, round_range_id) values ('923', '231', '11');
insert into EndScores (end_id, range_score_id, end_number, score_arrow1, score_arrow2, score_arrow3, score_arrow4, score_arrow5, score_arrow6) values ('5533', '923', '1', '8', '7', '6', '6', '5', '0');
insert into EndScores (end_id, range_score_id, end_number, score_arrow1, score_arrow2, score_arrow3, score_arrow4, score_arrow5, score_arrow6) values ('5534', '923', '2', '9', '7', '7', '3', '3', '0');
insert into EndScores (end_id, range_score_id, end_number, score_arrow1, score_arrow2, score_arrow3, score_arrow4, score_arrow5, score_arrow6) values ('5535', '923', '3', '9', '8', '6', '3', '3', '1');
insert into EndScores (end_id, range_score_id, end_number, score_arrow1, score_arrow2, score_arrow3, score_arrow4, score_arrow5, score_arrow6) values ('5536', '923', '4', '6', '5', '5', '4', '1', '1');
insert into EndScores (end_id, range_score_id, end_number, score_arrow1, score_arrow2, score_arrow3, score_arrow4, score_arrow5, score_arrow6) values ('5537', '923', '5', '8', '8', '5', '3', '1', '0');
insert into EndScores (end_id, range_score_id, end_number, score_arrow1, score_arrow2, score_arrow3, score_arrow4, score_arrow5, score_arrow6) values ('5538', '923', '6', '7', '7', '6', '4', '4', '3');
insert into RangeScores (range_score_id, round_score_id, round_range_id) values ('924', '231', '12');
insert into EndScores (end_id, range_score_id, end_number, score_arrow1, score_arrow2, score_arrow3, score_arrow4, score_arrow5, score_arrow6) values ('5539', '924', '1', '8', '8', '4', '3', '0', '0');
insert into EndScores (end_id, range_score_id, end_number, score_arrow1, score_arrow2, score_arrow3, score_arrow4, score_arrow5, score_arrow6) values ('5540', '924', '2', '5', '5', '5', '3', '3', '1');
insert into EndScores (end_id, range_score_id, end_number, score_arrow1, score_arrow2, score_arrow3, score_arrow4, score_arrow5, score_arrow6) values ('5541', '924', '3', '8', '7', '6', '4', '2', '1');
insert into EndScores (end_id, range_score_id, end_number, score_arrow1, score_arrow2, score_arrow3, score_arrow4, score_arrow5, score_arrow6) values ('5542', '924', '4', '9', '8', '8', '7', '7', '6');
insert into EndScores (end_id, range_score_id, end_number, score_arrow1, score_arrow2, score_arrow3, score_arrow4, score_arrow5, score_arrow6) values ('5543', '924', '5', '9', '8', '5', '5', '2', '1');
insert into EndScores (end_id, range_score_id, end_number, score_arrow1, score_arrow2, score_arrow3, score_arrow4, score_arrow5, score_arrow6) values ('5544', '924', '6', '7', '6', '5', '3', '1', '1');
insert into CompetitionEnrolments (archer_id, competition_id) values ('234', '30');
insert into RoundScores (round_score_id, archer_id, competition_id, round_score_date_time, equipment_id, round_def_id, total_score, category_id) values ('232', '234', '30', '2023-04-23 11:13:12.859', 'C', '4', '732', '30');
insert into RangeScores (range_score_id, round_score_id, round_range_id) values ('925', '232', '13');
insert into EndScores (end_id, range_score_id, end_number, score_arrow1, score_arrow2, score_arrow3, score_arrow4, score_arrow5, score_arrow6) values ('5545', '925', '1', '7', '7', '4', '4', '3', '3');
insert into EndScores (end_id, range_score_id, end_number, score_arrow1, score_arrow2, score_arrow3, score_arrow4, score_arrow5, score_arrow6) values ('5546', '925', '2', '6', '4', '4', '2', '2', '0');
insert into EndScores (end_id, range_score_id, end_number, score_arrow1, score_arrow2, score_arrow3, score_arrow4, score_arrow5, score_arrow6) values ('5547', '925', '3', '9', '8', '8', '8', '7', '6');
insert into EndScores (end_id, range_score_id, end_number, score_arrow1, score_arrow2, score_arrow3, score_arrow4, score_arrow5, score_arrow6) values ('5548', '925', '4', '9', '8', '7', '6', '5', '5');
insert into EndScores (end_id, range_score_id, end_number, score_arrow1, score_arrow2, score_arrow3, score_arrow4, score_arrow5, score_arrow6) values ('5549', '925', '5', '9', '7', '5', '5', '5', '4');
insert into EndScores (end_id, range_score_id, end_number, score_arrow1, score_arrow2, score_arrow3, score_arrow4, score_arrow5, score_arrow6) values ('5550', '925', '6', '9', '6', '5', '4', '4', '3');
insert into RangeScores (range_score_id, round_score_id, round_range_id) values ('926', '232', '14');
insert into EndScores (end_id, range_score_id, end_number, score_arrow1, score_arrow2, score_arrow3, score_arrow4, score_arrow5, score_arrow6) values ('5551', '926', '1', '8', '8', '6', '4', '3', '1');
insert into EndScores (end_id, range_score_id, end_number, score_arrow1, score_arrow2, score_arrow3, score_arrow4, score_arrow5, score_arrow6) values ('5552', '926', '2', '9', '9', '8', '7', '4', '0');
insert into EndScores (end_id, range_score_id, end_number, score_arrow1, score_arrow2, score_arrow3, score_arrow4, score_arrow5, score_arrow6) values ('5553', '926', '3', '8', '6', '6', '5', '2', '0');
insert into EndScores (end_id, range_score_id, end_number, score_arrow1, score_arrow2, score_arrow3, score_arrow4, score_arrow5, score_arrow6) values ('5554', '926', '4', '9', '7', '7', '5', '4', '2');
insert into EndScores (end_id, range_score_id, end_number, score_arrow1, score_arrow2, score_arrow3, score_arrow4, score_arrow5, score_arrow6) values ('5555', '926', '5', '9', '9', '7', '6', '4', '3');
insert into EndScores (end_id, range_score_id, end_number, score_arrow1, score_arrow2, score_arrow3, score_arrow4, score_arrow5, score_arrow6) values ('5556', '926', '6', '9', '7', '6', '6', '1', '1');
insert into RangeScores (range_score_id, round_score_id, round_range_id) values ('927', '232', '15');
insert into EndScores (end_id, range_score_id, end_number, score_arrow1, score_arrow2, score_arrow3, score_arrow4, score_arrow5, score_arrow6) values ('5557', '927', '1', '8', '7', '4', '2', '1', '0');
insert into EndScores (end_id, range_score_id, end_number, score_arrow1, score_arrow2, score_arrow3, score_arrow4, score_arrow5, score_arrow6) values ('5558', '927', '2', '9', '7', '5', '3', '2', '1');
insert into EndScores (end_id, range_score_id, end_number, score_arrow1, score_arrow2, score_arrow3, score_arrow4, score_arrow5, score_arrow6) values ('5559', '927', '3', '9', '8', '7', '7', '4', '2');
insert into EndScores (end_id, range_score_id, end_number, score_arrow1, score_arrow2, score_arrow3, score_arrow4, score_arrow5, score_arrow6) values ('5560', '927', '4', '9', '8', '2', '2', '1', '0');
insert into EndScores (end_id, range_score_id, end_number, score_arrow1, score_arrow2, score_arrow3, score_arrow4, score_arrow5, score_arrow6) values ('5561', '927', '5', '8', '6', '6', '3', '2', '1');
insert into EndScores (end_id, range_score_id, end_number, score_arrow1, score_arrow2, score_arrow3, score_arrow4, score_arrow5, score_arrow6) values ('5562', '927', '6', '8', '8', '7', '2', '2', '0');
insert into RangeScores (range_score_id, round_score_id, round_range_id) values ('928', '232', '16');
insert into EndScores (end_id, range_score_id, end_number, score_arrow1, score_arrow2, score_arrow3, score_arrow4, score_arrow5, score_arrow6) values ('5563', '928', '1', '8', '6', '6', '5', '4', '3');
insert into EndScores (end_id, range_score_id, end_number, score_arrow1, score_arrow2, score_arrow3, score_arrow4, score_arrow5, score_arrow6) values ('5564', '928', '2', '6', '5', '5', '2', '2', '2');
insert into EndScores (end_id, range_score_id, end_number, score_arrow1, score_arrow2, score_arrow3, score_arrow4, score_arrow5, score_arrow6) values ('5565', '928', '3', '8', '5', '3', '2', '1', '0');
insert into EndScores (end_id, range_score_id, end_number, score_arrow1, score_arrow2, score_arrow3, score_arrow4, score_arrow5, score_arrow6) values ('5566', '928', '4', '9', '9', '8', '6', '4', '4');
insert into EndScores (end_id, range_score_id, end_number, score_arrow1, score_arrow2, score_arrow3, score_arrow4, score_arrow5, score_arrow6) values ('5567', '928', '5', '9', '9', '8', '7', '1', '0');
insert into EndScores (end_id, range_score_id, end_number, score_arrow1, score_arrow2, score_arrow3, score_arrow4, score_arrow5, score_arrow6) values ('5568', '928', '6', '8', '8', '6', '6', '1', '1');
insert into CompetitionEnrolments (archer_id, competition_id) values ('235', '32');
insert into RoundScores (round_score_id, archer_id, competition_id, round_score_date_time, equipment_id, round_def_id, total_score, category_id) values ('233', '235', '32', '2023-04-23 15:3:56.15', 'L', '4', '664', '32');
insert into RangeScores (range_score_id, round_score_id, round_range_id) values ('929', '233', '13');
insert into EndScores (end_id, range_score_id, end_number, score_arrow1, score_arrow2, score_arrow3, score_arrow4, score_arrow5, score_arrow6) values ('5569', '929', '1', '8', '7', '7', '5', '5', '1');
insert into EndScores (end_id, range_score_id, end_number, score_arrow1, score_arrow2, score_arrow3, score_arrow4, score_arrow5, score_arrow6) values ('5570', '929', '2', '9', '8', '8', '6', '5', '2');
insert into EndScores (end_id, range_score_id, end_number, score_arrow1, score_arrow2, score_arrow3, score_arrow4, score_arrow5, score_arrow6) values ('5571', '929', '3', '9', '8', '8', '6', '6', '3');
insert into EndScores (end_id, range_score_id, end_number, score_arrow1, score_arrow2, score_arrow3, score_arrow4, score_arrow5, score_arrow6) values ('5572', '929', '4', '9', '8', '6', '3', '1', '0');
insert into EndScores (end_id, range_score_id, end_number, score_arrow1, score_arrow2, score_arrow3, score_arrow4, score_arrow5, score_arrow6) values ('5573', '929', '5', '8', '4', '3', '3', '3', '1');
insert into EndScores (end_id, range_score_id, end_number, score_arrow1, score_arrow2, score_arrow3, score_arrow4, score_arrow5, score_arrow6) values ('5574', '929', '6', '8', '8', '5', '3', '2', '0');
insert into RangeScores (range_score_id, round_score_id, round_range_id) values ('930', '233', '14');
insert into EndScores (end_id, range_score_id, end_number, score_arrow1, score_arrow2, score_arrow3, score_arrow4, score_arrow5, score_arrow6) values ('5575', '930', '1', '9', '7', '6', '5', '3', '1');
insert into EndScores (end_id, range_score_id, end_number, score_arrow1, score_arrow2, score_arrow3, score_arrow4, score_arrow5, score_arrow6) values ('5576', '930', '2', '7', '5', '4', '2', '1', '1');
insert into EndScores (end_id, range_score_id, end_number, score_arrow1, score_arrow2, score_arrow3, score_arrow4, score_arrow5, score_arrow6) values ('5577', '930', '3', '8', '6', '4', '4', '4', '1');
insert into EndScores (end_id, range_score_id, end_number, score_arrow1, score_arrow2, score_arrow3, score_arrow4, score_arrow5, score_arrow6) values ('5578', '930', '4', '8', '8', '8', '7', '6', '0');
insert into EndScores (end_id, range_score_id, end_number, score_arrow1, score_arrow2, score_arrow3, score_arrow4, score_arrow5, score_arrow6) values ('5579', '930', '5', '7', '7', '6', '5', '3', '2');
insert into EndScores (end_id, range_score_id, end_number, score_arrow1, score_arrow2, score_arrow3, score_arrow4, score_arrow5, score_arrow6) values ('5580', '930', '6', '6', '5', '4', '0', '0', '0');
insert into RangeScores (range_score_id, round_score_id, round_range_id) values ('931', '233', '15');
insert into EndScores (end_id, range_score_id, end_number, score_arrow1, score_arrow2, score_arrow3, score_arrow4, score_arrow5, score_arrow6) values ('5581', '931', '1', '9', '8', '8', '7', '6', '3');
insert into EndScores (end_id, range_score_id, end_number, score_arrow1, score_arrow2, score_arrow3, score_arrow4, score_arrow5, score_arrow6) values ('5582', '931', '2', '9', '9', '8', '7', '5', '5');
insert into EndScores (end_id, range_score_id, end_number, score_arrow1, score_arrow2, score_arrow3, score_arrow4, score_arrow5, score_arrow6) values ('5583', '931', '3', '9', '9', '6', '5', '5', '2');
insert into EndScores (end_id, range_score_id, end_number, score_arrow1, score_arrow2, score_arrow3, score_arrow4, score_arrow5, score_arrow6) values ('5584', '931', '4', '7', '6', '5', '3', '0', '0');
insert into EndScores (end_id, range_score_id, end_number, score_arrow1, score_arrow2, score_arrow3, score_arrow4, score_arrow5, score_arrow6) values ('5585', '931', '5', '8', '8', '5', '5', '2', '1');
insert into EndScores (end_id, range_score_id, end_number, score_arrow1, score_arrow2, score_arrow3, score_arrow4, score_arrow5, score_arrow6) values ('5586', '931', '6', '8', '6', '4', '3', '0', '0');
insert into RangeScores (range_score_id, round_score_id, round_range_id) values ('932', '233', '16');
insert into EndScores (end_id, range_score_id, end_number, score_arrow1, score_arrow2, score_arrow3, score_arrow4, score_arrow5, score_arrow6) values ('5587', '932', '1', '9', '4', '2', '1', '1', '0');
insert into EndScores (end_id, range_score_id, end_number, score_arrow1, score_arrow2, score_arrow3, score_arrow4, score_arrow5, score_arrow6) values ('5588', '932', '2', '7', '6', '6', '3', '3', '2');
insert into EndScores (end_id, range_score_id, end_number, score_arrow1, score_arrow2, score_arrow3, score_arrow4, score_arrow5, score_arrow6) values ('5589', '932', '3', '7', '5', '2', '1', '1', '0');
insert into EndScores (end_id, range_score_id, end_number, score_arrow1, score_arrow2, score_arrow3, score_arrow4, score_arrow5, score_arrow6) values ('5590', '932', '4', '7', '7', '5', '3', '2', '1');
insert into EndScores (end_id, range_score_id, end_number, score_arrow1, score_arrow2, score_arrow3, score_arrow4, score_arrow5, score_arrow6) values ('5591', '932', '5', '8', '7', '5', '4', '1', '1');
insert into EndScores (end_id, range_score_id, end_number, score_arrow1, score_arrow2, score_arrow3, score_arrow4, score_arrow5, score_arrow6) values ('5592', '932', '6', '5', '3', '2', '2', '2', '2');
insert into CompetitionEnrolments (archer_id, competition_id) values ('236', '8');
insert into RoundScores (round_score_id, archer_id, competition_id, round_score_date_time, equipment_id, round_def_id, total_score, category_id) values ('234', '236', '8', '2023-04-23 10:58:28.710', 'L', '4', '558', '8');
insert into RangeScores (range_score_id, round_score_id, round_range_id) values ('933', '234', '13');
insert into EndScores (end_id, range_score_id, end_number, score_arrow1, score_arrow2, score_arrow3, score_arrow4, score_arrow5, score_arrow6) values ('5593', '933', '1', '8', '2', '1', '1', '0', '0');
insert into EndScores (end_id, range_score_id, end_number, score_arrow1, score_arrow2, score_arrow3, score_arrow4, score_arrow5, score_arrow6) values ('5594', '933', '2', '6', '5', '4', '1', '1', '0');
insert into EndScores (end_id, range_score_id, end_number, score_arrow1, score_arrow2, score_arrow3, score_arrow4, score_arrow5, score_arrow6) values ('5595', '933', '3', '2', '2', '2', '1', '0', '0');
insert into EndScores (end_id, range_score_id, end_number, score_arrow1, score_arrow2, score_arrow3, score_arrow4, score_arrow5, score_arrow6) values ('5596', '933', '4', '9', '9', '8', '2', '1', '1');
insert into EndScores (end_id, range_score_id, end_number, score_arrow1, score_arrow2, score_arrow3, score_arrow4, score_arrow5, score_arrow6) values ('5597', '933', '5', '7', '7', '2', '0', '0', '0');
insert into EndScores (end_id, range_score_id, end_number, score_arrow1, score_arrow2, score_arrow3, score_arrow4, score_arrow5, score_arrow6) values ('5598', '933', '6', '8', '7', '4', '1', '0', '0');
insert into RangeScores (range_score_id, round_score_id, round_range_id) values ('934', '234', '14');
insert into EndScores (end_id, range_score_id, end_number, score_arrow1, score_arrow2, score_arrow3, score_arrow4, score_arrow5, score_arrow6) values ('5599', '934', '1', '9', '5', '5', '5', '2', '0');
insert into EndScores (end_id, range_score_id, end_number, score_arrow1, score_arrow2, score_arrow3, score_arrow4, score_arrow5, score_arrow6) values ('5600', '934', '2', '9', '7', '7', '5', '1', '1');
insert into EndScores (end_id, range_score_id, end_number, score_arrow1, score_arrow2, score_arrow3, score_arrow4, score_arrow5, score_arrow6) values ('5601', '934', '3', '9', '8', '8', '8', '6', '0');
insert into EndScores (end_id, range_score_id, end_number, score_arrow1, score_arrow2, score_arrow3, score_arrow4, score_arrow5, score_arrow6) values ('5602', '934', '4', '8', '5', '4', '3', '2', '0');
insert into EndScores (end_id, range_score_id, end_number, score_arrow1, score_arrow2, score_arrow3, score_arrow4, score_arrow5, score_arrow6) values ('5603', '934', '5', '6', '3', '2', '1', '1', '0');
insert into EndScores (end_id, range_score_id, end_number, score_arrow1, score_arrow2, score_arrow3, score_arrow4, score_arrow5, score_arrow6) values ('5604', '934', '6', '9', '9', '8', '8', '3', '3');
insert into RangeScores (range_score_id, round_score_id, round_range_id) values ('935', '234', '15');
insert into EndScores (end_id, range_score_id, end_number, score_arrow1, score_arrow2, score_arrow3, score_arrow4, score_arrow5, score_arrow6) values ('5605', '935', '1', '9', '6', '5', '4', '1', '0');
insert into EndScores (end_id, range_score_id, end_number, score_arrow1, score_arrow2, score_arrow3, score_arrow4, score_arrow5, score_arrow6) values ('5606', '935', '2', '8', '6', '4', '2', '1', '0');
insert into EndScores (end_id, range_score_id, end_number, score_arrow1, score_arrow2, score_arrow3, score_arrow4, score_arrow5, score_arrow6) values ('5607', '935', '3', '7', '6', '5', '2', '2', '0');
insert into EndScores (end_id, range_score_id, end_number, score_arrow1, score_arrow2, score_arrow3, score_arrow4, score_arrow5, score_arrow6) values ('5608', '935', '4', '7', '5', '4', '2', '1', '1');
insert into EndScores (end_id, range_score_id, end_number, score_arrow1, score_arrow2, score_arrow3, score_arrow4, score_arrow5, score_arrow6) values ('5609', '935', '5', '6', '6', '5', '4', '3', '0');
insert into EndScores (end_id, range_score_id, end_number, score_arrow1, score_arrow2, score_arrow3, score_arrow4, score_arrow5, score_arrow6) values ('5610', '935', '6', '7', '7', '5', '4', '3', '3');
insert into RangeScores (range_score_id, round_score_id, round_range_id) values ('936', '234', '16');
insert into EndScores (end_id, range_score_id, end_number, score_arrow1, score_arrow2, score_arrow3, score_arrow4, score_arrow5, score_arrow6) values ('5611', '936', '1', '7', '6', '5', '4', '3', '2');
insert into EndScores (end_id, range_score_id, end_number, score_arrow1, score_arrow2, score_arrow3, score_arrow4, score_arrow5, score_arrow6) values ('5612', '936', '2', '8', '7', '7', '2', '0', '0');
insert into EndScores (end_id, range_score_id, end_number, score_arrow1, score_arrow2, score_arrow3, score_arrow4, score_arrow5, score_arrow6) values ('5613', '936', '3', '8', '8', '5', '5', '2', '0');
insert into EndScores (end_id, range_score_id, end_number, score_arrow1, score_arrow2, score_arrow3, score_arrow4, score_arrow5, score_arrow6) values ('5614', '936', '4', '8', '6', '5', '3', '0', '0');
insert into EndScores (end_id, range_score_id, end_number, score_arrow1, score_arrow2, score_arrow3, score_arrow4, score_arrow5, score_arrow6) values ('5615', '936', '5', '8', '5', '5', '4', '2', '1');
insert into EndScores (end_id, range_score_id, end_number, score_arrow1, score_arrow2, score_arrow3, score_arrow4, score_arrow5, score_arrow6) values ('5616', '936', '6', '9', '6', '3', '1', '0', '0');
insert into CompetitionEnrolments (archer_id, competition_id) values ('237', '5');
insert into RoundScores (round_score_id, archer_id, competition_id, round_score_date_time, equipment_id, round_def_id, total_score, category_id) values ('235', '237', '5', '2023-04-23 11:18:53.28', 'R', '2', '675', '5');
insert into RangeScores (range_score_id, round_score_id, round_range_id) values ('937', '235', '5');
insert into EndScores (end_id, range_score_id, end_number, score_arrow1, score_arrow2, score_arrow3, score_arrow4, score_arrow5, score_arrow6) values ('5617', '937', '1', '7', '7', '7', '5', '4', '0');
insert into EndScores (end_id, range_score_id, end_number, score_arrow1, score_arrow2, score_arrow3, score_arrow4, score_arrow5, score_arrow6) values ('5618', '937', '2', '9', '8', '7', '5', '3', '0');
insert into EndScores (end_id, range_score_id, end_number, score_arrow1, score_arrow2, score_arrow3, score_arrow4, score_arrow5, score_arrow6) values ('5619', '937', '3', '7', '5', '3', '2', '1', '0');
insert into EndScores (end_id, range_score_id, end_number, score_arrow1, score_arrow2, score_arrow3, score_arrow4, score_arrow5, score_arrow6) values ('5620', '937', '4', '9', '9', '8', '4', '4', '2');
insert into EndScores (end_id, range_score_id, end_number, score_arrow1, score_arrow2, score_arrow3, score_arrow4, score_arrow5, score_arrow6) values ('5621', '937', '5', '9', '9', '9', '5', '3', '3');
insert into EndScores (end_id, range_score_id, end_number, score_arrow1, score_arrow2, score_arrow3, score_arrow4, score_arrow5, score_arrow6) values ('5622', '937', '6', '9', '8', '6', '2', '1', '0');
insert into RangeScores (range_score_id, round_score_id, round_range_id) values ('938', '235', '6');
insert into EndScores (end_id, range_score_id, end_number, score_arrow1, score_arrow2, score_arrow3, score_arrow4, score_arrow5, score_arrow6) values ('5623', '938', '1', '9', '8', '7', '5', '5', '2');
insert into EndScores (end_id, range_score_id, end_number, score_arrow1, score_arrow2, score_arrow3, score_arrow4, score_arrow5, score_arrow6) values ('5624', '938', '2', '9', '8', '5', '4', '4', '3');
insert into EndScores (end_id, range_score_id, end_number, score_arrow1, score_arrow2, score_arrow3, score_arrow4, score_arrow5, score_arrow6) values ('5625', '938', '3', '8', '5', '4', '1', '1', '0');
insert into EndScores (end_id, range_score_id, end_number, score_arrow1, score_arrow2, score_arrow3, score_arrow4, score_arrow5, score_arrow6) values ('5626', '938', '4', '8', '7', '6', '5', '2', '2');
insert into EndScores (end_id, range_score_id, end_number, score_arrow1, score_arrow2, score_arrow3, score_arrow4, score_arrow5, score_arrow6) values ('5627', '938', '5', '9', '2', '2', '1', '1', '0');
insert into EndScores (end_id, range_score_id, end_number, score_arrow1, score_arrow2, score_arrow3, score_arrow4, score_arrow5, score_arrow6) values ('5628', '938', '6', '5', '2', '1', '1', '1', '0');
insert into RangeScores (range_score_id, round_score_id, round_range_id) values ('939', '235', '7');
insert into EndScores (end_id, range_score_id, end_number, score_arrow1, score_arrow2, score_arrow3, score_arrow4, score_arrow5, score_arrow6) values ('5629', '939', '1', '9', '9', '8', '4', '0', '0');
insert into EndScores (end_id, range_score_id, end_number, score_arrow1, score_arrow2, score_arrow3, score_arrow4, score_arrow5, score_arrow6) values ('5630', '939', '2', '9', '8', '6', '4', '3', '2');
insert into EndScores (end_id, range_score_id, end_number, score_arrow1, score_arrow2, score_arrow3, score_arrow4, score_arrow5, score_arrow6) values ('5631', '939', '3', '9', '8', '7', '2', '1', '1');
insert into EndScores (end_id, range_score_id, end_number, score_arrow1, score_arrow2, score_arrow3, score_arrow4, score_arrow5, score_arrow6) values ('5632', '939', '4', '9', '7', '5', '5', '4', '3');
insert into EndScores (end_id, range_score_id, end_number, score_arrow1, score_arrow2, score_arrow3, score_arrow4, score_arrow5, score_arrow6) values ('5633', '939', '5', '9', '5', '1', '1', '1', '0');
insert into EndScores (end_id, range_score_id, end_number, score_arrow1, score_arrow2, score_arrow3, score_arrow4, score_arrow5, score_arrow6) values ('5634', '939', '6', '9', '9', '9', '7', '3', '0');
insert into RangeScores (range_score_id, round_score_id, round_range_id) values ('940', '235', '8');
insert into EndScores (end_id, range_score_id, end_number, score_arrow1, score_arrow2, score_arrow3, score_arrow4, score_arrow5, score_arrow6) values ('5635', '940', '1', '9', '7', '5', '3', '2', '0');
insert into EndScores (end_id, range_score_id, end_number, score_arrow1, score_arrow2, score_arrow3, score_arrow4, score_arrow5, score_arrow6) values ('5636', '940', '2', '6', '5', '2', '2', '2', '0');
insert into EndScores (end_id, range_score_id, end_number, score_arrow1, score_arrow2, score_arrow3, score_arrow4, score_arrow5, score_arrow6) values ('5637', '940', '3', '9', '5', '5', '3', '1', '1');
insert into EndScores (end_id, range_score_id, end_number, score_arrow1, score_arrow2, score_arrow3, score_arrow4, score_arrow5, score_arrow6) values ('5638', '940', '4', '8', '8', '7', '7', '7', '6');
insert into EndScores (end_id, range_score_id, end_number, score_arrow1, score_arrow2, score_arrow3, score_arrow4, score_arrow5, score_arrow6) values ('5639', '940', '5', '9', '8', '6', '2', '2', '1');
insert into EndScores (end_id, range_score_id, end_number, score_arrow1, score_arrow2, score_arrow3, score_arrow4, score_arrow5, score_arrow6) values ('5640', '940', '6', '9', '8', '7', '7', '4', '2');
insert into CompetitionEnrolments (archer_id, competition_id) values ('238', '8');
insert into RoundScores (round_score_id, archer_id, competition_id, round_score_date_time, equipment_id, round_def_id, total_score, category_id) values ('236', '238', '8', '2023-04-23 17:10:12.329', 'L', '4', '617', '8');
insert into RangeScores (range_score_id, round_score_id, round_range_id) values ('941', '236', '13');
insert into EndScores (end_id, range_score_id, end_number, score_arrow1, score_arrow2, score_arrow3, score_arrow4, score_arrow5, score_arrow6) values ('5641', '941', '1', '9', '7', '3', '2', '2', '0');
insert into EndScores (end_id, range_score_id, end_number, score_arrow1, score_arrow2, score_arrow3, score_arrow4, score_arrow5, score_arrow6) values ('5642', '941', '2', '7', '6', '4', '3', '2', '0');
insert into EndScores (end_id, range_score_id, end_number, score_arrow1, score_arrow2, score_arrow3, score_arrow4, score_arrow5, score_arrow6) values ('5643', '941', '3', '9', '8', '2', '1', '0', '0');
insert into EndScores (end_id, range_score_id, end_number, score_arrow1, score_arrow2, score_arrow3, score_arrow4, score_arrow5, score_arrow6) values ('5644', '941', '4', '5', '4', '4', '3', '2', '0');
insert into EndScores (end_id, range_score_id, end_number, score_arrow1, score_arrow2, score_arrow3, score_arrow4, score_arrow5, score_arrow6) values ('5645', '941', '5', '9', '6', '3', '2', '2', '1');
insert into EndScores (end_id, range_score_id, end_number, score_arrow1, score_arrow2, score_arrow3, score_arrow4, score_arrow5, score_arrow6) values ('5646', '941', '6', '8', '8', '8', '8', '2', '1');
insert into RangeScores (range_score_id, round_score_id, round_range_id) values ('942', '236', '14');
insert into EndScores (end_id, range_score_id, end_number, score_arrow1, score_arrow2, score_arrow3, score_arrow4, score_arrow5, score_arrow6) values ('5647', '942', '1', '8', '7', '5', '3', '2', '0');
insert into EndScores (end_id, range_score_id, end_number, score_arrow1, score_arrow2, score_arrow3, score_arrow4, score_arrow5, score_arrow6) values ('5648', '942', '2', '8', '6', '5', '3', '1', '1');
insert into EndScores (end_id, range_score_id, end_number, score_arrow1, score_arrow2, score_arrow3, score_arrow4, score_arrow5, score_arrow6) values ('5649', '942', '3', '7', '6', '6', '2', '2', '0');
insert into EndScores (end_id, range_score_id, end_number, score_arrow1, score_arrow2, score_arrow3, score_arrow4, score_arrow5, score_arrow6) values ('5650', '942', '4', '9', '8', '6', '5', '4', '1');
insert into EndScores (end_id, range_score_id, end_number, score_arrow1, score_arrow2, score_arrow3, score_arrow4, score_arrow5, score_arrow6) values ('5651', '942', '5', '8', '7', '4', '1', '1', '1');
insert into EndScores (end_id, range_score_id, end_number, score_arrow1, score_arrow2, score_arrow3, score_arrow4, score_arrow5, score_arrow6) values ('5652', '942', '6', '9', '8', '3', '3', '1', '0');
insert into RangeScores (range_score_id, round_score_id, round_range_id) values ('943', '236', '15');
insert into EndScores (end_id, range_score_id, end_number, score_arrow1, score_arrow2, score_arrow3, score_arrow4, score_arrow5, score_arrow6) values ('5653', '943', '1', '9', '9', '8', '6', '4', '1');
insert into EndScores (end_id, range_score_id, end_number, score_arrow1, score_arrow2, score_arrow3, score_arrow4, score_arrow5, score_arrow6) values ('5654', '943', '2', '8', '7', '4', '3', '3', '0');
insert into EndScores (end_id, range_score_id, end_number, score_arrow1, score_arrow2, score_arrow3, score_arrow4, score_arrow5, score_arrow6) values ('5655', '943', '3', '9', '8', '8', '4', '2', '2');
insert into EndScores (end_id, range_score_id, end_number, score_arrow1, score_arrow2, score_arrow3, score_arrow4, score_arrow5, score_arrow6) values ('5656', '943', '4', '9', '9', '8', '5', '2', '0');
insert into EndScores (end_id, range_score_id, end_number, score_arrow1, score_arrow2, score_arrow3, score_arrow4, score_arrow5, score_arrow6) values ('5657', '943', '5', '8', '5', '5', '2', '0', '0');
insert into EndScores (end_id, range_score_id, end_number, score_arrow1, score_arrow2, score_arrow3, score_arrow4, score_arrow5, score_arrow6) values ('5658', '943', '6', '9', '6', '4', '3', '3', '1');
insert into RangeScores (range_score_id, round_score_id, round_range_id) values ('944', '236', '16');
insert into EndScores (end_id, range_score_id, end_number, score_arrow1, score_arrow2, score_arrow3, score_arrow4, score_arrow5, score_arrow6) values ('5659', '944', '1', '7', '5', '5', '4', '3', '0');
insert into EndScores (end_id, range_score_id, end_number, score_arrow1, score_arrow2, score_arrow3, score_arrow4, score_arrow5, score_arrow6) values ('5660', '944', '2', '9', '6', '5', '4', '3', '1');
insert into EndScores (end_id, range_score_id, end_number, score_arrow1, score_arrow2, score_arrow3, score_arrow4, score_arrow5, score_arrow6) values ('5661', '944', '3', '9', '7', '7', '5', '3', '2');
insert into EndScores (end_id, range_score_id, end_number, score_arrow1, score_arrow2, score_arrow3, score_arrow4, score_arrow5, score_arrow6) values ('5662', '944', '4', '7', '5', '4', '2', '0', '0');
insert into EndScores (end_id, range_score_id, end_number, score_arrow1, score_arrow2, score_arrow3, score_arrow4, score_arrow5, score_arrow6) values ('5663', '944', '5', '8', '6', '4', '3', '2', '1');
insert into EndScores (end_id, range_score_id, end_number, score_arrow1, score_arrow2, score_arrow3, score_arrow4, score_arrow5, score_arrow6) values ('5664', '944', '6', '9', '6', '4', '3', '1', '1');
insert into CompetitionEnrolments (archer_id, competition_id) values ('239', '5');
insert into RoundScores (round_score_id, archer_id, competition_id, round_score_date_time, equipment_id, round_def_id, total_score, category_id) values ('237', '239', '5', '2023-04-23 11:15:5.570', 'R', '2', '666', '5');
insert into RangeScores (range_score_id, round_score_id, round_range_id) values ('945', '237', '5');
insert into EndScores (end_id, range_score_id, end_number, score_arrow1, score_arrow2, score_arrow3, score_arrow4, score_arrow5, score_arrow6) values ('5665', '945', '1', '9', '9', '8', '8', '5', '0');
insert into EndScores (end_id, range_score_id, end_number, score_arrow1, score_arrow2, score_arrow3, score_arrow4, score_arrow5, score_arrow6) values ('5666', '945', '2', '9', '8', '5', '4', '1', '0');
insert into EndScores (end_id, range_score_id, end_number, score_arrow1, score_arrow2, score_arrow3, score_arrow4, score_arrow5, score_arrow6) values ('5667', '945', '3', '8', '7', '4', '3', '2', '0');
insert into EndScores (end_id, range_score_id, end_number, score_arrow1, score_arrow2, score_arrow3, score_arrow4, score_arrow5, score_arrow6) values ('5668', '945', '4', '6', '5', '5', '3', '2', '1');
insert into EndScores (end_id, range_score_id, end_number, score_arrow1, score_arrow2, score_arrow3, score_arrow4, score_arrow5, score_arrow6) values ('5669', '945', '5', '9', '7', '6', '6', '5', '3');
insert into EndScores (end_id, range_score_id, end_number, score_arrow1, score_arrow2, score_arrow3, score_arrow4, score_arrow5, score_arrow6) values ('5670', '945', '6', '7', '6', '6', '3', '3', '1');
insert into RangeScores (range_score_id, round_score_id, round_range_id) values ('946', '237', '6');
insert into EndScores (end_id, range_score_id, end_number, score_arrow1, score_arrow2, score_arrow3, score_arrow4, score_arrow5, score_arrow6) values ('5671', '946', '1', '5', '4', '3', '3', '1', '0');
insert into EndScores (end_id, range_score_id, end_number, score_arrow1, score_arrow2, score_arrow3, score_arrow4, score_arrow5, score_arrow6) values ('5672', '946', '2', '9', '8', '5', '5', '2', '0');
insert into EndScores (end_id, range_score_id, end_number, score_arrow1, score_arrow2, score_arrow3, score_arrow4, score_arrow5, score_arrow6) values ('5673', '946', '3', '9', '8', '8', '5', '4', '1');
insert into EndScores (end_id, range_score_id, end_number, score_arrow1, score_arrow2, score_arrow3, score_arrow4, score_arrow5, score_arrow6) values ('5674', '946', '4', '6', '6', '5', '4', '4', '2');
insert into EndScores (end_id, range_score_id, end_number, score_arrow1, score_arrow2, score_arrow3, score_arrow4, score_arrow5, score_arrow6) values ('5675', '946', '5', '8', '5', '4', '4', '1', '1');
insert into EndScores (end_id, range_score_id, end_number, score_arrow1, score_arrow2, score_arrow3, score_arrow4, score_arrow5, score_arrow6) values ('5676', '946', '6', '5', '4', '2', '1', '0', '0');
insert into RangeScores (range_score_id, round_score_id, round_range_id) values ('947', '237', '7');
insert into EndScores (end_id, range_score_id, end_number, score_arrow1, score_arrow2, score_arrow3, score_arrow4, score_arrow5, score_arrow6) values ('5677', '947', '1', '8', '6', '5', '2', '1', '0');
insert into EndScores (end_id, range_score_id, end_number, score_arrow1, score_arrow2, score_arrow3, score_arrow4, score_arrow5, score_arrow6) values ('5678', '947', '2', '9', '8', '6', '6', '5', '0');
insert into EndScores (end_id, range_score_id, end_number, score_arrow1, score_arrow2, score_arrow3, score_arrow4, score_arrow5, score_arrow6) values ('5679', '947', '3', '9', '7', '7', '3', '3', '3');
insert into EndScores (end_id, range_score_id, end_number, score_arrow1, score_arrow2, score_arrow3, score_arrow4, score_arrow5, score_arrow6) values ('5680', '947', '4', '8', '6', '5', '4', '3', '2');
insert into EndScores (end_id, range_score_id, end_number, score_arrow1, score_arrow2, score_arrow3, score_arrow4, score_arrow5, score_arrow6) values ('5681', '947', '5', '9', '8', '6', '5', '3', '0');
insert into EndScores (end_id, range_score_id, end_number, score_arrow1, score_arrow2, score_arrow3, score_arrow4, score_arrow5, score_arrow6) values ('5682', '947', '6', '7', '5', '5', '4', '2', '0');
insert into RangeScores (range_score_id, round_score_id, round_range_id) values ('948', '237', '8');
insert into EndScores (end_id, range_score_id, end_number, score_arrow1, score_arrow2, score_arrow3, score_arrow4, score_arrow5, score_arrow6) values ('5683', '948', '1', '9', '7', '5', '4', '1', '0');
insert into EndScores (end_id, range_score_id, end_number, score_arrow1, score_arrow2, score_arrow3, score_arrow4, score_arrow5, score_arrow6) values ('5684', '948', '2', '9', '9', '7', '6', '5', '3');
insert into EndScores (end_id, range_score_id, end_number, score_arrow1, score_arrow2, score_arrow3, score_arrow4, score_arrow5, score_arrow6) values ('5685', '948', '3', '9', '7', '7', '6', '5', '1');
insert into EndScores (end_id, range_score_id, end_number, score_arrow1, score_arrow2, score_arrow3, score_arrow4, score_arrow5, score_arrow6) values ('5686', '948', '4', '9', '6', '4', '2', '1', '0');
insert into EndScores (end_id, range_score_id, end_number, score_arrow1, score_arrow2, score_arrow3, score_arrow4, score_arrow5, score_arrow6) values ('5687', '948', '5', '9', '9', '4', '4', '4', '1');
insert into EndScores (end_id, range_score_id, end_number, score_arrow1, score_arrow2, score_arrow3, score_arrow4, score_arrow5, score_arrow6) values ('5688', '948', '6', '8', '8', '4', '3', '3', '1');
insert into CompetitionEnrolments (archer_id, competition_id) values ('240', '4');
insert into RoundScores (round_score_id, archer_id, competition_id, round_score_date_time, equipment_id, round_def_id, total_score, category_id) values ('238', '240', '4', '2023-04-23 12:9:42.838', 'L', '3', '608', '4');
insert into RangeScores (range_score_id, round_score_id, round_range_id) values ('949', '238', '9');
insert into EndScores (end_id, range_score_id, end_number, score_arrow1, score_arrow2, score_arrow3, score_arrow4, score_arrow5, score_arrow6) values ('5689', '949', '1', '9', '7', '5', '5', '0', '0');
insert into EndScores (end_id, range_score_id, end_number, score_arrow1, score_arrow2, score_arrow3, score_arrow4, score_arrow5, score_arrow6) values ('5690', '949', '2', '7', '6', '6', '1', '0', '0');
insert into EndScores (end_id, range_score_id, end_number, score_arrow1, score_arrow2, score_arrow3, score_arrow4, score_arrow5, score_arrow6) values ('5691', '949', '3', '8', '6', '6', '3', '2', '0');
insert into EndScores (end_id, range_score_id, end_number, score_arrow1, score_arrow2, score_arrow3, score_arrow4, score_arrow5, score_arrow6) values ('5692', '949', '4', '8', '7', '6', '2', '1', '1');
insert into EndScores (end_id, range_score_id, end_number, score_arrow1, score_arrow2, score_arrow3, score_arrow4, score_arrow5, score_arrow6) values ('5693', '949', '5', '8', '8', '7', '6', '4', '0');
insert into EndScores (end_id, range_score_id, end_number, score_arrow1, score_arrow2, score_arrow3, score_arrow4, score_arrow5, score_arrow6) values ('5694', '949', '6', '7', '7', '6', '6', '3', '0');
insert into RangeScores (range_score_id, round_score_id, round_range_id) values ('950', '238', '10');
insert into EndScores (end_id, range_score_id, end_number, score_arrow1, score_arrow2, score_arrow3, score_arrow4, score_arrow5, score_arrow6) values ('5695', '950', '1', '8', '7', '6', '6', '2', '1');
insert into EndScores (end_id, range_score_id, end_number, score_arrow1, score_arrow2, score_arrow3, score_arrow4, score_arrow5, score_arrow6) values ('5696', '950', '2', '8', '7', '7', '2', '1', '1');
insert into EndScores (end_id, range_score_id, end_number, score_arrow1, score_arrow2, score_arrow3, score_arrow4, score_arrow5, score_arrow6) values ('5697', '950', '3', '8', '8', '6', '6', '4', '3');
insert into EndScores (end_id, range_score_id, end_number, score_arrow1, score_arrow2, score_arrow3, score_arrow4, score_arrow5, score_arrow6) values ('5698', '950', '4', '7', '6', '4', '3', '2', '2');
insert into EndScores (end_id, range_score_id, end_number, score_arrow1, score_arrow2, score_arrow3, score_arrow4, score_arrow5, score_arrow6) values ('5699', '950', '5', '8', '5', '5', '5', '5', '4');
insert into EndScores (end_id, range_score_id, end_number, score_arrow1, score_arrow2, score_arrow3, score_arrow4, score_arrow5, score_arrow6) values ('5700', '950', '6', '6', '5', '4', '1', '1', '0');
insert into RangeScores (range_score_id, round_score_id, round_range_id) values ('951', '238', '11');
insert into EndScores (end_id, range_score_id, end_number, score_arrow1, score_arrow2, score_arrow3, score_arrow4, score_arrow5, score_arrow6) values ('5701', '951', '1', '9', '8', '5', '5', '2', '1');
insert into EndScores (end_id, range_score_id, end_number, score_arrow1, score_arrow2, score_arrow3, score_arrow4, score_arrow5, score_arrow6) values ('5702', '951', '2', '9', '7', '5', '4', '0', '0');
insert into EndScores (end_id, range_score_id, end_number, score_arrow1, score_arrow2, score_arrow3, score_arrow4, score_arrow5, score_arrow6) values ('5703', '951', '3', '8', '8', '5', '4', '3', '1');
insert into EndScores (end_id, range_score_id, end_number, score_arrow1, score_arrow2, score_arrow3, score_arrow4, score_arrow5, score_arrow6) values ('5704', '951', '4', '6', '5', '3', '2', '0', '0');
insert into EndScores (end_id, range_score_id, end_number, score_arrow1, score_arrow2, score_arrow3, score_arrow4, score_arrow5, score_arrow6) values ('5705', '951', '5', '8', '7', '7', '2', '1', '0');
insert into EndScores (end_id, range_score_id, end_number, score_arrow1, score_arrow2, score_arrow3, score_arrow4, score_arrow5, score_arrow6) values ('5706', '951', '6', '7', '5', '3', '2', '2', '2');
insert into RangeScores (range_score_id, round_score_id, round_range_id) values ('952', '238', '12');
insert into EndScores (end_id, range_score_id, end_number, score_arrow1, score_arrow2, score_arrow3, score_arrow4, score_arrow5, score_arrow6) values ('5707', '952', '1', '8', '8', '3', '2', '2', '0');
insert into EndScores (end_id, range_score_id, end_number, score_arrow1, score_arrow2, score_arrow3, score_arrow4, score_arrow5, score_arrow6) values ('5708', '952', '2', '9', '9', '3', '3', '2', '0');
insert into EndScores (end_id, range_score_id, end_number, score_arrow1, score_arrow2, score_arrow3, score_arrow4, score_arrow5, score_arrow6) values ('5709', '952', '3', '8', '8', '7', '6', '3', '1');
insert into EndScores (end_id, range_score_id, end_number, score_arrow1, score_arrow2, score_arrow3, score_arrow4, score_arrow5, score_arrow6) values ('5710', '952', '4', '7', '6', '5', '5', '4', '2');
insert into EndScores (end_id, range_score_id, end_number, score_arrow1, score_arrow2, score_arrow3, score_arrow4, score_arrow5, score_arrow6) values ('5711', '952', '5', '5', '4', '4', '2', '1', '0');
insert into EndScores (end_id, range_score_id, end_number, score_arrow1, score_arrow2, score_arrow3, score_arrow4, score_arrow5, score_arrow6) values ('5712', '952', '6', '3', '3', '2', '2', '2', '1');
insert into CompetitionEnrolments (archer_id, competition_id) values ('241', '1');
insert into RoundScores (round_score_id, archer_id, competition_id, round_score_date_time, equipment_id, round_def_id, total_score, category_id) values ('239', '241', '1', '2023-04-23 17:54:34.126', 'R', '1', '662', '1');
insert into RangeScores (range_score_id, round_score_id, round_range_id) values ('953', '239', '1');
insert into EndScores (end_id, range_score_id, end_number, score_arrow1, score_arrow2, score_arrow3, score_arrow4, score_arrow5, score_arrow6) values ('5713', '953', '1', '9', '7', '4', '3', '2', '1');
insert into EndScores (end_id, range_score_id, end_number, score_arrow1, score_arrow2, score_arrow3, score_arrow4, score_arrow5, score_arrow6) values ('5714', '953', '2', '9', '9', '5', '4', '3', '0');
insert into EndScores (end_id, range_score_id, end_number, score_arrow1, score_arrow2, score_arrow3, score_arrow4, score_arrow5, score_arrow6) values ('5715', '953', '3', '9', '7', '6', '2', '0', '0');
insert into EndScores (end_id, range_score_id, end_number, score_arrow1, score_arrow2, score_arrow3, score_arrow4, score_arrow5, score_arrow6) values ('5716', '953', '4', '9', '9', '5', '2', '2', '1');
insert into EndScores (end_id, range_score_id, end_number, score_arrow1, score_arrow2, score_arrow3, score_arrow4, score_arrow5, score_arrow6) values ('5717', '953', '5', '8', '8', '6', '5', '5', '1');
insert into EndScores (end_id, range_score_id, end_number, score_arrow1, score_arrow2, score_arrow3, score_arrow4, score_arrow5, score_arrow6) values ('5718', '953', '6', '9', '9', '8', '7', '4', '1');
insert into RangeScores (range_score_id, round_score_id, round_range_id) values ('954', '239', '2');
insert into EndScores (end_id, range_score_id, end_number, score_arrow1, score_arrow2, score_arrow3, score_arrow4, score_arrow5, score_arrow6) values ('5719', '954', '1', '8', '7', '7', '7', '3', '1');
insert into EndScores (end_id, range_score_id, end_number, score_arrow1, score_arrow2, score_arrow3, score_arrow4, score_arrow5, score_arrow6) values ('5720', '954', '2', '9', '6', '4', '3', '2', '2');
insert into EndScores (end_id, range_score_id, end_number, score_arrow1, score_arrow2, score_arrow3, score_arrow4, score_arrow5, score_arrow6) values ('5721', '954', '3', '9', '9', '8', '4', '2', '0');
insert into EndScores (end_id, range_score_id, end_number, score_arrow1, score_arrow2, score_arrow3, score_arrow4, score_arrow5, score_arrow6) values ('5722', '954', '4', '8', '6', '4', '3', '1', '1');
insert into EndScores (end_id, range_score_id, end_number, score_arrow1, score_arrow2, score_arrow3, score_arrow4, score_arrow5, score_arrow6) values ('5723', '954', '5', '9', '6', '6', '3', '2', '2');
insert into EndScores (end_id, range_score_id, end_number, score_arrow1, score_arrow2, score_arrow3, score_arrow4, score_arrow5, score_arrow6) values ('5724', '954', '6', '6', '4', '3', '2', '1', '0');
insert into RangeScores (range_score_id, round_score_id, round_range_id) values ('955', '239', '3');
insert into EndScores (end_id, range_score_id, end_number, score_arrow1, score_arrow2, score_arrow3, score_arrow4, score_arrow5, score_arrow6) values ('5725', '955', '1', '8', '8', '3', '3', '1', '0');
insert into EndScores (end_id, range_score_id, end_number, score_arrow1, score_arrow2, score_arrow3, score_arrow4, score_arrow5, score_arrow6) values ('5726', '955', '2', '3', '1', '0', '0', '0', '0');
insert into EndScores (end_id, range_score_id, end_number, score_arrow1, score_arrow2, score_arrow3, score_arrow4, score_arrow5, score_arrow6) values ('5727', '955', '3', '9', '9', '8', '8', '6', '5');
insert into EndScores (end_id, range_score_id, end_number, score_arrow1, score_arrow2, score_arrow3, score_arrow4, score_arrow5, score_arrow6) values ('5728', '955', '4', '8', '7', '7', '2', '0', '0');
insert into EndScores (end_id, range_score_id, end_number, score_arrow1, score_arrow2, score_arrow3, score_arrow4, score_arrow5, score_arrow6) values ('5729', '955', '5', '8', '6', '4', '3', '1', '0');
insert into EndScores (end_id, range_score_id, end_number, score_arrow1, score_arrow2, score_arrow3, score_arrow4, score_arrow5, score_arrow6) values ('5730', '955', '6', '8', '8', '7', '6', '6', '2');
insert into RangeScores (range_score_id, round_score_id, round_range_id) values ('956', '239', '4');
insert into EndScores (end_id, range_score_id, end_number, score_arrow1, score_arrow2, score_arrow3, score_arrow4, score_arrow5, score_arrow6) values ('5731', '956', '1', '8', '7', '6', '2', '1', '0');
insert into EndScores (end_id, range_score_id, end_number, score_arrow1, score_arrow2, score_arrow3, score_arrow4, score_arrow5, score_arrow6) values ('5732', '956', '2', '7', '6', '6', '6', '5', '1');
insert into EndScores (end_id, range_score_id, end_number, score_arrow1, score_arrow2, score_arrow3, score_arrow4, score_arrow5, score_arrow6) values ('5733', '956', '3', '8', '7', '6', '6', '2', '0');
insert into EndScores (end_id, range_score_id, end_number, score_arrow1, score_arrow2, score_arrow3, score_arrow4, score_arrow5, score_arrow6) values ('5734', '956', '4', '9', '9', '8', '5', '0', '0');
insert into EndScores (end_id, range_score_id, end_number, score_arrow1, score_arrow2, score_arrow3, score_arrow4, score_arrow5, score_arrow6) values ('5735', '956', '5', '9', '6', '6', '6', '5', '1');
insert into EndScores (end_id, range_score_id, end_number, score_arrow1, score_arrow2, score_arrow3, score_arrow4, score_arrow5, score_arrow6) values ('5736', '956', '6', '9', '7', '3', '2', '1', '0');
insert into CompetitionEnrolments (archer_id, competition_id) values ('242', '8');
insert into RoundScores (round_score_id, archer_id, competition_id, round_score_date_time, equipment_id, round_def_id, total_score, category_id) values ('240', '242', '8', '2023-04-23 18:48:52.335', 'L', '4', '605', '8');
insert into RangeScores (range_score_id, round_score_id, round_range_id) values ('957', '240', '13');
insert into EndScores (end_id, range_score_id, end_number, score_arrow1, score_arrow2, score_arrow3, score_arrow4, score_arrow5, score_arrow6) values ('5737', '957', '1', '7', '5', '4', '4', '1', '0');
insert into EndScores (end_id, range_score_id, end_number, score_arrow1, score_arrow2, score_arrow3, score_arrow4, score_arrow5, score_arrow6) values ('5738', '957', '2', '9', '5', '3', '3', '2', '1');
insert into EndScores (end_id, range_score_id, end_number, score_arrow1, score_arrow2, score_arrow3, score_arrow4, score_arrow5, score_arrow6) values ('5739', '957', '3', '9', '9', '6', '5', '1', '0');
insert into EndScores (end_id, range_score_id, end_number, score_arrow1, score_arrow2, score_arrow3, score_arrow4, score_arrow5, score_arrow6) values ('5740', '957', '4', '8', '8', '8', '8', '6', '0');
insert into EndScores (end_id, range_score_id, end_number, score_arrow1, score_arrow2, score_arrow3, score_arrow4, score_arrow5, score_arrow6) values ('5741', '957', '5', '9', '7', '5', '4', '3', '2');
insert into EndScores (end_id, range_score_id, end_number, score_arrow1, score_arrow2, score_arrow3, score_arrow4, score_arrow5, score_arrow6) values ('5742', '957', '6', '7', '4', '3', '2', '1', '0');
insert into RangeScores (range_score_id, round_score_id, round_range_id) values ('958', '240', '14');
insert into EndScores (end_id, range_score_id, end_number, score_arrow1, score_arrow2, score_arrow3, score_arrow4, score_arrow5, score_arrow6) values ('5743', '958', '1', '9', '5', '5', '3', '2', '2');
insert into EndScores (end_id, range_score_id, end_number, score_arrow1, score_arrow2, score_arrow3, score_arrow4, score_arrow5, score_arrow6) values ('5744', '958', '2', '2', '2', '1', '1', '0', '0');
insert into EndScores (end_id, range_score_id, end_number, score_arrow1, score_arrow2, score_arrow3, score_arrow4, score_arrow5, score_arrow6) values ('5745', '958', '3', '9', '8', '5', '4', '4', '3');
insert into EndScores (end_id, range_score_id, end_number, score_arrow1, score_arrow2, score_arrow3, score_arrow4, score_arrow5, score_arrow6) values ('5746', '958', '4', '8', '6', '6', '5', '3', '2');
insert into EndScores (end_id, range_score_id, end_number, score_arrow1, score_arrow2, score_arrow3, score_arrow4, score_arrow5, score_arrow6) values ('5747', '958', '5', '9', '8', '7', '6', '5', '4');
insert into EndScores (end_id, range_score_id, end_number, score_arrow1, score_arrow2, score_arrow3, score_arrow4, score_arrow5, score_arrow6) values ('5748', '958', '6', '9', '8', '6', '6', '4', '2');
insert into RangeScores (range_score_id, round_score_id, round_range_id) values ('959', '240', '15');
insert into EndScores (end_id, range_score_id, end_number, score_arrow1, score_arrow2, score_arrow3, score_arrow4, score_arrow5, score_arrow6) values ('5749', '959', '1', '9', '5', '4', '2', '0', '0');
insert into EndScores (end_id, range_score_id, end_number, score_arrow1, score_arrow2, score_arrow3, score_arrow4, score_arrow5, score_arrow6) values ('5750', '959', '2', '9', '7', '6', '2', '2', '0');
insert into EndScores (end_id, range_score_id, end_number, score_arrow1, score_arrow2, score_arrow3, score_arrow4, score_arrow5, score_arrow6) values ('5751', '959', '3', '9', '6', '6', '2', '2', '1');
insert into EndScores (end_id, range_score_id, end_number, score_arrow1, score_arrow2, score_arrow3, score_arrow4, score_arrow5, score_arrow6) values ('5752', '959', '4', '9', '6', '5', '4', '4', '0');
insert into EndScores (end_id, range_score_id, end_number, score_arrow1, score_arrow2, score_arrow3, score_arrow4, score_arrow5, score_arrow6) values ('5753', '959', '5', '8', '8', '7', '5', '1', '1');
insert into EndScores (end_id, range_score_id, end_number, score_arrow1, score_arrow2, score_arrow3, score_arrow4, score_arrow5, score_arrow6) values ('5754', '959', '6', '9', '6', '2', '1', '0', '0');
insert into RangeScores (range_score_id, round_score_id, round_range_id) values ('960', '240', '16');
insert into EndScores (end_id, range_score_id, end_number, score_arrow1, score_arrow2, score_arrow3, score_arrow4, score_arrow5, score_arrow6) values ('5755', '960', '1', '9', '5', '5', '4', '4', '4');
insert into EndScores (end_id, range_score_id, end_number, score_arrow1, score_arrow2, score_arrow3, score_arrow4, score_arrow5, score_arrow6) values ('5756', '960', '2', '9', '4', '4', '2', '0', '0');
insert into EndScores (end_id, range_score_id, end_number, score_arrow1, score_arrow2, score_arrow3, score_arrow4, score_arrow5, score_arrow6) values ('5757', '960', '3', '7', '7', '6', '4', '2', '0');
insert into EndScores (end_id, range_score_id, end_number, score_arrow1, score_arrow2, score_arrow3, score_arrow4, score_arrow5, score_arrow6) values ('5758', '960', '4', '4', '2', '2', '2', '1', '0');
insert into EndScores (end_id, range_score_id, end_number, score_arrow1, score_arrow2, score_arrow3, score_arrow4, score_arrow5, score_arrow6) values ('5759', '960', '5', '8', '5', '3', '3', '0', '0');
insert into EndScores (end_id, range_score_id, end_number, score_arrow1, score_arrow2, score_arrow3, score_arrow4, score_arrow5, score_arrow6) values ('5760', '960', '6', '8', '6', '5', '3', '1', '0');
insert into CompetitionEnrolments (archer_id, competition_id) values ('243', '37');
insert into RoundScores (round_score_id, archer_id, competition_id, round_score_date_time, equipment_id, round_def_id, total_score, category_id) values ('241', '243', '37', '2023-04-23 9:13:42.621', 'R', '2', '671', '37');
insert into RangeScores (range_score_id, round_score_id, round_range_id) values ('961', '241', '5');
insert into EndScores (end_id, range_score_id, end_number, score_arrow1, score_arrow2, score_arrow3, score_arrow4, score_arrow5, score_arrow6) values ('5761', '961', '1', '9', '7', '6', '5', '5', '3');
insert into EndScores (end_id, range_score_id, end_number, score_arrow1, score_arrow2, score_arrow3, score_arrow4, score_arrow5, score_arrow6) values ('5762', '961', '2', '5', '5', '3', '3', '1', '0');
insert into EndScores (end_id, range_score_id, end_number, score_arrow1, score_arrow2, score_arrow3, score_arrow4, score_arrow5, score_arrow6) values ('5763', '961', '3', '5', '4', '3', '3', '1', '0');
insert into EndScores (end_id, range_score_id, end_number, score_arrow1, score_arrow2, score_arrow3, score_arrow4, score_arrow5, score_arrow6) values ('5764', '961', '4', '8', '8', '6', '4', '4', '1');
insert into EndScores (end_id, range_score_id, end_number, score_arrow1, score_arrow2, score_arrow3, score_arrow4, score_arrow5, score_arrow6) values ('5765', '961', '5', '9', '8', '7', '7', '5', '1');
insert into EndScores (end_id, range_score_id, end_number, score_arrow1, score_arrow2, score_arrow3, score_arrow4, score_arrow5, score_arrow6) values ('5766', '961', '6', '7', '7', '4', '4', '3', '1');
insert into RangeScores (range_score_id, round_score_id, round_range_id) values ('962', '241', '6');
insert into EndScores (end_id, range_score_id, end_number, score_arrow1, score_arrow2, score_arrow3, score_arrow4, score_arrow5, score_arrow6) values ('5767', '962', '1', '8', '4', '2', '2', '2', '1');
insert into EndScores (end_id, range_score_id, end_number, score_arrow1, score_arrow2, score_arrow3, score_arrow4, score_arrow5, score_arrow6) values ('5768', '962', '2', '9', '8', '6', '5', '3', '1');
insert into EndScores (end_id, range_score_id, end_number, score_arrow1, score_arrow2, score_arrow3, score_arrow4, score_arrow5, score_arrow6) values ('5769', '962', '3', '7', '6', '6', '5', '3', '1');
insert into EndScores (end_id, range_score_id, end_number, score_arrow1, score_arrow2, score_arrow3, score_arrow4, score_arrow5, score_arrow6) values ('5770', '962', '4', '8', '8', '3', '2', '1', '0');
insert into EndScores (end_id, range_score_id, end_number, score_arrow1, score_arrow2, score_arrow3, score_arrow4, score_arrow5, score_arrow6) values ('5771', '962', '5', '7', '7', '6', '5', '5', '2');
insert into EndScores (end_id, range_score_id, end_number, score_arrow1, score_arrow2, score_arrow3, score_arrow4, score_arrow5, score_arrow6) values ('5772', '962', '6', '7', '6', '5', '5', '4', '1');
insert into RangeScores (range_score_id, round_score_id, round_range_id) values ('963', '241', '7');
insert into EndScores (end_id, range_score_id, end_number, score_arrow1, score_arrow2, score_arrow3, score_arrow4, score_arrow5, score_arrow6) values ('5773', '963', '1', '8', '6', '6', '6', '2', '1');
insert into EndScores (end_id, range_score_id, end_number, score_arrow1, score_arrow2, score_arrow3, score_arrow4, score_arrow5, score_arrow6) values ('5774', '963', '2', '9', '8', '7', '3', '3', '2');
insert into EndScores (end_id, range_score_id, end_number, score_arrow1, score_arrow2, score_arrow3, score_arrow4, score_arrow5, score_arrow6) values ('5775', '963', '3', '9', '4', '2', '2', '2', '0');
insert into EndScores (end_id, range_score_id, end_number, score_arrow1, score_arrow2, score_arrow3, score_arrow4, score_arrow5, score_arrow6) values ('5776', '963', '4', '7', '6', '5', '4', '0', '0');
insert into EndScores (end_id, range_score_id, end_number, score_arrow1, score_arrow2, score_arrow3, score_arrow4, score_arrow5, score_arrow6) values ('5777', '963', '5', '8', '7', '6', '6', '5', '1');
insert into EndScores (end_id, range_score_id, end_number, score_arrow1, score_arrow2, score_arrow3, score_arrow4, score_arrow5, score_arrow6) values ('5778', '963', '6', '8', '8', '4', '4', '1', '0');
insert into RangeScores (range_score_id, round_score_id, round_range_id) values ('964', '241', '8');
insert into EndScores (end_id, range_score_id, end_number, score_arrow1, score_arrow2, score_arrow3, score_arrow4, score_arrow5, score_arrow6) values ('5779', '964', '1', '8', '8', '6', '4', '4', '3');
insert into EndScores (end_id, range_score_id, end_number, score_arrow1, score_arrow2, score_arrow3, score_arrow4, score_arrow5, score_arrow6) values ('5780', '964', '2', '9', '8', '7', '7', '6', '5');
insert into EndScores (end_id, range_score_id, end_number, score_arrow1, score_arrow2, score_arrow3, score_arrow4, score_arrow5, score_arrow6) values ('5781', '964', '3', '9', '8', '8', '4', '4', '1');
insert into EndScores (end_id, range_score_id, end_number, score_arrow1, score_arrow2, score_arrow3, score_arrow4, score_arrow5, score_arrow6) values ('5782', '964', '4', '7', '6', '3', '3', '2', '0');
insert into EndScores (end_id, range_score_id, end_number, score_arrow1, score_arrow2, score_arrow3, score_arrow4, score_arrow5, score_arrow6) values ('5783', '964', '5', '9', '7', '6', '2', '1', '0');
insert into EndScores (end_id, range_score_id, end_number, score_arrow1, score_arrow2, score_arrow3, score_arrow4, score_arrow5, score_arrow6) values ('5784', '964', '6', '9', '7', '5', '5', '5', '2');
insert into CompetitionEnrolments (archer_id, competition_id) values ('244', '63');
insert into RoundScores (round_score_id, archer_id, competition_id, round_score_date_time, equipment_id, round_def_id, total_score, category_id) values ('242', '244', '63', '2023-04-23 10:42:1.563', 'B', '5', '601', '63');
insert into RangeScores (range_score_id, round_score_id, round_range_id) values ('965', '242', '17');
insert into EndScores (end_id, range_score_id, end_number, score_arrow1, score_arrow2, score_arrow3, score_arrow4, score_arrow5, score_arrow6) values ('5785', '965', '1', '9', '7', '7', '4', '3', '3');
insert into EndScores (end_id, range_score_id, end_number, score_arrow1, score_arrow2, score_arrow3, score_arrow4, score_arrow5, score_arrow6) values ('5786', '965', '2', '7', '7', '6', '3', '1', '1');
insert into EndScores (end_id, range_score_id, end_number, score_arrow1, score_arrow2, score_arrow3, score_arrow4, score_arrow5, score_arrow6) values ('5787', '965', '3', '9', '2', '1', '1', '1', '1');
insert into EndScores (end_id, range_score_id, end_number, score_arrow1, score_arrow2, score_arrow3, score_arrow4, score_arrow5, score_arrow6) values ('5788', '965', '4', '8', '6', '6', '5', '4', '0');
insert into EndScores (end_id, range_score_id, end_number, score_arrow1, score_arrow2, score_arrow3, score_arrow4, score_arrow5, score_arrow6) values ('5789', '965', '5', '7', '6', '6', '4', '3', '0');
insert into EndScores (end_id, range_score_id, end_number, score_arrow1, score_arrow2, score_arrow3, score_arrow4, score_arrow5, score_arrow6) values ('5790', '965', '6', '8', '8', '7', '5', '5', '3');
insert into RangeScores (range_score_id, round_score_id, round_range_id) values ('966', '242', '18');
insert into EndScores (end_id, range_score_id, end_number, score_arrow1, score_arrow2, score_arrow3, score_arrow4, score_arrow5, score_arrow6) values ('5791', '966', '1', '8', '5', '3', '2', '1', '1');
insert into EndScores (end_id, range_score_id, end_number, score_arrow1, score_arrow2, score_arrow3, score_arrow4, score_arrow5, score_arrow6) values ('5792', '966', '2', '7', '7', '6', '5', '4', '0');
insert into EndScores (end_id, range_score_id, end_number, score_arrow1, score_arrow2, score_arrow3, score_arrow4, score_arrow5, score_arrow6) values ('5793', '966', '3', '9', '9', '3', '2', '2', '0');
insert into EndScores (end_id, range_score_id, end_number, score_arrow1, score_arrow2, score_arrow3, score_arrow4, score_arrow5, score_arrow6) values ('5794', '966', '4', '9', '8', '4', '4', '2', '0');
insert into EndScores (end_id, range_score_id, end_number, score_arrow1, score_arrow2, score_arrow3, score_arrow4, score_arrow5, score_arrow6) values ('5795', '966', '5', '4', '3', '3', '2', '2', '0');
insert into EndScores (end_id, range_score_id, end_number, score_arrow1, score_arrow2, score_arrow3, score_arrow4, score_arrow5, score_arrow6) values ('5796', '966', '6', '8', '6', '6', '4', '3', '0');
insert into RangeScores (range_score_id, round_score_id, round_range_id) values ('967', '242', '19');
insert into EndScores (end_id, range_score_id, end_number, score_arrow1, score_arrow2, score_arrow3, score_arrow4, score_arrow5, score_arrow6) values ('5797', '967', '1', '8', '7', '5', '4', '4', '2');
insert into EndScores (end_id, range_score_id, end_number, score_arrow1, score_arrow2, score_arrow3, score_arrow4, score_arrow5, score_arrow6) values ('5798', '967', '2', '7', '4', '4', '1', '0', '0');
insert into EndScores (end_id, range_score_id, end_number, score_arrow1, score_arrow2, score_arrow3, score_arrow4, score_arrow5, score_arrow6) values ('5799', '967', '3', '9', '8', '3', '2', '2', '0');
insert into EndScores (end_id, range_score_id, end_number, score_arrow1, score_arrow2, score_arrow3, score_arrow4, score_arrow5, score_arrow6) values ('5800', '967', '4', '8', '7', '3', '2', '1', '1');
insert into EndScores (end_id, range_score_id, end_number, score_arrow1, score_arrow2, score_arrow3, score_arrow4, score_arrow5, score_arrow6) values ('5801', '967', '5', '9', '5', '4', '3', '1', '1');
insert into EndScores (end_id, range_score_id, end_number, score_arrow1, score_arrow2, score_arrow3, score_arrow4, score_arrow5, score_arrow6) values ('5802', '967', '6', '7', '7', '5', '4', '3', '0');
insert into RangeScores (range_score_id, round_score_id, round_range_id) values ('968', '242', '20');
insert into EndScores (end_id, range_score_id, end_number, score_arrow1, score_arrow2, score_arrow3, score_arrow4, score_arrow5, score_arrow6) values ('5803', '968', '1', '7', '7', '6', '5', '1', '1');
insert into EndScores (end_id, range_score_id, end_number, score_arrow1, score_arrow2, score_arrow3, score_arrow4, score_arrow5, score_arrow6) values ('5804', '968', '2', '9', '6', '4', '1', '1', '0');
insert into EndScores (end_id, range_score_id, end_number, score_arrow1, score_arrow2, score_arrow3, score_arrow4, score_arrow5, score_arrow6) values ('5805', '968', '3', '8', '7', '5', '4', '0', '0');
insert into EndScores (end_id, range_score_id, end_number, score_arrow1, score_arrow2, score_arrow3, score_arrow4, score_arrow5, score_arrow6) values ('5806', '968', '4', '9', '8', '5', '3', '2', '1');
insert into EndScores (end_id, range_score_id, end_number, score_arrow1, score_arrow2, score_arrow3, score_arrow4, score_arrow5, score_arrow6) values ('5807', '968', '5', '8', '6', '3', '3', '2', '1');
insert into EndScores (end_id, range_score_id, end_number, score_arrow1, score_arrow2, score_arrow3, score_arrow4, score_arrow5, score_arrow6) values ('5808', '968', '6', '8', '7', '6', '4', '3', '3');
insert into CompetitionEnrolments (archer_id, competition_id) values ('245', '27');
insert into RoundScores (round_score_id, archer_id, competition_id, round_score_date_time, equipment_id, round_def_id, total_score, category_id) values ('243', '245', '27', '2023-04-23 14:5:32.582', 'B', '3', '619', '27');
insert into RangeScores (range_score_id, round_score_id, round_range_id) values ('969', '243', '9');
insert into EndScores (end_id, range_score_id, end_number, score_arrow1, score_arrow2, score_arrow3, score_arrow4, score_arrow5, score_arrow6) values ('5809', '969', '1', '8', '7', '5', '3', '3', '1');
insert into EndScores (end_id, range_score_id, end_number, score_arrow1, score_arrow2, score_arrow3, score_arrow4, score_arrow5, score_arrow6) values ('5810', '969', '2', '5', '5', '3', '1', '1', '0');
insert into EndScores (end_id, range_score_id, end_number, score_arrow1, score_arrow2, score_arrow3, score_arrow4, score_arrow5, score_arrow6) values ('5811', '969', '3', '9', '9', '7', '5', '1', '0');
insert into EndScores (end_id, range_score_id, end_number, score_arrow1, score_arrow2, score_arrow3, score_arrow4, score_arrow5, score_arrow6) values ('5812', '969', '4', '9', '9', '8', '6', '6', '2');
insert into EndScores (end_id, range_score_id, end_number, score_arrow1, score_arrow2, score_arrow3, score_arrow4, score_arrow5, score_arrow6) values ('5813', '969', '5', '9', '8', '6', '5', '4', '0');
insert into EndScores (end_id, range_score_id, end_number, score_arrow1, score_arrow2, score_arrow3, score_arrow4, score_arrow5, score_arrow6) values ('5814', '969', '6', '9', '8', '6', '3', '2', '1');
insert into RangeScores (range_score_id, round_score_id, round_range_id) values ('970', '243', '10');
insert into EndScores (end_id, range_score_id, end_number, score_arrow1, score_arrow2, score_arrow3, score_arrow4, score_arrow5, score_arrow6) values ('5815', '970', '1', '5', '5', '4', '4', '2', '0');
insert into EndScores (end_id, range_score_id, end_number, score_arrow1, score_arrow2, score_arrow3, score_arrow4, score_arrow5, score_arrow6) values ('5816', '970', '2', '8', '8', '7', '2', '0', '0');
insert into EndScores (end_id, range_score_id, end_number, score_arrow1, score_arrow2, score_arrow3, score_arrow4, score_arrow5, score_arrow6) values ('5817', '970', '3', '9', '8', '7', '7', '5', '0');
insert into EndScores (end_id, range_score_id, end_number, score_arrow1, score_arrow2, score_arrow3, score_arrow4, score_arrow5, score_arrow6) values ('5818', '970', '4', '9', '9', '9', '1', '0', '0');
insert into EndScores (end_id, range_score_id, end_number, score_arrow1, score_arrow2, score_arrow3, score_arrow4, score_arrow5, score_arrow6) values ('5819', '970', '5', '8', '7', '6', '6', '3', '2');
insert into EndScores (end_id, range_score_id, end_number, score_arrow1, score_arrow2, score_arrow3, score_arrow4, score_arrow5, score_arrow6) values ('5820', '970', '6', '5', '4', '4', '2', '0', '0');
insert into RangeScores (range_score_id, round_score_id, round_range_id) values ('971', '243', '11');
insert into EndScores (end_id, range_score_id, end_number, score_arrow1, score_arrow2, score_arrow3, score_arrow4, score_arrow5, score_arrow6) values ('5821', '971', '1', '6', '6', '4', '4', '4', '1');
insert into EndScores (end_id, range_score_id, end_number, score_arrow1, score_arrow2, score_arrow3, score_arrow4, score_arrow5, score_arrow6) values ('5822', '971', '2', '6', '5', '3', '0', '0', '0');
insert into EndScores (end_id, range_score_id, end_number, score_arrow1, score_arrow2, score_arrow3, score_arrow4, score_arrow5, score_arrow6) values ('5823', '971', '3', '8', '6', '4', '3', '2', '0');
insert into EndScores (end_id, range_score_id, end_number, score_arrow1, score_arrow2, score_arrow3, score_arrow4, score_arrow5, score_arrow6) values ('5824', '971', '4', '8', '6', '2', '1', '1', '0');
insert into EndScores (end_id, range_score_id, end_number, score_arrow1, score_arrow2, score_arrow3, score_arrow4, score_arrow5, score_arrow6) values ('5825', '971', '5', '9', '9', '6', '1', '1', '0');
insert into EndScores (end_id, range_score_id, end_number, score_arrow1, score_arrow2, score_arrow3, score_arrow4, score_arrow5, score_arrow6) values ('5826', '971', '6', '8', '7', '7', '2', '2', '0');
insert into RangeScores (range_score_id, round_score_id, round_range_id) values ('972', '243', '12');
insert into EndScores (end_id, range_score_id, end_number, score_arrow1, score_arrow2, score_arrow3, score_arrow4, score_arrow5, score_arrow6) values ('5827', '972', '1', '9', '6', '4', '4', '3', '2');
insert into EndScores (end_id, range_score_id, end_number, score_arrow1, score_arrow2, score_arrow3, score_arrow4, score_arrow5, score_arrow6) values ('5828', '972', '2', '9', '8', '7', '5', '3', '2');
insert into EndScores (end_id, range_score_id, end_number, score_arrow1, score_arrow2, score_arrow3, score_arrow4, score_arrow5, score_arrow6) values ('5829', '972', '3', '9', '7', '6', '4', '3', '1');
insert into EndScores (end_id, range_score_id, end_number, score_arrow1, score_arrow2, score_arrow3, score_arrow4, score_arrow5, score_arrow6) values ('5830', '972', '4', '7', '7', '6', '3', '2', '1');
insert into EndScores (end_id, range_score_id, end_number, score_arrow1, score_arrow2, score_arrow3, score_arrow4, score_arrow5, score_arrow6) values ('5831', '972', '5', '9', '5', '2', '2', '0', '0');
insert into EndScores (end_id, range_score_id, end_number, score_arrow1, score_arrow2, score_arrow3, score_arrow4, score_arrow5, score_arrow6) values ('5832', '972', '6', '6', '4', '4', '4', '3', '0');
insert into CompetitionEnrolments (archer_id, competition_id) values ('246', '18');
insert into RoundScores (round_score_id, archer_id, competition_id, round_score_date_time, equipment_id, round_def_id, total_score, category_id) values ('244', '246', '18', '2023-04-23 11:24:4.779', 'C', '3', '681', '18');
insert into RangeScores (range_score_id, round_score_id, round_range_id) values ('973', '244', '9');
insert into EndScores (end_id, range_score_id, end_number, score_arrow1, score_arrow2, score_arrow3, score_arrow4, score_arrow5, score_arrow6) values ('5833', '973', '1', '6', '4', '4', '4', '2', '0');
insert into EndScores (end_id, range_score_id, end_number, score_arrow1, score_arrow2, score_arrow3, score_arrow4, score_arrow5, score_arrow6) values ('5834', '973', '2', '8', '5', '2', '2', '1', '0');
insert into EndScores (end_id, range_score_id, end_number, score_arrow1, score_arrow2, score_arrow3, score_arrow4, score_arrow5, score_arrow6) values ('5835', '973', '3', '9', '8', '6', '5', '2', '1');
insert into EndScores (end_id, range_score_id, end_number, score_arrow1, score_arrow2, score_arrow3, score_arrow4, score_arrow5, score_arrow6) values ('5836', '973', '4', '9', '7', '6', '5', '4', '0');
insert into EndScores (end_id, range_score_id, end_number, score_arrow1, score_arrow2, score_arrow3, score_arrow4, score_arrow5, score_arrow6) values ('5837', '973', '5', '8', '7', '7', '4', '4', '1');
insert into EndScores (end_id, range_score_id, end_number, score_arrow1, score_arrow2, score_arrow3, score_arrow4, score_arrow5, score_arrow6) values ('5838', '973', '6', '9', '9', '7', '2', '0', '0');
insert into RangeScores (range_score_id, round_score_id, round_range_id) values ('974', '244', '10');
insert into EndScores (end_id, range_score_id, end_number, score_arrow1, score_arrow2, score_arrow3, score_arrow4, score_arrow5, score_arrow6) values ('5839', '974', '1', '8', '7', '2', '2', '1', '1');
insert into EndScores (end_id, range_score_id, end_number, score_arrow1, score_arrow2, score_arrow3, score_arrow4, score_arrow5, score_arrow6) values ('5840', '974', '2', '7', '6', '6', '6', '0', '0');
insert into EndScores (end_id, range_score_id, end_number, score_arrow1, score_arrow2, score_arrow3, score_arrow4, score_arrow5, score_arrow6) values ('5841', '974', '3', '8', '8', '6', '5', '3', '0');
insert into EndScores (end_id, range_score_id, end_number, score_arrow1, score_arrow2, score_arrow3, score_arrow4, score_arrow5, score_arrow6) values ('5842', '974', '4', '9', '9', '8', '7', '5', '4');
insert into EndScores (end_id, range_score_id, end_number, score_arrow1, score_arrow2, score_arrow3, score_arrow4, score_arrow5, score_arrow6) values ('5843', '974', '5', '7', '7', '7', '6', '5', '3');
insert into EndScores (end_id, range_score_id, end_number, score_arrow1, score_arrow2, score_arrow3, score_arrow4, score_arrow5, score_arrow6) values ('5844', '974', '6', '6', '5', '5', '3', '3', '2');
insert into RangeScores (range_score_id, round_score_id, round_range_id) values ('975', '244', '11');
insert into EndScores (end_id, range_score_id, end_number, score_arrow1, score_arrow2, score_arrow3, score_arrow4, score_arrow5, score_arrow6) values ('5845', '975', '1', '8', '8', '7', '5', '5', '0');
insert into EndScores (end_id, range_score_id, end_number, score_arrow1, score_arrow2, score_arrow3, score_arrow4, score_arrow5, score_arrow6) values ('5846', '975', '2', '7', '6', '3', '2', '1', '1');
insert into EndScores (end_id, range_score_id, end_number, score_arrow1, score_arrow2, score_arrow3, score_arrow4, score_arrow5, score_arrow6) values ('5847', '975', '3', '8', '7', '4', '3', '3', '0');
insert into EndScores (end_id, range_score_id, end_number, score_arrow1, score_arrow2, score_arrow3, score_arrow4, score_arrow5, score_arrow6) values ('5848', '975', '4', '8', '8', '5', '3', '3', '3');
insert into EndScores (end_id, range_score_id, end_number, score_arrow1, score_arrow2, score_arrow3, score_arrow4, score_arrow5, score_arrow6) values ('5849', '975', '5', '8', '8', '5', '5', '4', '1');
insert into EndScores (end_id, range_score_id, end_number, score_arrow1, score_arrow2, score_arrow3, score_arrow4, score_arrow5, score_arrow6) values ('5850', '975', '6', '4', '2', '2', '2', '1', '1');
insert into RangeScores (range_score_id, round_score_id, round_range_id) values ('976', '244', '12');
insert into EndScores (end_id, range_score_id, end_number, score_arrow1, score_arrow2, score_arrow3, score_arrow4, score_arrow5, score_arrow6) values ('5851', '976', '1', '9', '8', '7', '5', '4', '4');
insert into EndScores (end_id, range_score_id, end_number, score_arrow1, score_arrow2, score_arrow3, score_arrow4, score_arrow5, score_arrow6) values ('5852', '976', '2', '9', '8', '6', '6', '1', '1');
insert into EndScores (end_id, range_score_id, end_number, score_arrow1, score_arrow2, score_arrow3, score_arrow4, score_arrow5, score_arrow6) values ('5853', '976', '3', '9', '9', '6', '3', '2', '0');
insert into EndScores (end_id, range_score_id, end_number, score_arrow1, score_arrow2, score_arrow3, score_arrow4, score_arrow5, score_arrow6) values ('5854', '976', '4', '9', '9', '9', '9', '7', '2');
insert into EndScores (end_id, range_score_id, end_number, score_arrow1, score_arrow2, score_arrow3, score_arrow4, score_arrow5, score_arrow6) values ('5855', '976', '5', '8', '6', '6', '4', '3', '0');
insert into EndScores (end_id, range_score_id, end_number, score_arrow1, score_arrow2, score_arrow3, score_arrow4, score_arrow5, score_arrow6) values ('5856', '976', '6', '9', '8', '7', '1', '1', '0');
insert into CompetitionEnrolments (archer_id, competition_id) values ('247', '17');
insert into RoundScores (round_score_id, archer_id, competition_id, round_score_date_time, equipment_id, round_def_id, total_score, category_id) values ('245', '247', '17', '2023-04-23 10:16:37.224', 'R', '3', '558', '17');
insert into RangeScores (range_score_id, round_score_id, round_range_id) values ('977', '245', '9');
insert into EndScores (end_id, range_score_id, end_number, score_arrow1, score_arrow2, score_arrow3, score_arrow4, score_arrow5, score_arrow6) values ('5857', '977', '1', '7', '7', '5', '1', '0', '0');
insert into EndScores (end_id, range_score_id, end_number, score_arrow1, score_arrow2, score_arrow3, score_arrow4, score_arrow5, score_arrow6) values ('5858', '977', '2', '9', '7', '6', '2', '1', '0');
insert into EndScores (end_id, range_score_id, end_number, score_arrow1, score_arrow2, score_arrow3, score_arrow4, score_arrow5, score_arrow6) values ('5859', '977', '3', '4', '4', '2', '2', '2', '2');
insert into EndScores (end_id, range_score_id, end_number, score_arrow1, score_arrow2, score_arrow3, score_arrow4, score_arrow5, score_arrow6) values ('5860', '977', '4', '6', '5', '3', '2', '1', '0');
insert into EndScores (end_id, range_score_id, end_number, score_arrow1, score_arrow2, score_arrow3, score_arrow4, score_arrow5, score_arrow6) values ('5861', '977', '5', '4', '3', '1', '0', '0', '0');
insert into EndScores (end_id, range_score_id, end_number, score_arrow1, score_arrow2, score_arrow3, score_arrow4, score_arrow5, score_arrow6) values ('5862', '977', '6', '9', '9', '9', '3', '3', '1');
insert into RangeScores (range_score_id, round_score_id, round_range_id) values ('978', '245', '10');
insert into EndScores (end_id, range_score_id, end_number, score_arrow1, score_arrow2, score_arrow3, score_arrow4, score_arrow5, score_arrow6) values ('5863', '978', '1', '9', '6', '5', '2', '1', '1');
insert into EndScores (end_id, range_score_id, end_number, score_arrow1, score_arrow2, score_arrow3, score_arrow4, score_arrow5, score_arrow6) values ('5864', '978', '2', '9', '6', '4', '3', '2', '2');
insert into EndScores (end_id, range_score_id, end_number, score_arrow1, score_arrow2, score_arrow3, score_arrow4, score_arrow5, score_arrow6) values ('5865', '978', '3', '6', '5', '5', '5', '5', '1');
insert into EndScores (end_id, range_score_id, end_number, score_arrow1, score_arrow2, score_arrow3, score_arrow4, score_arrow5, score_arrow6) values ('5866', '978', '4', '7', '7', '6', '5', '5', '1');
insert into EndScores (end_id, range_score_id, end_number, score_arrow1, score_arrow2, score_arrow3, score_arrow4, score_arrow5, score_arrow6) values ('5867', '978', '5', '8', '4', '4', '3', '3', '1');
insert into EndScores (end_id, range_score_id, end_number, score_arrow1, score_arrow2, score_arrow3, score_arrow4, score_arrow5, score_arrow6) values ('5868', '978', '6', '9', '4', '2', '0', '0', '0');
insert into RangeScores (range_score_id, round_score_id, round_range_id) values ('979', '245', '11');
insert into EndScores (end_id, range_score_id, end_number, score_arrow1, score_arrow2, score_arrow3, score_arrow4, score_arrow5, score_arrow6) values ('5869', '979', '1', '9', '3', '2', '2', '1', '0');
insert into EndScores (end_id, range_score_id, end_number, score_arrow1, score_arrow2, score_arrow3, score_arrow4, score_arrow5, score_arrow6) values ('5870', '979', '2', '5', '4', '4', '2', '2', '0');
insert into EndScores (end_id, range_score_id, end_number, score_arrow1, score_arrow2, score_arrow3, score_arrow4, score_arrow5, score_arrow6) values ('5871', '979', '3', '8', '8', '6', '3', '1', '1');
insert into EndScores (end_id, range_score_id, end_number, score_arrow1, score_arrow2, score_arrow3, score_arrow4, score_arrow5, score_arrow6) values ('5872', '979', '4', '9', '7', '6', '5', '2', '1');
insert into EndScores (end_id, range_score_id, end_number, score_arrow1, score_arrow2, score_arrow3, score_arrow4, score_arrow5, score_arrow6) values ('5873', '979', '5', '9', '9', '6', '4', '3', '0');
insert into EndScores (end_id, range_score_id, end_number, score_arrow1, score_arrow2, score_arrow3, score_arrow4, score_arrow5, score_arrow6) values ('5874', '979', '6', '8', '5', '5', '2', '1', '0');
insert into RangeScores (range_score_id, round_score_id, round_range_id) values ('980', '245', '12');
insert into EndScores (end_id, range_score_id, end_number, score_arrow1, score_arrow2, score_arrow3, score_arrow4, score_arrow5, score_arrow6) values ('5875', '980', '1', '9', '8', '8', '7', '2', '2');
insert into EndScores (end_id, range_score_id, end_number, score_arrow1, score_arrow2, score_arrow3, score_arrow4, score_arrow5, score_arrow6) values ('5876', '980', '2', '9', '6', '3', '2', '1', '1');
insert into EndScores (end_id, range_score_id, end_number, score_arrow1, score_arrow2, score_arrow3, score_arrow4, score_arrow5, score_arrow6) values ('5877', '980', '3', '7', '6', '5', '5', '3', '0');
insert into EndScores (end_id, range_score_id, end_number, score_arrow1, score_arrow2, score_arrow3, score_arrow4, score_arrow5, score_arrow6) values ('5878', '980', '4', '8', '5', '4', '1', '0', '0');
insert into EndScores (end_id, range_score_id, end_number, score_arrow1, score_arrow2, score_arrow3, score_arrow4, score_arrow5, score_arrow6) values ('5879', '980', '5', '8', '6', '4', '4', '2', '1');
insert into EndScores (end_id, range_score_id, end_number, score_arrow1, score_arrow2, score_arrow3, score_arrow4, score_arrow5, score_arrow6) values ('5880', '980', '6', '9', '4', '3', '3', '2', '1');
insert into CompetitionEnrolments (archer_id, competition_id) values ('248', '22');
insert into RoundScores (round_score_id, archer_id, competition_id, round_score_date_time, equipment_id, round_def_id, total_score, category_id) values ('246', '248', '22', '2023-04-23 16:27:31.639', 'C', '4', '635', '22');
insert into RangeScores (range_score_id, round_score_id, round_range_id) values ('981', '246', '13');
insert into EndScores (end_id, range_score_id, end_number, score_arrow1, score_arrow2, score_arrow3, score_arrow4, score_arrow5, score_arrow6) values ('5881', '981', '1', '9', '8', '7', '5', '4', '1');
insert into EndScores (end_id, range_score_id, end_number, score_arrow1, score_arrow2, score_arrow3, score_arrow4, score_arrow5, score_arrow6) values ('5882', '981', '2', '9', '7', '6', '3', '3', '0');
insert into EndScores (end_id, range_score_id, end_number, score_arrow1, score_arrow2, score_arrow3, score_arrow4, score_arrow5, score_arrow6) values ('5883', '981', '3', '9', '8', '8', '6', '3', '0');
insert into EndScores (end_id, range_score_id, end_number, score_arrow1, score_arrow2, score_arrow3, score_arrow4, score_arrow5, score_arrow6) values ('5884', '981', '4', '7', '7', '5', '3', '2', '0');
insert into EndScores (end_id, range_score_id, end_number, score_arrow1, score_arrow2, score_arrow3, score_arrow4, score_arrow5, score_arrow6) values ('5885', '981', '5', '9', '8', '3', '2', '2', '0');
insert into EndScores (end_id, range_score_id, end_number, score_arrow1, score_arrow2, score_arrow3, score_arrow4, score_arrow5, score_arrow6) values ('5886', '981', '6', '5', '4', '4', '3', '1', '1');
insert into RangeScores (range_score_id, round_score_id, round_range_id) values ('982', '246', '14');
insert into EndScores (end_id, range_score_id, end_number, score_arrow1, score_arrow2, score_arrow3, score_arrow4, score_arrow5, score_arrow6) values ('5887', '982', '1', '9', '9', '7', '7', '5', '2');
insert into EndScores (end_id, range_score_id, end_number, score_arrow1, score_arrow2, score_arrow3, score_arrow4, score_arrow5, score_arrow6) values ('5888', '982', '2', '9', '7', '3', '2', '2', '2');
insert into EndScores (end_id, range_score_id, end_number, score_arrow1, score_arrow2, score_arrow3, score_arrow4, score_arrow5, score_arrow6) values ('5889', '982', '3', '9', '6', '2', '1', '0', '0');
insert into EndScores (end_id, range_score_id, end_number, score_arrow1, score_arrow2, score_arrow3, score_arrow4, score_arrow5, score_arrow6) values ('5890', '982', '4', '8', '6', '4', '3', '0', '0');
insert into EndScores (end_id, range_score_id, end_number, score_arrow1, score_arrow2, score_arrow3, score_arrow4, score_arrow5, score_arrow6) values ('5891', '982', '5', '9', '9', '8', '3', '2', '1');
insert into EndScores (end_id, range_score_id, end_number, score_arrow1, score_arrow2, score_arrow3, score_arrow4, score_arrow5, score_arrow6) values ('5892', '982', '6', '9', '8', '4', '4', '4', '0');
insert into RangeScores (range_score_id, round_score_id, round_range_id) values ('983', '246', '15');
insert into EndScores (end_id, range_score_id, end_number, score_arrow1, score_arrow2, score_arrow3, score_arrow4, score_arrow5, score_arrow6) values ('5893', '983', '1', '4', '4', '3', '3', '2', '0');
insert into EndScores (end_id, range_score_id, end_number, score_arrow1, score_arrow2, score_arrow3, score_arrow4, score_arrow5, score_arrow6) values ('5894', '983', '2', '9', '7', '5', '3', '0', '0');
insert into EndScores (end_id, range_score_id, end_number, score_arrow1, score_arrow2, score_arrow3, score_arrow4, score_arrow5, score_arrow6) values ('5895', '983', '3', '8', '8', '5', '3', '1', '1');
insert into EndScores (end_id, range_score_id, end_number, score_arrow1, score_arrow2, score_arrow3, score_arrow4, score_arrow5, score_arrow6) values ('5896', '983', '4', '9', '4', '3', '3', '1', '0');
insert into EndScores (end_id, range_score_id, end_number, score_arrow1, score_arrow2, score_arrow3, score_arrow4, score_arrow5, score_arrow6) values ('5897', '983', '5', '9', '9', '9', '7', '5', '1');
insert into EndScores (end_id, range_score_id, end_number, score_arrow1, score_arrow2, score_arrow3, score_arrow4, score_arrow5, score_arrow6) values ('5898', '983', '6', '7', '6', '6', '4', '3', '2');
insert into RangeScores (range_score_id, round_score_id, round_range_id) values ('984', '246', '16');
insert into EndScores (end_id, range_score_id, end_number, score_arrow1, score_arrow2, score_arrow3, score_arrow4, score_arrow5, score_arrow6) values ('5899', '984', '1', '9', '8', '7', '3', '2', '2');
insert into EndScores (end_id, range_score_id, end_number, score_arrow1, score_arrow2, score_arrow3, score_arrow4, score_arrow5, score_arrow6) values ('5900', '984', '2', '9', '8', '7', '5', '5', '3');
insert into EndScores (end_id, range_score_id, end_number, score_arrow1, score_arrow2, score_arrow3, score_arrow4, score_arrow5, score_arrow6) values ('5901', '984', '3', '8', '6', '3', '3', '1', '0');
insert into EndScores (end_id, range_score_id, end_number, score_arrow1, score_arrow2, score_arrow3, score_arrow4, score_arrow5, score_arrow6) values ('5902', '984', '4', '9', '7', '3', '1', '0', '0');
insert into EndScores (end_id, range_score_id, end_number, score_arrow1, score_arrow2, score_arrow3, score_arrow4, score_arrow5, score_arrow6) values ('5903', '984', '5', '6', '5', '5', '4', '2', '2');
insert into EndScores (end_id, range_score_id, end_number, score_arrow1, score_arrow2, score_arrow3, score_arrow4, score_arrow5, score_arrow6) values ('5904', '984', '6', '6', '6', '4', '4', '2', '0');
insert into CompetitionEnrolments (archer_id, competition_id) values ('249', '14');
insert into RoundScores (round_score_id, archer_id, competition_id, round_score_date_time, equipment_id, round_def_id, total_score, category_id) values ('247', '249', '14', '2023-04-23 16:47:15.467', 'C', '3', '652', '14');
insert into RangeScores (range_score_id, round_score_id, round_range_id) values ('985', '247', '9');
insert into EndScores (end_id, range_score_id, end_number, score_arrow1, score_arrow2, score_arrow3, score_arrow4, score_arrow5, score_arrow6) values ('5905', '985', '1', '8', '7', '6', '4', '4', '1');
insert into EndScores (end_id, range_score_id, end_number, score_arrow1, score_arrow2, score_arrow3, score_arrow4, score_arrow5, score_arrow6) values ('5906', '985', '2', '9', '7', '5', '4', '0', '0');
insert into EndScores (end_id, range_score_id, end_number, score_arrow1, score_arrow2, score_arrow3, score_arrow4, score_arrow5, score_arrow6) values ('5907', '985', '3', '9', '7', '6', '6', '6', '4');
insert into EndScores (end_id, range_score_id, end_number, score_arrow1, score_arrow2, score_arrow3, score_arrow4, score_arrow5, score_arrow6) values ('5908', '985', '4', '9', '9', '7', '7', '5', '3');
insert into EndScores (end_id, range_score_id, end_number, score_arrow1, score_arrow2, score_arrow3, score_arrow4, score_arrow5, score_arrow6) values ('5909', '985', '5', '7', '4', '3', '2', '0', '0');
insert into EndScores (end_id, range_score_id, end_number, score_arrow1, score_arrow2, score_arrow3, score_arrow4, score_arrow5, score_arrow6) values ('5910', '985', '6', '7', '5', '4', '4', '2', '1');
insert into RangeScores (range_score_id, round_score_id, round_range_id) values ('986', '247', '10');
insert into EndScores (end_id, range_score_id, end_number, score_arrow1, score_arrow2, score_arrow3, score_arrow4, score_arrow5, score_arrow6) values ('5911', '986', '1', '6', '5', '2', '1', '1', '1');
insert into EndScores (end_id, range_score_id, end_number, score_arrow1, score_arrow2, score_arrow3, score_arrow4, score_arrow5, score_arrow6) values ('5912', '986', '2', '9', '6', '5', '2', '2', '1');
insert into EndScores (end_id, range_score_id, end_number, score_arrow1, score_arrow2, score_arrow3, score_arrow4, score_arrow5, score_arrow6) values ('5913', '986', '3', '9', '8', '6', '1', '0', '0');
insert into EndScores (end_id, range_score_id, end_number, score_arrow1, score_arrow2, score_arrow3, score_arrow4, score_arrow5, score_arrow6) values ('5914', '986', '4', '7', '5', '4', '3', '0', '0');
insert into EndScores (end_id, range_score_id, end_number, score_arrow1, score_arrow2, score_arrow3, score_arrow4, score_arrow5, score_arrow6) values ('5915', '986', '5', '8', '7', '4', '3', '1', '1');
insert into EndScores (end_id, range_score_id, end_number, score_arrow1, score_arrow2, score_arrow3, score_arrow4, score_arrow5, score_arrow6) values ('5916', '986', '6', '8', '8', '7', '6', '5', '2');
insert into RangeScores (range_score_id, round_score_id, round_range_id) values ('987', '247', '11');
insert into EndScores (end_id, range_score_id, end_number, score_arrow1, score_arrow2, score_arrow3, score_arrow4, score_arrow5, score_arrow6) values ('5917', '987', '1', '9', '8', '6', '6', '5', '3');
insert into EndScores (end_id, range_score_id, end_number, score_arrow1, score_arrow2, score_arrow3, score_arrow4, score_arrow5, score_arrow6) values ('5918', '987', '2', '7', '6', '4', '3', '3', '2');
insert into EndScores (end_id, range_score_id, end_number, score_arrow1, score_arrow2, score_arrow3, score_arrow4, score_arrow5, score_arrow6) values ('5919', '987', '3', '9', '3', '3', '2', '2', '1');
insert into EndScores (end_id, range_score_id, end_number, score_arrow1, score_arrow2, score_arrow3, score_arrow4, score_arrow5, score_arrow6) values ('5920', '987', '4', '9', '8', '6', '4', '3', '2');
insert into EndScores (end_id, range_score_id, end_number, score_arrow1, score_arrow2, score_arrow3, score_arrow4, score_arrow5, score_arrow6) values ('5921', '987', '5', '9', '7', '5', '5', '3', '0');
insert into EndScores (end_id, range_score_id, end_number, score_arrow1, score_arrow2, score_arrow3, score_arrow4, score_arrow5, score_arrow6) values ('5922', '987', '6', '9', '9', '8', '4', '2', '1');
insert into RangeScores (range_score_id, round_score_id, round_range_id) values ('988', '247', '12');
insert into EndScores (end_id, range_score_id, end_number, score_arrow1, score_arrow2, score_arrow3, score_arrow4, score_arrow5, score_arrow6) values ('5923', '988', '1', '9', '6', '6', '6', '4', '1');
insert into EndScores (end_id, range_score_id, end_number, score_arrow1, score_arrow2, score_arrow3, score_arrow4, score_arrow5, score_arrow6) values ('5924', '988', '2', '7', '5', '4', '3', '1', '0');
insert into EndScores (end_id, range_score_id, end_number, score_arrow1, score_arrow2, score_arrow3, score_arrow4, score_arrow5, score_arrow6) values ('5925', '988', '3', '5', '4', '3', '2', '1', '0');
insert into EndScores (end_id, range_score_id, end_number, score_arrow1, score_arrow2, score_arrow3, score_arrow4, score_arrow5, score_arrow6) values ('5926', '988', '4', '8', '7', '7', '6', '5', '3');
insert into EndScores (end_id, range_score_id, end_number, score_arrow1, score_arrow2, score_arrow3, score_arrow4, score_arrow5, score_arrow6) values ('5927', '988', '5', '9', '8', '4', '3', '2', '2');
insert into EndScores (end_id, range_score_id, end_number, score_arrow1, score_arrow2, score_arrow3, score_arrow4, score_arrow5, score_arrow6) values ('5928', '988', '6', '9', '7', '6', '5', '2', '0');
insert into CompetitionEnrolments (archer_id, competition_id) values ('250', '6');
insert into RoundScores (round_score_id, archer_id, competition_id, round_score_date_time, equipment_id, round_def_id, total_score, category_id) values ('248', '250', '6', '2023-04-23 15:1:27.561', 'C', '2', '629', '6');
insert into RangeScores (range_score_id, round_score_id, round_range_id) values ('989', '248', '5');
insert into EndScores (end_id, range_score_id, end_number, score_arrow1, score_arrow2, score_arrow3, score_arrow4, score_arrow5, score_arrow6) values ('5929', '989', '1', '9', '7', '7', '3', '2', '1');
insert into EndScores (end_id, range_score_id, end_number, score_arrow1, score_arrow2, score_arrow3, score_arrow4, score_arrow5, score_arrow6) values ('5930', '989', '2', '9', '5', '4', '4', '1', '0');
insert into EndScores (end_id, range_score_id, end_number, score_arrow1, score_arrow2, score_arrow3, score_arrow4, score_arrow5, score_arrow6) values ('5931', '989', '3', '9', '8', '7', '6', '2', '1');
insert into EndScores (end_id, range_score_id, end_number, score_arrow1, score_arrow2, score_arrow3, score_arrow4, score_arrow5, score_arrow6) values ('5932', '989', '4', '8', '7', '6', '5', '1', '0');
insert into EndScores (end_id, range_score_id, end_number, score_arrow1, score_arrow2, score_arrow3, score_arrow4, score_arrow5, score_arrow6) values ('5933', '989', '5', '9', '9', '8', '3', '2', '1');
insert into EndScores (end_id, range_score_id, end_number, score_arrow1, score_arrow2, score_arrow3, score_arrow4, score_arrow5, score_arrow6) values ('5934', '989', '6', '7', '5', '4', '2', '0', '0');
insert into RangeScores (range_score_id, round_score_id, round_range_id) values ('990', '248', '6');
insert into EndScores (end_id, range_score_id, end_number, score_arrow1, score_arrow2, score_arrow3, score_arrow4, score_arrow5, score_arrow6) values ('5935', '990', '1', '9', '8', '8', '3', '1', '1');
insert into EndScores (end_id, range_score_id, end_number, score_arrow1, score_arrow2, score_arrow3, score_arrow4, score_arrow5, score_arrow6) values ('5936', '990', '2', '8', '6', '5', '2', '2', '0');
insert into EndScores (end_id, range_score_id, end_number, score_arrow1, score_arrow2, score_arrow3, score_arrow4, score_arrow5, score_arrow6) values ('5937', '990', '3', '7', '4', '4', '2', '1', '0');
insert into EndScores (end_id, range_score_id, end_number, score_arrow1, score_arrow2, score_arrow3, score_arrow4, score_arrow5, score_arrow6) values ('5938', '990', '4', '8', '8', '7', '4', '4', '0');
insert into EndScores (end_id, range_score_id, end_number, score_arrow1, score_arrow2, score_arrow3, score_arrow4, score_arrow5, score_arrow6) values ('5939', '990', '5', '9', '7', '6', '5', '3', '0');
insert into EndScores (end_id, range_score_id, end_number, score_arrow1, score_arrow2, score_arrow3, score_arrow4, score_arrow5, score_arrow6) values ('5940', '990', '6', '8', '7', '7', '4', '3', '2');
insert into RangeScores (range_score_id, round_score_id, round_range_id) values ('991', '248', '7');
insert into EndScores (end_id, range_score_id, end_number, score_arrow1, score_arrow2, score_arrow3, score_arrow4, score_arrow5, score_arrow6) values ('5941', '991', '1', '5', '4', '3', '2', '1', '0');
insert into EndScores (end_id, range_score_id, end_number, score_arrow1, score_arrow2, score_arrow3, score_arrow4, score_arrow5, score_arrow6) values ('5942', '991', '2', '9', '9', '9', '4', '0', '0');
insert into EndScores (end_id, range_score_id, end_number, score_arrow1, score_arrow2, score_arrow3, score_arrow4, score_arrow5, score_arrow6) values ('5943', '991', '3', '8', '5', '5', '4', '3', '2');
insert into EndScores (end_id, range_score_id, end_number, score_arrow1, score_arrow2, score_arrow3, score_arrow4, score_arrow5, score_arrow6) values ('5944', '991', '4', '9', '8', '8', '5', '3', '2');
insert into EndScores (end_id, range_score_id, end_number, score_arrow1, score_arrow2, score_arrow3, score_arrow4, score_arrow5, score_arrow6) values ('5945', '991', '5', '8', '7', '4', '1', '0', '0');
insert into EndScores (end_id, range_score_id, end_number, score_arrow1, score_arrow2, score_arrow3, score_arrow4, score_arrow5, score_arrow6) values ('5946', '991', '6', '9', '3', '2', '1', '0', '0');
insert into RangeScores (range_score_id, round_score_id, round_range_id) values ('992', '248', '8');
insert into EndScores (end_id, range_score_id, end_number, score_arrow1, score_arrow2, score_arrow3, score_arrow4, score_arrow5, score_arrow6) values ('5947', '992', '1', '8', '8', '8', '3', '2', '1');
insert into EndScores (end_id, range_score_id, end_number, score_arrow1, score_arrow2, score_arrow3, score_arrow4, score_arrow5, score_arrow6) values ('5948', '992', '2', '8', '8', '8', '4', '1', '0');
insert into EndScores (end_id, range_score_id, end_number, score_arrow1, score_arrow2, score_arrow3, score_arrow4, score_arrow5, score_arrow6) values ('5949', '992', '3', '8', '8', '7', '6', '5', '4');
insert into EndScores (end_id, range_score_id, end_number, score_arrow1, score_arrow2, score_arrow3, score_arrow4, score_arrow5, score_arrow6) values ('5950', '992', '4', '7', '6', '5', '3', '2', '0');
insert into EndScores (end_id, range_score_id, end_number, score_arrow1, score_arrow2, score_arrow3, score_arrow4, score_arrow5, score_arrow6) values ('5951', '992', '5', '9', '4', '3', '2', '1', '1');
insert into EndScores (end_id, range_score_id, end_number, score_arrow1, score_arrow2, score_arrow3, score_arrow4, score_arrow5, score_arrow6) values ('5952', '992', '6', '6', '4', '4', '3', '2', '2');
